path	size_gb	disk_gb	phase	klass	is_symlink	sample_guess	in_catalog	slice_exists	reclaimable	regenerable	bam_url	note
work/phase7/partition_eval/substrates/ccRCC/donors/RCC112/bam/ATAC_RCC112_possorted_bam.bam	50.25	50.25	phase7	full	False	ATAC_RCC112	True	True	True	True	https://ftp.sra.ebi.ac.uk/vol1/run/SRR163/SRR16304017/atac_possorted_bam.bam	
work/phase8/celltruth/gb1_bmmc_s4d8/bmmc_s4d8_ds.bam	46.52	46.52	phase8	intermediate	False	bmmc_s4d8	True	False	True	True	https://ftp.sra.ebi.ac.uk/vol1/srr/SRR280/050/SRR28019850/s4_possorted_bam.bam	
work/phase8/celltruth/redeem/penter_decoy/collated.bam	37.35	37.35	phase8	intermediate	False	penter	True	False	True	True	https://ftp.sra.ebi.ac.uk/vol1/run/SRR163/SRR16304017/atac_possorted_bam.bam	
work/phase8/celltruth/redeem/penter_cll6_2_decoy/collated.bam	34.51	34.51	phase8	intermediate	False	penter_cll6_2	True	False	True	True	https://ftp.sra.ebi.ac.uk/vol1/run/SRR163/SRR16304017/atac_possorted_bam.bam	
work/phase4/derop/standard_count/outs/possorted_bam.bam	33.42	33.42	phase4	full	False	standard	True	False	True	True	https://ftp.sra.ebi.ac.uk/vol1/run/SRR163/SRR16304017/atac_possorted_bam.bam	
work/phase8/celltruth/scan_bmmc_s4d1/collated.bam	32.72	32.72	phase8	intermediate	False	scan_bmmc_s4d1	True	False	True	True	https://ftp.sra.ebi.ac.uk/vol1/srr/SRR280/050/SRR28019850/s4_possorted_bam.bam	
work/phase7/partition_eval/substrates/ccRCC/bams/RCC86_possorted.bam	30.62	30.62	phase7	full	False	RCC86	True	True	True	True	https://ftp.sra.ebi.ac.uk/vol1/run/SRR163/SRR16304017/atac_possorted_bam.bam	
work/phase1/tierb/arc_mtdogma_GSE217450/outs/atac_possorted_bam.bam	26.88	26.88	phase1	full	False	atac	False	False	True	False		
work/phase7/partition_eval/substrates/ccRCC/bams/RCC106_possorted.bam	24.86	24.86	phase7	full	False	RCC106	True	True	True	True	https://ftp.sra.ebi.ac.uk/vol1/run/SRR163/SRR16304017/atac_possorted_bam.bam	
work/phase8/celltruth/scan_bmmc_s3d3/collated.bam	23.1	23.1	phase8	intermediate	False	scan_bmmc_s3d3	True	False	True	True	https://ftp.sra.ebi.ac.uk/vol1/run/SRR163/SRR16304017/atac_possorted_bam.bam	
work/phase11/phaseA/glioma_4021_possorted.bam	23.09	23.09	phase11	full	False	glioma_4021	True	False	True	True	https://ftp.sra.ebi.ac.uk/vol1/run/SRR163/SRR16304017/atac_possorted_bam.bam	
work/phase4/derop/enriched_count/outs/possorted_bam.bam	22.23	22.23	phase4	full	False	enriched	True	False	True	True	https://ftp.sra.ebi.ac.uk/vol1/run/SRR163/SRR16304017/atac_possorted_bam.bam	
work/phase11/phaseA/glioma_2937_possorted.bam	21.0	21.0	phase11	full	False	glioma_2937	True	False	True	True	https://ftp.sra.ebi.ac.uk/vol1/run/SRR163/SRR16304017/atac_possorted_bam.bam	
work/phase8/celltruth/scan_bmmc_s1d1/collated.bam	20.79	20.79	phase8	intermediate	False	scan_bmmc_s1d1	True	False	True	True	https://ftp.sra.ebi.ac.uk/vol1/run/SRR163/SRR16304017/atac_possorted_bam.bam	
work/phase1/tierb/arc_mtdogma_GSE217450/outs/gex_possorted_bam.bam	20.5	20.5	phase1	full	False	gex	True	False	True	True	https://ftp.sra.ebi.ac.uk/vol1/run/SRR163/SRR16304017/atac_possorted_bam.bam	
work/phase8/celltruth/scan_bmmc_s4d9/collated.bam	19.29	19.29	phase8	intermediate	False	scan_bmmc_s4d9	True	False	True	True	https://ftp.sra.ebi.ac.uk/vol1/srr/SRR280/050/SRR28019850/s4_possorted_bam.bam	
work/phase8/celltruth/scan_bmmc_s3d10/collated.bam	18.05	18.05	phase8	intermediate	False	scan_bmmc_s3d10	True	False	True	True	https://ftp.sra.ebi.ac.uk/vol1/run/SRR163/SRR16304017/atac_possorted_bam.bam	
work/phase8/celltruth/scan_bmmc_s2d4/collated.bam	16.08	16.08	phase8	intermediate	False	scan_bmmc_s2d4	True	False	True	True	https://ftp.sra.ebi.ac.uk/vol1/run/SRR163/SRR16304017/atac_possorted_bam.bam	
work/phase8/celltruth/redeem/cr_penter_cll6_2/count/outs/possorted_bam.bam	15.72	15.72	phase8	full	False	cr_penter_cll6_2	True	False	True	True	https://ftp.sra.ebi.ac.uk/vol1/run/SRR163/SRR16304017/atac_possorted_bam.bam	
work/phase4/reh/reh_atac_count/outs/possorted_bam.bam	15.66	15.66	phase4	full	False	reh_atac	True	False	True	True	https://ftp.sra.ebi.ac.uk/vol1/run/SRR163/SRR16304017/atac_possorted_bam.bam	
work/phase8/celltruth/scan_bmmc_s1d2/collated.bam	15.17	15.17	phase8	intermediate	False	scan_bmmc_s1d2	True	False	True	True	https://ftp.sra.ebi.ac.uk/vol1/run/SRR163/SRR16304017/atac_possorted_bam.bam	
work/phase8/celltruth/scan_bmmc_s3d7/collated.bam	11.94	11.94	phase8	intermediate	False	scan_bmmc_s3d7	True	False	True	True	https://ftp.sra.ebi.ac.uk/vol1/run/SRR163/SRR16304017/atac_possorted_bam.bam	
work/phase8/celltruth/redeem/cr_penter_cll9_2/count/outs/possorted_bam.bam	10.8	10.8	phase8	full	False	cr_penter_cll9_2	True	False	True	True	https://ftp.sra.ebi.ac.uk/vol1/run/SRR163/SRR16304017/atac_possorted_bam.bam	
work/phase8/celltruth/gb1_bmmc_s4d8/bmmc_s4d8_ds20.bam	9.3	9.3	phase8	intermediate	False	bmmc_s4d8	True	False	True	True	https://ftp.sra.ebi.ac.uk/vol1/srr/SRR280/050/SRR28019850/s4_possorted_bam.bam	
work/phase4/reh/wgs/reh_wgs_chrMdecoy.bam	9.16	9.16	phase4	other	False	reh_wgs_chrMdecoy	True	False	False	True	https://ftp.sra.ebi.ac.uk/vol1/run/SRR163/SRR16304017/atac_possorted_bam.bam	
work/phase8/celltruth/scan_bmmc_s2d5/collated.bam	8.89	8.89	phase8	intermediate	False	scan_bmmc_s2d5	True	False	True	True	https://ftp.sra.ebi.ac.uk/vol1/run/SRR163/SRR16304017/atac_possorted_bam.bam	
work/phase8/celltruth/scan_bmmc_s2d1/collated.bam	8.47	8.47	phase8	intermediate	False	scan_bmmc_s2d1	True	False	True	True	https://ftp.sra.ebi.ac.uk/vol1/run/SRR163/SRR16304017/atac_possorted_bam.bam	
work/phase1/tierb/arc_lung_COB11_GSE319044/outs/atac_possorted_bam.bam	7.13	7.13	phase1	full	False	atac	False	False	True	False		
work/phase8/celltruth/gb1_bmmc_s4d8/realigned.bam	7.04	7.04	phase8	intermediate	False	gb1_bmmc_s4d8	True	False	True	True	https://ftp.sra.ebi.ac.uk/vol1/srr/SRR280/050/SRR28019850/s4_possorted_bam.bam	
work/phase8/celltruth/gb1_bmmc_s4d8/realigned_chrM.bam	6.89	6.89	phase8	slice	False	gb1_bmmc_s4d8	True	False	False	True	https://ftp.sra.ebi.ac.uk/vol1/srr/SRR280/050/SRR28019850/s4_possorted_bam.bam	
work/phase1/work/8k_mouse_cortex/8k_mouse_cortex_chrM.bam	4.94	4.94	phase1	slice	False	8k_mouse_cortex	True	False	False	True	https://ftp.sra.ebi.ac.uk/vol1/run/SRR163/SRR16304017/atac_possorted_bam.bam	
work/phase8/celltruth/scan_bmmc_s4d1/bmmc_s4d1.chrM.bam	4.85	4.85	phase8	slice	False	bmmc_s4d1	True	False	False	True	https://ftp.sra.ebi.ac.uk/vol1/srr/SRR280/050/SRR28019850/s4_possorted_bam.bam	
work/phase8/celltruth/scan_bmmc_s4d1/realigned.bam	4.71	4.71	phase8	intermediate	False	scan_bmmc_s4d1	True	False	True	True	https://ftp.sra.ebi.ac.uk/vol1/srr/SRR280/050/SRR28019850/s4_possorted_bam.bam	
work/phase8/celltruth/scan_bmmc_s4d1/realigned_chrM.bam	4.62	4.62	phase8	slice	False	scan_bmmc_s4d1	True	False	False	True	https://ftp.sra.ebi.ac.uk/vol1/srr/SRR280/050/SRR28019850/s4_possorted_bam.bam	
work/phase8/celltruth/redeem/penter_decoy/realigned.bam	4.03	4.03	phase8	intermediate	False	penter	True	False	True	True	https://ftp.sra.ebi.ac.uk/vol1/run/SRR163/SRR16304017/atac_possorted_bam.bam	
work/phase8/celltruth/scan_bmmc_s3d6/collated.bam	4.01	4.01	phase8	intermediate	False	scan_bmmc_s3d6	True	False	True	True	https://ftp.sra.ebi.ac.uk/vol1/run/SRR163/SRR16304017/atac_possorted_bam.bam	
work/phase8/celltruth/redeem/penter_decoy/realigned_chrM.bam	3.93	3.93	phase8	slice	False	penter	True	False	False	True	https://ftp.sra.ebi.ac.uk/vol1/run/SRR163/SRR16304017/atac_possorted_bam.bam	
work/phase1/tierb/mtdogma_GSE217450_arc_chrM.bam	3.92	3.92	phase1	slice	False	mtdogma_GSE217450	True	False	False	True	https://ftp.sra.ebi.ac.uk/vol1/run/SRR163/SRR16304017/atac_possorted_bam.bam	
work/phase8/celltruth/redeem/penter_cll6_2_decoy/realigned.bam	3.76	3.76	phase8	intermediate	False	penter_cll6_2	True	False	True	True	https://ftp.sra.ebi.ac.uk/vol1/run/SRR163/SRR16304017/atac_possorted_bam.bam	
work/phase1/tierb/arc_lung_COB11_GSE319044/outs/gex_possorted_bam.bam	3.7	3.7	phase1	full	False	gex	True	False	True	True	https://ftp.sra.ebi.ac.uk/vol1/run/SRR163/SRR16304017/atac_possorted_bam.bam	
work/phase8/celltruth/redeem/penter_cll6_2_decoy/realigned_chrM.bam	3.67	3.67	phase8	slice	False	penter_cll6_2	True	False	False	True	https://ftp.sra.ebi.ac.uk/vol1/run/SRR163/SRR16304017/atac_possorted_bam.bam	
work/phase8/celltruth/redeem/cr_penter_cll9_2/count/outs/chrM.bam	3.67	3.67	phase8	other	False	cr_penter_cll9_2	True	False	False	True	https://ftp.sra.ebi.ac.uk/vol1/run/SRR163/SRR16304017/atac_possorted_bam.bam	
work/phase8/celltruth/redeem/cr_penter_cll6_2/count/outs/chrM.bam	3.3	3.3	phase8	other	False	cr_penter_cll6_2	True	False	False	True	https://ftp.sra.ebi.ac.uk/vol1/run/SRR163/SRR16304017/atac_possorted_bam.bam	
work/phase8/celltruth/scan_bmmc_s4d9/realigned.bam	2.64	2.64	phase8	intermediate	False	scan_bmmc_s4d9	True	False	True	True	https://ftp.sra.ebi.ac.uk/vol1/srr/SRR280/050/SRR28019850/s4_possorted_bam.bam	
work/phase8/celltruth/scan_bmmc_s4d9/bmmc_s4d9.chrM.bam	2.62	2.62	phase8	slice	False	bmmc_s4d9	True	False	False	True	https://ftp.sra.ebi.ac.uk/vol1/srr/SRR280/050/SRR28019850/s4_possorted_bam.bam	
work/phase8/celltruth/scan_bmmc_s1d1/realigned.bam	2.59	2.59	phase8	intermediate	False	scan_bmmc_s1d1	True	False	True	True	https://ftp.sra.ebi.ac.uk/vol1/run/SRR163/SRR16304017/atac_possorted_bam.bam	
work/phase8/celltruth/scan_bmmc_s4d9/realigned_chrM.bam	2.58	2.58	phase8	slice	False	scan_bmmc_s4d9	True	False	False	True	https://ftp.sra.ebi.ac.uk/vol1/srr/SRR280/050/SRR28019850/s4_possorted_bam.bam	
work/phase8/celltruth/scan_bmmc_s3d3/realigned.bam	2.57	2.57	phase8	intermediate	False	scan_bmmc_s3d3	True	False	True	True	https://ftp.sra.ebi.ac.uk/vol1/run/SRR163/SRR16304017/atac_possorted_bam.bam	
work/phase8/celltruth/scan_bmmc_s1d1/realigned_chrM.bam	2.54	2.54	phase8	slice	False	scan_bmmc_s1d1	True	False	False	True	https://ftp.sra.ebi.ac.uk/vol1/run/SRR163/SRR16304017/atac_possorted_bam.bam	
work/phase8/celltruth/scan_bmmc_s3d3/bmmc_s3d3.chrM.bam	2.54	2.54	phase8	slice	False	bmmc_s3d3	True	False	False	True	https://ftp.sra.ebi.ac.uk/vol1/run/SRR163/SRR16304017/atac_possorted_bam.bam	
work/phase8/celltruth/scan_bmmc_s3d3/realigned_chrM.bam	2.53	2.53	phase8	slice	False	scan_bmmc_s3d3	True	False	False	True	https://ftp.sra.ebi.ac.uk/vol1/run/SRR163/SRR16304017/atac_possorted_bam.bam	
work/phase8/celltruth/scan_bmmc_s1d1/bmmc_s1d1.chrM.bam	2.5	2.5	phase8	slice	False	bmmc_s1d1	True	False	False	True	https://ftp.sra.ebi.ac.uk/vol1/run/SRR163/SRR16304017/atac_possorted_bam.bam	
work/phase8/celltruth/scan_bmmc_s3d10/realigned.bam	2.03	2.03	phase8	intermediate	False	scan_bmmc_s3d10	True	False	True	True	https://ftp.sra.ebi.ac.uk/vol1/run/SRR163/SRR16304017/atac_possorted_bam.bam	
work/phase8/celltruth/scan_bmmc_s3d10/bmmc_s3d10.chrM.bam	2.01	2.01	phase8	slice	False	bmmc_s3d10	True	False	False	True	https://ftp.sra.ebi.ac.uk/vol1/run/SRR163/SRR16304017/atac_possorted_bam.bam	
work/phase8/celltruth/scan_bmmc_s3d10/realigned_chrM.bam	1.99	1.99	phase8	slice	False	scan_bmmc_s3d10	True	False	False	True	https://ftp.sra.ebi.ac.uk/vol1/run/SRR163/SRR16304017/atac_possorted_bam.bam	
work/phase8/celltruth/scan_bmmc_s1d2/realigned.bam	1.88	1.88	phase8	intermediate	False	scan_bmmc_s1d2	True	False	True	True	https://ftp.sra.ebi.ac.uk/vol1/run/SRR163/SRR16304017/atac_possorted_bam.bam	
work/phase8/celltruth/scan_bmmc_s2d4/bmmc_s2d4.chrM.bam	1.84	1.84	phase8	slice	False	bmmc_s2d4	True	False	False	True	https://ftp.sra.ebi.ac.uk/vol1/run/SRR163/SRR16304017/atac_possorted_bam.bam	
work/phase8/celltruth/scan_bmmc_s1d2/realigned_chrM.bam	1.84	1.84	phase8	slice	False	scan_bmmc_s1d2	True	False	False	True	https://ftp.sra.ebi.ac.uk/vol1/run/SRR163/SRR16304017/atac_possorted_bam.bam	
work/phase8/celltruth/scan_bmmc_s2d4/realigned.bam	1.83	1.83	phase8	intermediate	False	scan_bmmc_s2d4	True	False	True	True	https://ftp.sra.ebi.ac.uk/vol1/run/SRR163/SRR16304017/atac_possorted_bam.bam	
work/phase8/celltruth/scan_bmmc_s1d2/bmmc_s1d2.chrM.bam	1.82	1.82	phase8	slice	False	bmmc_s1d2	True	False	False	True	https://ftp.sra.ebi.ac.uk/vol1/run/SRR163/SRR16304017/atac_possorted_bam.bam	
work/phase8/celltruth/scan_bmmc_s2d4/realigned_chrM.bam	1.8	1.8	phase8	slice	False	scan_bmmc_s2d4	True	False	False	True	https://ftp.sra.ebi.ac.uk/vol1/run/SRR163/SRR16304017/atac_possorted_bam.bam	
work/phase8/celltruth/redeem/penter_decoy/realigned_chrM_ss.bam	1.38	1.38	phase8	intermediate	False	penter	True	False	True	True	https://ftp.sra.ebi.ac.uk/vol1/run/SRR163/SRR16304017/atac_possorted_bam.bam	
work/phase1/work/lymph_node_lymphoma_14k/lymph_node_lymphoma_14k_chrM.bam	1.38	1.38	phase1	slice	False	lymph_node_lymphoma_14k	True	False	False	True	https://ftp.sra.ebi.ac.uk/vol1/run/SRR163/SRR16304017/atac_possorted_bam.bam	
work/phase8/celltruth/redeem/penter_cll6_2_decoy/realigned_chrM_ss.bam	1.29	1.29	phase8	intermediate	False	penter_cll6_2	True	False	True	True	https://ftp.sra.ebi.ac.uk/vol1/run/SRR163/SRR16304017/atac_possorted_bam.bam	
work/phase8/celltruth/scan_bmmc_s3d7/realigned.bam	1.27	1.27	phase8	intermediate	False	scan_bmmc_s3d7	True	False	True	True	https://ftp.sra.ebi.ac.uk/vol1/run/SRR163/SRR16304017/atac_possorted_bam.bam	
work/phase8/celltruth/scan_bmmc_s3d7/realigned_chrM.bam	1.25	1.25	phase8	slice	False	scan_bmmc_s3d7	True	False	False	True	https://ftp.sra.ebi.ac.uk/vol1/run/SRR163/SRR16304017/atac_possorted_bam.bam	
work/phase8/celltruth/scan_bmmc_s3d7/bmmc_s3d7.chrM.bam	1.25	1.25	phase8	slice	False	bmmc_s3d7	True	False	False	True	https://ftp.sra.ebi.ac.uk/vol1/run/SRR163/SRR16304017/atac_possorted_bam.bam	
work/phase4/derop/enriched_chrM.bam	1.17	1.17	phase4	slice	False	enriched	True	False	False	True	https://ftp.sra.ebi.ac.uk/vol1/run/SRR163/SRR16304017/atac_possorted_bam.bam	
work/phase12_brain/mtdna/SN2972_realigned.bam	1.08	1.08	phase12_brain	intermediate	False	SN2972	True	False	True	True	https://ftp.sra.ebi.ac.uk/vol1/run/SRR163/SRR16304017/atac_possorted_bam.bam	
work/phase13_sweep/mtdna/SN_MULTI_2972/SN_MULTI_2972_re_chrM.bam	1.03	1.03	phase13_sweep	slice	False	SN_MULTI_2972	True	True	False	True	https://ftp.sra.ebi.ac.uk/vol1/run/SRR163/SRR16304017/atac_possorted_bam.bam	
work/phase8/celltruth/scan_bmmc_s2d5/realigned.bam	1.03	1.03	phase8	intermediate	False	scan_bmmc_s2d5	True	False	True	True	https://ftp.sra.ebi.ac.uk/vol1/run/SRR163/SRR16304017/atac_possorted_bam.bam	
work/phase14_metab/mtdna/SN_MULTI_2972/SN_MULTI_2972_re_chrM.bam	1.03	1.03	phase14_metab	slice	False	SN_MULTI_2972	True	True	False	True	https://ftp.sra.ebi.ac.uk/vol1/run/SRR163/SRR16304017/atac_possorted_bam.bam	
work/phase12_brain/mtdna/SN2972_realigned_chrM.bam	1.03	1.03	phase12_brain	slice	False	SN2972	True	False	False	True	https://ftp.sra.ebi.ac.uk/vol1/run/SRR163/SRR16304017/atac_possorted_bam.bam	
work/phase8/celltruth/scan_bmmc_s2d5/realigned_chrM.bam	1.02	1.02	phase8	slice	False	scan_bmmc_s2d5	True	False	False	True	https://ftp.sra.ebi.ac.uk/vol1/run/SRR163/SRR16304017/atac_possorted_bam.bam	
work/phase8/celltruth/scan_bmmc_s2d1/bmmc_s2d1.chrM.bam	1.0	1.0	phase8	slice	False	bmmc_s2d1	True	False	False	True	https://ftp.sra.ebi.ac.uk/vol1/run/SRR163/SRR16304017/atac_possorted_bam.bam	
work/phase8/celltruth/scan_bmmc_s2d5/bmmc_s2d5.chrM.bam	1.0	1.0	phase8	slice	False	bmmc_s2d5	True	False	False	True	https://ftp.sra.ebi.ac.uk/vol1/run/SRR163/SRR16304017/atac_possorted_bam.bam	
work/phase8/celltruth/scan_bmmc_s2d1/realigned.bam	0.97	0.97	phase8	intermediate	False	scan_bmmc_s2d1	True	False	True	True	https://ftp.sra.ebi.ac.uk/vol1/run/SRR163/SRR16304017/atac_possorted_bam.bam	
work/phase8/celltruth/scan_bmmc_s2d1/realigned_chrM.bam	0.96	0.96	phase8	slice	False	scan_bmmc_s2d1	True	False	False	True	https://ftp.sra.ebi.ac.uk/vol1/run/SRR163/SRR16304017/atac_possorted_bam.bam	
work/phase4/derop/standard_chrM.bam	0.84	0.84	phase4	slice	False	standard	True	False	False	True	https://ftp.sra.ebi.ac.uk/vol1/run/SRR163/SRR16304017/atac_possorted_bam.bam	
work/phase5/mtdogma/mtdogma_chrM_ds15.bam	0.74	0.74	phase5	intermediate	False	mtdogma_chrM_ds15	True	False	True	True	https://ftp.sra.ebi.ac.uk/vol1/run/SRR163/SRR16304017/atac_possorted_bam.bam	
work/phase5/ccrcc/RCC106/RCC106_chrM.bam	0.72	0.72	phase5	slice	False	RCC106	True	True	False	True	https://ftp.sra.ebi.ac.uk/vol1/run/SRR163/SRR16304017/atac_possorted_bam.bam	
work/phase12_brain/mtdna/SN2942_realigned.bam	0.63	0.63	phase12_brain	intermediate	False	SN2942	True	False	True	True	https://ftp.sra.ebi.ac.uk/vol1/run/SRR163/SRR16304017/atac_possorted_bam.bam	
work/phase12_brain/mtdna/SN2942_realigned_chrM.bam	0.59	0.59	phase12_brain	slice	False	SN2942	True	False	False	True	https://ftp.sra.ebi.ac.uk/vol1/run/SRR163/SRR16304017/atac_possorted_bam.bam	
work/phase13_sweep/mtdna/SN_MULTI_2942/SN_MULTI_2942_re_chrM.bam	0.59	0.59	phase13_sweep	slice	False	SN_MULTI_2942	True	True	False	True	https://ftp.sra.ebi.ac.uk/vol1/run/SRR163/SRR16304017/atac_possorted_bam.bam	
work/phase14_metab/mtdna/SN_MULTI_2942/SN_MULTI_2942_re_chrM.bam	0.59	0.59	phase14_metab	slice	False	SN_MULTI_2942	True	True	False	True	https://ftp.sra.ebi.ac.uk/vol1/run/SRR163/SRR16304017/atac_possorted_bam.bam	
work/phase13_sweep/mtdna/ATAC_RCC106/ATAC_RCC106_re_chrM.bam	0.56	0.56	phase13_sweep	slice	False	ATAC_RCC106	True	True	False	True	https://ftp.sra.ebi.ac.uk/vol1/run/SRR163/SRR16304017/atac_possorted_bam.bam	
work/phase8/celltruth/scan_bmmc_s3d6/bmmc_s3d6.chrM.bam	0.53	0.53	phase8	slice	False	bmmc_s3d6	True	False	False	True	https://ftp.sra.ebi.ac.uk/vol1/run/SRR163/SRR16304017/atac_possorted_bam.bam	
work/phase8/celltruth/scan_bmmc_s3d6/realigned.bam	0.52	0.52	phase8	intermediate	False	scan_bmmc_s3d6	True	False	True	True	https://ftp.sra.ebi.ac.uk/vol1/run/SRR163/SRR16304017/atac_possorted_bam.bam	
work/phase8/celltruth/scan_bmmc_s3d6/realigned_chrM.bam	0.51	0.51	phase8	slice	False	scan_bmmc_s3d6	True	False	False	True	https://ftp.sra.ebi.ac.uk/vol1/run/SRR163/SRR16304017/atac_possorted_bam.bam	
work/phase12_brain/mtdna/SN2960_realigned.bam	0.51	0.51	phase12_brain	intermediate	False	SN2960	True	False	True	True	https://ftp.sra.ebi.ac.uk/vol1/run/SRR163/SRR16304017/atac_possorted_bam.bam	
work/phase12_brain/mtdna/SN2960_realigned_chrM.bam	0.48	0.48	phase12_brain	slice	False	SN2960	True	False	False	True	https://ftp.sra.ebi.ac.uk/vol1/run/SRR163/SRR16304017/atac_possorted_bam.bam	
work/phase14_metab/mtdna/SN_MULTI_2960/SN_MULTI_2960_re_chrM.bam	0.48	0.48	phase14_metab	slice	False	SN_MULTI_2960	True	True	False	True	https://ftp.sra.ebi.ac.uk/vol1/run/SRR163/SRR16304017/atac_possorted_bam.bam	
work/phase13_sweep/mtdna/SN_MULTI_2960/SN_MULTI_2960_re_chrM.bam	0.48	0.48	phase13_sweep	slice	False	SN_MULTI_2960	True	True	False	True	https://ftp.sra.ebi.ac.uk/vol1/run/SRR163/SRR16304017/atac_possorted_bam.bam	
work/phase1/tierb/lung_COB11_GSE319044_arc_chrM.bam	0.46	0.46	phase1	slice	False	lung_COB11_GSE319044	True	False	False	True	https://ftp.sra.ebi.ac.uk/vol1/run/SRR163/SRR16304017/atac_possorted_bam.bam	
work/qc/multiome_brain_3k/chrM.bam	0.38	0.38	qc	other	False	multiome_brain_3k	True	False	False	True	https://ftp.sra.ebi.ac.uk/vol1/run/SRR163/SRR16304017/atac_possorted_bam.bam	
work/phase4/reh/reh_atac_chrM.bam	0.36	0.36	phase4	slice	False	reh_atac	True	False	False	True	https://ftp.sra.ebi.ac.uk/vol1/run/SRR163/SRR16304017/atac_possorted_bam.bam	
work/phase13_sweep/mtdna/GBM2C/GBM2C_re_chrM.bam	0.26	0.26	phase13_sweep	slice	False	GBM2C	True	True	False	True	https://ftp.sra.ebi.ac.uk/vol1/run/SRR163/SRR16304017/atac_possorted_bam.bam	
work/phase13_sweep/mtdna/P4585_ATAC_MM/P4585_ATAC_MM_re_chrM.bam	0.26	0.26	phase13_sweep	slice	False	P4585_ATAC_MM	True	True	False	True	https://ftp.sra.ebi.ac.uk/vol1/run/SRR163/SRR16304017/atac_possorted_bam.bam	
work/phase14_metab/mtdna/MN1/MN1_re_chrM.bam	0.25	0.25	phase14_metab	slice	False	MN1	True	True	False	True	https://ftp.sra.ebi.ac.uk/vol1/run/SRR163/SRR16304017/atac_possorted_bam.bam	
work/phase14_metab/mtdna/FN3/FN3_re_chrM.bam	0.25	0.25	phase14_metab	slice	False	FN3	True	True	False	True	https://ftp.sra.ebi.ac.uk/vol1/run/SRR163/SRR16304017/atac_possorted_bam.bam	
work/phase13_sweep/mtdna/P1858_ATAC_MM/P1858_ATAC_MM_re_chrM.bam	0.25	0.25	phase13_sweep	slice	False	P1858_ATAC_MM	True	True	False	True	https://ftp.sra.ebi.ac.uk/vol1/run/SRR163/SRR16304017/atac_possorted_bam.bam	
work/phase14_metab/mtdna/MN4/MN4_re_chrM.bam	0.24	0.24	phase14_metab	slice	False	MN4	True	True	False	True	https://ftp.sra.ebi.ac.uk/vol1/run/SRR163/SRR16304017/atac_possorted_bam.bam	
work/phase14_metab/mtdna/FN1/FN1_re_chrM.bam	0.24	0.24	phase14_metab	slice	False	FN1	True	True	False	True	https://ftp.sra.ebi.ac.uk/vol1/run/SRR163/SRR16304017/atac_possorted_bam.bam	
work/phase13_sweep/mtdna/P4520_ATAC_MM/P4520_ATAC_MM_re_chrM.bam	0.24	0.24	phase13_sweep	slice	False	P4520_ATAC_MM	True	True	False	True	https://ftp.sra.ebi.ac.uk/vol1/run/SRR163/SRR16304017/atac_possorted_bam.bam	
work/phase13_sweep/mtdna/P1695_ATAC_MM/P1695_ATAC_MM_re_chrM.bam	0.24	0.24	phase13_sweep	slice	False	P1695_ATAC_MM	True	True	False	True	https://ftp.sra.ebi.ac.uk/vol1/run/SRR163/SRR16304017/atac_possorted_bam.bam	
work/phase14_metab/mtdna/MS1/MS1_re_chrM.bam	0.24	0.24	phase14_metab	slice	False	MS1	True	True	False	True	https://ftp.sra.ebi.ac.uk/vol1/run/SRR163/SRR16304017/atac_possorted_bam.bam	
work/phase14_metab/mtdna/FN2/FN2_re_chrM.bam	0.24	0.24	phase14_metab	slice	False	FN2	True	True	False	True	https://ftp.sra.ebi.ac.uk/vol1/run/SRR163/SRR16304017/atac_possorted_bam.bam	
work/phase12_pdac/mtdna/PDAC02_realigned.bam	0.24	0.24	phase12_pdac	intermediate	False	PDAC02	True	True	True	True	https://ftp.sra.ebi.ac.uk/vol1/srr/SRR327/063/SRR32728063/PDAC02_atac_possorted_bam.bam	
work/phase14_metab/mtdna/EW4_L3/EW4_L3_re_chrM.bam	0.23	0.23	phase14_metab	slice	False	EW4_L3	True	True	False	True	https://ftp.sra.ebi.ac.uk/vol1/run/SRR163/SRR16304017/atac_possorted_bam.bam	
work/phase14_metab/mtdna/FS1/FS1_re_chrM.bam	0.23	0.23	phase14_metab	slice	False	FS1	True	True	False	True	https://ftp.sra.ebi.ac.uk/vol1/run/SRR163/SRR16304017/atac_possorted_bam.bam	
work/phase14_metab/mtdna/MN2/MN2_re_chrM.bam	0.23	0.23	phase14_metab	slice	False	MN2	True	True	False	True	https://ftp.sra.ebi.ac.uk/vol1/run/SRR163/SRR16304017/atac_possorted_bam.bam	
work/phase14_metab/mtdna/FS4/FS4_re_chrM.bam	0.23	0.23	phase14_metab	slice	False	FS4	True	True	False	True	https://ftp.sra.ebi.ac.uk/vol1/srr/SRR280/050/SRR28019850/s4_possorted_bam.bam	
work/phase14_metab/mtdna/FS3/FS3_re_chrM.bam	0.23	0.23	phase14_metab	slice	False	FS3	True	True	False	True	https://ftp.sra.ebi.ac.uk/vol1/run/SRR163/SRR16304017/atac_possorted_bam.bam	
work/phase1/work/pbmc_unsorted_3k/pbmc_unsorted_3k_chrM.bam	0.23	0.23	phase1	slice	False	pbmc_unsorted_3k	True	False	False	True	https://ftp.sra.ebi.ac.uk/vol1/run/SRR163/SRR16304017/atac_possorted_bam.bam	
work/phase13_sweep/mtdna/EW5_P1/EW5_P1_re_chrM.bam	0.23	0.23	phase13_sweep	slice	False	EW5_P1	True	True	False	True	https://ftp.sra.ebi.ac.uk/vol1/run/SRR163/SRR16304017/atac_possorted_bam.bam	
work/phase13_sweep/mtdna/GBM1M/GBM1M_re_chrM.bam	0.23	0.23	phase13_sweep	slice	False	GBM1M	True	True	False	True	https://ftp.sra.ebi.ac.uk/vol1/srr/SRR319/001/SRR31962301/GBM1M_possorted_bam.bam	
work/phase13_sweep/mtdna/PDAC02/PDAC02_re_chrM.bam	0.23	0.23	phase13_sweep	slice	False	PDAC02	True	True	False	True	https://ftp.sra.ebi.ac.uk/vol1/srr/SRR327/063/SRR32728063/PDAC02_atac_possorted_bam.bam	
work/phase13_sweep/mtdna/EW4_L1/EW4_L1_re_chrM.bam	0.23	0.23	phase13_sweep	slice	False	EW4_L1	True	True	False	True	https://ftp.sra.ebi.ac.uk/vol1/run/SRR163/SRR16304017/atac_possorted_bam.bam	
work/phase5/ccrcc/RCC104/RCC104_chrM.bam	0.23	0.23	phase5	slice	False	RCC104	True	True	False	True	https://ftp.sra.ebi.ac.uk/vol1/run/SRR163/SRR16304017/atac_possorted_bam.bam	
work/phase13_sweep/mtdna/EW5_P2/EW5_P2_re_chrM.bam	0.23	0.23	phase13_sweep	slice	False	EW5_P2	True	True	False	True	https://ftp.sra.ebi.ac.uk/vol1/run/SRR163/SRR16304017/atac_possorted_bam.bam	
work/phase14_metab/mtdna/EW4_L1/EW4_L1_re_chrM.bam	0.23	0.23	phase14_metab	slice	False	EW4_L1	True	True	False	True	https://ftp.sra.ebi.ac.uk/vol1/run/SRR163/SRR16304017/atac_possorted_bam.bam	
work/phase14_metab/mtdna/PDAC02/PDAC02_re_chrM.bam	0.23	0.23	phase14_metab	slice	False	PDAC02	True	True	False	True	https://ftp.sra.ebi.ac.uk/vol1/srr/SRR327/063/SRR32728063/PDAC02_atac_possorted_bam.bam	
work/phase14_metab/mtdna/EW5_P2/EW5_P2_re_chrM.bam	0.23	0.23	phase14_metab	slice	False	EW5_P2	True	True	False	True	https://ftp.sra.ebi.ac.uk/vol1/run/SRR163/SRR16304017/atac_possorted_bam.bam	
work/phase14_metab/mtdna/EW5_P1/EW5_P1_re_chrM.bam	0.23	0.23	phase14_metab	slice	False	EW5_P1	True	True	False	True	https://ftp.sra.ebi.ac.uk/vol1/run/SRR163/SRR16304017/atac_possorted_bam.bam	
work/phase14_metab/mtdna/FS2/FS2_re_chrM.bam	0.23	0.23	phase14_metab	slice	False	FS2	True	True	False	True	https://ftp.sra.ebi.ac.uk/vol1/run/SRR163/SRR16304017/atac_possorted_bam.bam	
work/phase14_metab/mtdna/MS4/MS4_re_chrM.bam	0.23	0.23	phase14_metab	slice	False	MS4	True	True	False	True	https://ftp.sra.ebi.ac.uk/vol1/srr/SRR280/050/SRR28019850/s4_possorted_bam.bam	
work/phase12_pdac/mtdna/PDAC02_realigned_chrM.bam	0.23	0.23	phase12_pdac	slice	False	PDAC02	True	True	False	True	https://ftp.sra.ebi.ac.uk/vol1/srr/SRR327/063/SRR32728063/PDAC02_atac_possorted_bam.bam	
work/phase13_sweep/mtdna/EW4_L3/EW4_L3_re_chrM.bam	0.23	0.23	phase13_sweep	slice	False	EW4_L3	True	True	False	True	https://ftp.sra.ebi.ac.uk/vol1/run/SRR163/SRR16304017/atac_possorted_bam.bam	
work/phase14_metab/mtdna/MS3/MS3_re_chrM.bam	0.23	0.23	phase14_metab	slice	False	MS3	True	True	False	True	https://ftp.sra.ebi.ac.uk/vol1/srr/SRR257/075/SRR25736575/MS3_atac_possorted_bam.bam	
work/phase14_metab/mtdna/FN4/FN4_re_chrM.bam	0.22	0.22	phase14_metab	slice	False	FN4	True	True	False	True	https://ftp.sra.ebi.ac.uk/vol1/run/SRR163/SRR16304017/atac_possorted_bam.bam	
work/phase14_metab/mtdna/MN3/MN3_re_chrM.bam	0.22	0.22	phase14_metab	slice	False	MN3	True	True	False	True	https://ftp.sra.ebi.ac.uk/vol1/run/SRR163/SRR16304017/atac_possorted_bam.bam	
work/phase14_metab/mtdna/EW_1_Mo/EW_1_Mo_re_chrM.bam	0.2	0.2	phase14_metab	slice	False	EW_1_Mo	True	True	False	True	https://ftp.sra.ebi.ac.uk/vol1/run/SRR163/SRR16304017/atac_possorted_bam.bam	
work/phase14_metab/mtdna/Day7/Day7_re_chrM.bam	0.2	0.2	phase14_metab	slice	False	Day7	True	True	False	True	https://ftp.sra.ebi.ac.uk/vol1/run/SRR163/SRR16304017/atac_possorted_bam.bam	
work/phase13_sweep/mtdna/EW_3_Mo/EW_3_Mo_re_chrM.bam	0.2	0.2	phase13_sweep	slice	False	EW_3_Mo	True	True	False	True	https://ftp.sra.ebi.ac.uk/vol1/run/SRR163/SRR16304017/atac_possorted_bam.bam	
work/phase14_metab/mtdna/EW_3_Mo/EW_3_Mo_re_chrM.bam	0.2	0.2	phase14_metab	slice	False	EW_3_Mo	True	True	False	True	https://ftp.sra.ebi.ac.uk/vol1/run/SRR163/SRR16304017/atac_possorted_bam.bam	
work/phase13_sweep/mtdna/EW_1_Mo/EW_1_Mo_re_chrM.bam	0.2	0.2	phase13_sweep	slice	False	EW_1_Mo	True	True	False	True	https://ftp.sra.ebi.ac.uk/vol1/run/SRR163/SRR16304017/atac_possorted_bam.bam	
work/phase14_metab/mtdna/Day12/Day12_re_chrM.bam	0.19	0.19	phase14_metab	slice	False	Day12	True	True	False	True	https://ftp.sra.ebi.ac.uk/vol1/run/SRR163/SRR16304017/atac_possorted_bam.bam	
work/phase14_metab/mtdna/EW_2_Mo/EW_2_Mo_re_chrM.bam	0.19	0.19	phase14_metab	slice	False	EW_2_Mo	True	True	False	True	https://ftp.sra.ebi.ac.uk/vol1/run/SRR163/SRR16304017/atac_possorted_bam.bam	
work/phase14_metab/mtdna/Day25/Day25_re_chrM.bam	0.19	0.19	phase14_metab	slice	False	Day25	True	True	False	True	https://ftp.sra.ebi.ac.uk/vol1/run/SRR163/SRR16304017/atac_possorted_bam.bam	
work/phase14_metab/mtdna/Day19/Day19_re_chrM.bam	0.19	0.19	phase14_metab	slice	False	Day19	True	True	False	True	https://ftp.sra.ebi.ac.uk/vol1/run/SRR163/SRR16304017/atac_possorted_bam.bam	
work/phase13_sweep/mtdna/MPAL4_T1/MPAL4_T1_re_chrM.bam	0.18	0.18	phase13_sweep	slice	False	MPAL4_T1	True	True	False	True	https://ftp.sra.ebi.ac.uk/vol1/run/SRR163/SRR16304017/atac_possorted_bam.bam	
work/phase13_sweep/mtdna/ATAC_RCC104/ATAC_RCC104_re_chrM.bam	0.18	0.18	phase13_sweep	slice	False	ATAC_RCC104	True	True	False	True	https://ftp.sra.ebi.ac.uk/vol1/run/SRR163/SRR16304017/atac_possorted_bam.bam	
work/phase5/ccrcc/RCC115/RCC115_chrM.bam	0.18	0.18	phase5	slice	False	RCC115	True	True	False	True	https://ftp.sra.ebi.ac.uk/vol1/run/SRR163/SRR16304017/atac_possorted_bam.bam	
work/phase13_sweep/mtdna/MPAL1_T1/MPAL1_T1_re_chrM.bam	0.18	0.18	phase13_sweep	slice	False	MPAL1_T1	True	True	False	True	https://ftp.sra.ebi.ac.uk/vol1/run/SRR163/SRR16304017/atac_possorted_bam.bam	
work/phase13_sweep/mtdna/MPAL2_T2/MPAL2_T2_re_chrM.bam	0.17	0.17	phase13_sweep	slice	False	MPAL2_T2	True	True	False	True	https://ftp.sra.ebi.ac.uk/vol1/run/SRR163/SRR16304017/atac_possorted_bam.bam	
work/phase12_rcc/mtdna/RCC112_chrM.bam	0.17	0.17	phase12_rcc	slice	False	RCC112	True	True	False	True	https://ftp.sra.ebi.ac.uk/vol1/run/SRR163/SRR16304017/atac_possorted_bam.bam	
work/phase5/ccrcc/RCC112/RCC112_chrM.bam	0.17	0.17	phase5	slice	False	RCC112	True	True	False	True	https://ftp.sra.ebi.ac.uk/vol1/run/SRR163/SRR16304017/atac_possorted_bam.bam	
work/phase14_metab/mtdna/MS2/MS2_re_chrM.bam	0.15	0.15	phase14_metab	slice	False	MS2	True	True	False	True	https://ftp.sra.ebi.ac.uk/vol1/run/SRR163/SRR16304017/atac_possorted_bam.bam	
work/phase13_sweep/mtdna/EW4_L4/EW4_L4_re_chrM.bam	0.15	0.15	phase13_sweep	slice	False	EW4_L4	True	True	False	True	https://ftp.sra.ebi.ac.uk/vol1/run/SRR163/SRR16304017/atac_possorted_bam.bam	
work/phase14_metab/mtdna/EW4_L4/EW4_L4_re_chrM.bam	0.15	0.15	phase14_metab	slice	False	EW4_L4	True	True	False	True	https://ftp.sra.ebi.ac.uk/vol1/run/SRR163/SRR16304017/atac_possorted_bam.bam	
work/phase1/work/atac_v1_pbmc_10k/atac_v1_pbmc_10k_chrM.bam	0.14	0.14	phase1	slice	False	atac_v1_pbmc_10k	True	True	False	True	https://ftp.sra.ebi.ac.uk/vol1/run/SRR163/SRR16304017/atac_possorted_bam.bam	
work/phase1/work/pbmc_gran_3k/pbmc_gran_3k_chrM.bam	0.13	0.13	phase1	slice	False	pbmc_gran_3k	True	False	False	True	https://ftp.sra.ebi.ac.uk/vol1/run/SRR163/SRR16304017/atac_possorted_bam.bam	
work/phase12_pdac/mtdna/PDAC06_realigned_chrM.bam	0.13	0.13	phase12_pdac	slice	False	PDAC06	True	True	False	True	https://ftp.sra.ebi.ac.uk/vol1/run/SRR163/SRR16304017/atac_possorted_bam.bam	
work/phase13_sweep/mtdna/ATAC_RCC115/ATAC_RCC115_re_chrM.bam	0.13	0.13	phase13_sweep	slice	False	ATAC_RCC115	True	True	False	True	https://ftp.sra.ebi.ac.uk/vol1/run/SRR163/SRR16304017/atac_possorted_bam.bam	
work/phase14_metab/mtdna/PDAC06/PDAC06_re_chrM.bam	0.13	0.13	phase14_metab	slice	False	PDAC06	True	True	False	True	https://ftp.sra.ebi.ac.uk/vol1/run/SRR163/SRR16304017/atac_possorted_bam.bam	
work/phase12_pdac/mtdna/PDAC06_realigned.bam	0.13	0.13	phase12_pdac	intermediate	False	PDAC06	True	True	True	True	https://ftp.sra.ebi.ac.uk/vol1/run/SRR163/SRR16304017/atac_possorted_bam.bam	
work/phase13_sweep/mtdna/MPAL5_T2/MPAL5_T2_re_chrM.bam	0.13	0.13	phase13_sweep	slice	False	MPAL5_T2	True	True	False	True	https://ftp.sra.ebi.ac.uk/vol1/run/SRR163/SRR16304017/atac_possorted_bam.bam	
work/phase13_sweep/mtdna/PDAC06/PDAC06_re_chrM.bam	0.13	0.13	phase13_sweep	slice	False	PDAC06	True	True	False	True	https://ftp.sra.ebi.ac.uk/vol1/run/SRR163/SRR16304017/atac_possorted_bam.bam	
work/phase5/ccrcc/RCC99/RCC99_chrM.bam	0.12	0.12	phase5	slice	False	RCC99	True	True	False	True	https://ftp.sra.ebi.ac.uk/vol1/run/SRR163/SRR16304017/atac_possorted_bam.bam	
work/phase13_sweep/mtdna/ATAC_RCC112/ATAC_RCC112_re_chrM.bam	0.11	0.11	phase13_sweep	slice	False	ATAC_RCC112	True	True	False	True	https://ftp.sra.ebi.ac.uk/vol1/run/SRR163/SRR16304017/atac_possorted_bam.bam	
work/phase13_sweep/mtdna/RCC112/RCC112_re_chrM.bam	0.11	0.11	phase13_sweep	slice	False	RCC112	True	True	False	True	https://ftp.sra.ebi.ac.uk/vol1/run/SRR163/SRR16304017/atac_possorted_bam.bam	
work/phase12_rcc/mtdna/RCC112_realigned_chrM.bam	0.11	0.11	phase12_rcc	slice	False	RCC112	True	True	False	True	https://ftp.sra.ebi.ac.uk/vol1/run/SRR163/SRR16304017/atac_possorted_bam.bam	
work/phase12_rcc/mtdna/RCC112_realigned.bam	0.11	0.11	phase12_rcc	intermediate	False	RCC112	True	True	True	True	https://ftp.sra.ebi.ac.uk/vol1/run/SRR163/SRR16304017/atac_possorted_bam.bam	
work/phase1/work/atac_v1_pbmc_5k/atac_v1_pbmc_5k_chrM.bam	0.1	0.1	phase1	slice	False	atac_v1_pbmc_5k	True	False	False	True	https://ftp.sra.ebi.ac.uk/vol1/run/SRR163/SRR16304017/atac_possorted_bam.bam	
work/phase14_metab/mtdna/EW4_L5/EW4_L5_re_chrM.bam	0.1	0.1	phase14_metab	slice	False	EW4_L5	True	True	False	True	https://ftp.sra.ebi.ac.uk/vol1/run/SRR163/SRR16304017/atac_possorted_bam.bam	
work/phase5/ccrcc/RCC81/RCC81_chrM.bam	0.1	0.1	phase5	slice	False	RCC81	True	True	False	True	https://ftp.sra.ebi.ac.uk/vol1/run/SRR163/SRR16304017/atac_possorted_bam.bam	
work/phase12_pdac/mtdna/PDAC05_realigned_chrM.bam	0.09	0.09	phase12_pdac	slice	False	PDAC05	True	True	False	True	https://ftp.sra.ebi.ac.uk/vol1/run/SRR163/SRR16304017/atac_possorted_bam.bam	
work/phase12_pdac/mtdna/PDAC03_realigned_chrM.bam	0.09	0.09	phase12_pdac	slice	False	PDAC03	True	True	False	True	https://ftp.sra.ebi.ac.uk/vol1/run/SRR163/SRR16304017/atac_possorted_bam.bam	
work/phase12_pdac/mtdna/PDAC05_realigned.bam	0.09	0.09	phase12_pdac	intermediate	False	PDAC05	True	True	True	True	https://ftp.sra.ebi.ac.uk/vol1/run/SRR163/SRR16304017/atac_possorted_bam.bam	
work/phase14_metab/mtdna/PDAC03/PDAC03_re_chrM.bam	0.09	0.09	phase14_metab	slice	False	PDAC03	True	True	False	True	https://ftp.sra.ebi.ac.uk/vol1/run/SRR163/SRR16304017/atac_possorted_bam.bam	
work/phase14_metab/mtdna/PDAC05/PDAC05_re_chrM.bam	0.09	0.09	phase14_metab	slice	False	PDAC05	True	True	False	True	https://ftp.sra.ebi.ac.uk/vol1/run/SRR163/SRR16304017/atac_possorted_bam.bam	
work/phase12_pdac/mtdna/PDAC03_realigned.bam	0.09	0.09	phase12_pdac	intermediate	False	PDAC03	True	True	True	True	https://ftp.sra.ebi.ac.uk/vol1/run/SRR163/SRR16304017/atac_possorted_bam.bam	
work/phase13_sweep/mtdna/ATAC_RCC99/ATAC_RCC99_re_chrM.bam	0.09	0.09	phase13_sweep	slice	False	ATAC_RCC99	True	True	False	True	https://ftp.sra.ebi.ac.uk/vol1/run/SRR163/SRR16304017/atac_possorted_bam.bam	
work/phase14_metab/mtdna/EW4_L2/EW4_L2_re_chrM.bam	0.08	0.08	phase14_metab	slice	False	EW4_L2	True	True	False	True	https://ftp.sra.ebi.ac.uk/vol1/run/SRR163/SRR16304017/atac_possorted_bam.bam	
work/phase13_sweep/mtdna/ATAC_RCC81/ATAC_RCC81_re_chrM.bam	0.07	0.07	phase13_sweep	slice	False	ATAC_RCC81	True	True	False	True	https://ftp.sra.ebi.ac.uk/vol1/run/SRR163/SRR16304017/atac_possorted_bam.bam	
work/phase13_sweep/mtdna/EW4_L6/EW4_L6_re_chrM.bam	0.07	0.07	phase13_sweep	slice	False	EW4_L6	True	True	False	True	https://ftp.sra.ebi.ac.uk/vol1/run/SRR163/SRR16304017/atac_possorted_bam.bam	
work/phase14_metab/mtdna/EW4_L6/EW4_L6_re_chrM.bam	0.07	0.07	phase14_metab	slice	False	EW4_L6	True	True	False	True	https://ftp.sra.ebi.ac.uk/vol1/run/SRR163/SRR16304017/atac_possorted_bam.bam	
work/phase1/work/10k_pbmc_ATACv2/10k_pbmc_ATACv2_chrM.bam	0.06	0.06	phase1	slice	False	10k_pbmc_ATACv2	True	False	False	True	https://ftp.sra.ebi.ac.uk/vol1/run/SRR163/SRR16304017/atac_possorted_bam.bam	
work/phase5/ccrcc/RCC116/RCC116_chrM.bam	0.06	0.06	phase5	slice	False	RCC116	True	True	False	True	https://ftp.sra.ebi.ac.uk/vol1/run/SRR163/SRR16304017/atac_possorted_bam.bam	
work/phase5/ccrcc/RCC96/RCC96_chrM.bam	0.06	0.06	phase5	slice	False	RCC96	True	True	False	True	https://ftp.sra.ebi.ac.uk/vol1/run/SRR163/SRR16304017/atac_possorted_bam.bam	
work/phase5/ccrcc/RCC87/RCC87_chrM.bam	0.05	0.05	phase5	slice	False	RCC87	True	True	False	True	https://ftp.sra.ebi.ac.uk/vol1/run/SRR163/SRR16304017/atac_possorted_bam.bam	
work/phase5/ccrcc/RCC86/RCC86_chrM.bam	0.05	0.05	phase5	slice	False	RCC86	True	True	False	True	https://ftp.sra.ebi.ac.uk/vol1/run/SRR163/SRR16304017/atac_possorted_bam.bam	
work/phase5/ccrcc/RCC100/RCC100_chrM.bam	0.05	0.05	phase5	slice	False	RCC100	True	True	False	True	https://ftp.sra.ebi.ac.uk/vol1/run/SRR163/SRR16304017/atac_possorted_bam.bam	
work/phase5/ccrcc/RCC120/RCC120_chrM.bam	0.04	0.04	phase5	slice	False	RCC120	True	True	False	True	https://ftp.sra.ebi.ac.uk/vol1/run/SRR163/SRR16304017/atac_possorted_bam.bam	
work/phase1/work/atac_pbmc_5k_nextgem/atac_pbmc_5k_nextgem_chrM.bam	0.04	0.04	phase1	slice	False	atac_pbmc_5k_nextgem	True	False	False	True	https://ftp.sra.ebi.ac.uk/vol1/run/SRR163/SRR16304017/atac_possorted_bam.bam	
work/phase5/ccrcc/RCC114/RCC114_chrM.bam	0.04	0.04	phase5	slice	False	RCC114	True	True	False	True	https://ftp.sra.ebi.ac.uk/vol1/run/SRR163/SRR16304017/atac_possorted_bam.bam	
work/phase13_sweep/mtdna/ATAC_RCC87/ATAC_RCC87_re_chrM.bam	0.04	0.04	phase13_sweep	slice	False	ATAC_RCC87	True	True	False	True	https://ftp.sra.ebi.ac.uk/vol1/run/SRR163/SRR16304017/atac_possorted_bam.bam	
work/phase13_sweep/mtdna/ATAC_RCC96/ATAC_RCC96_re_chrM.bam	0.04	0.04	phase13_sweep	slice	False	ATAC_RCC96	True	True	False	True	https://ftp.sra.ebi.ac.uk/vol1/run/SRR163/SRR16304017/atac_possorted_bam.bam	
work/phase5/ccrcc/RCC119/RCC119_chrM.bam	0.04	0.04	phase5	slice	False	RCC119	True	True	False	True	https://ftp.sra.ebi.ac.uk/vol1/run/SRR163/SRR16304017/atac_possorted_bam.bam	
work/phase5/ccrcc/RCC101/RCC101_chrM.bam	0.04	0.04	phase5	slice	False	RCC101	True	True	False	True	https://ftp.sra.ebi.ac.uk/vol1/run/SRR163/SRR16304017/atac_possorted_bam.bam	
work/phase13_sweep/mtdna/ATAC_RCC116/ATAC_RCC116_re_chrM.bam	0.04	0.04	phase13_sweep	slice	False	ATAC_RCC116	True	True	False	True	https://ftp.sra.ebi.ac.uk/vol1/run/SRR163/SRR16304017/atac_possorted_bam.bam	
work/phase13_sweep/mtdna/ATAC_RCC86/ATAC_RCC86_re_chrM.bam	0.04	0.04	phase13_sweep	slice	False	ATAC_RCC86	True	True	False	True	https://ftp.sra.ebi.ac.uk/vol1/run/SRR163/SRR16304017/atac_possorted_bam.bam	
work/phase5/ccrcc/RCC94/RCC94_chrM.bam	0.03	0.03	phase5	slice	False	RCC94	True	True	False	True	https://ftp.sra.ebi.ac.uk/vol1/run/SRR163/SRR16304017/atac_possorted_bam.bam	
work/phase5/ccrcc/RCC113/RCC113_chrM.bam	0.03	0.03	phase5	slice	False	RCC113	True	True	False	True	https://ftp.sra.ebi.ac.uk/vol1/run/SRR163/SRR16304017/atac_possorted_bam.bam	
work/phase13_sweep/mtdna/ATAC_RCC119/ATAC_RCC119_re_chrM.bam	0.03	0.03	phase13_sweep	slice	False	ATAC_RCC119	True	True	False	True	https://ftp.sra.ebi.ac.uk/vol1/run/SRR163/SRR16304017/atac_possorted_bam.bam	
work/phase13_sweep/mtdna/ATAC_RCC100/ATAC_RCC100_re_chrM.bam	0.03	0.03	phase13_sweep	slice	False	ATAC_RCC100	True	True	False	True	https://ftp.sra.ebi.ac.uk/vol1/run/SRR163/SRR16304017/atac_possorted_bam.bam	
work/phase13_sweep/mtdna/ATAC_RCC101/ATAC_RCC101_re_chrM.bam	0.03	0.03	phase13_sweep	slice	False	ATAC_RCC101	True	True	False	True	https://ftp.sra.ebi.ac.uk/vol1/run/SRR163/SRR16304017/atac_possorted_bam.bam	
work/phase13_sweep/mtdna/ATAC_RCC114/ATAC_RCC114_re_chrM.bam	0.03	0.03	phase13_sweep	slice	False	ATAC_RCC114	True	True	False	True	https://ftp.sra.ebi.ac.uk/vol1/run/SRR163/SRR16304017/atac_possorted_bam.bam	
work/phase13_sweep/mtdna/ATAC_RCC120/ATAC_RCC120_re_chrM.bam	0.03	0.03	phase13_sweep	slice	False	ATAC_RCC120	True	True	False	True	https://ftp.sra.ebi.ac.uk/vol1/run/SRR163/SRR16304017/atac_possorted_bam.bam	
work/phase5/ccrcc/RCC103/RCC103_chrM.bam	0.02	0.02	phase5	slice	False	RCC103	True	True	False	True	https://ftp.sra.ebi.ac.uk/vol1/run/SRR163/SRR16304017/atac_possorted_bam.bam	
work/phase1/work/e18_mouse_brain_5k/e18_mouse_brain_5k_chrM.bam	0.02	0.02	phase1	slice	False	e18_mouse_brain_5k	True	True	False	True	https://ftp.sra.ebi.ac.uk/vol1/run/SRR163/SRR16304017/atac_possorted_bam.bam	
work/phase13_sweep/mtdna/ATAC_RCC94/ATAC_RCC94_re_chrM.bam	0.02	0.02	phase13_sweep	slice	False	ATAC_RCC94	True	True	False	True	https://ftp.sra.ebi.ac.uk/vol1/run/SRR163/SRR16304017/atac_possorted_bam.bam	
work/phase13_sweep/mtdna/ATAC_RCC103/ATAC_RCC103_re_chrM.bam	0.02	0.02	phase13_sweep	slice	False	ATAC_RCC103	True	True	False	True	https://ftp.sra.ebi.ac.uk/vol1/run/SRR163/SRR16304017/atac_possorted_bam.bam	
work/phase13_sweep/mtdna/ATAC_RCC113/ATAC_RCC113_re_chrM.bam	0.02	0.02	phase13_sweep	slice	False	ATAC_RCC113	True	True	False	True	https://ftp.sra.ebi.ac.uk/vol1/run/SRR163/SRR16304017/atac_possorted_bam.bam	
work/phase5/ccrcc/RCC84/RCC84_chrM.bam	0.01	0.01	phase5	slice	False	RCC84	True	True	False	True	https://ftp.sra.ebi.ac.uk/vol1/run/SRR163/SRR16304017/atac_possorted_bam.bam	
work/phase13_sweep/mtdna/ATAC_RCC84/ATAC_RCC84_re_chrM.bam	0.01	0.01	phase13_sweep	slice	False	ATAC_RCC84	True	True	False	True	https://ftp.sra.ebi.ac.uk/vol1/run/SRR163/SRR16304017/atac_possorted_bam.bam	
work/phase13_sweep/mtdna/PDAC01/PDAC01_re_chrM.bam	0.01	0.01	phase13_sweep	slice	False	PDAC01	True	True	False	True	https://ftp.sra.ebi.ac.uk/vol1/run/SRR163/SRR16304017/atac_possorted_bam.bam	
work/phase1/work/atac_pbmc_1k_nextgem/atac_pbmc_1k_nextgem_chrM.bam	0.01	0.01	phase1	slice	False	atac_pbmc_1k_nextgem	True	False	False	True	https://ftp.sra.ebi.ac.uk/vol1/run/SRR163/SRR16304017/atac_possorted_bam.bam	
work/phase14_metab/mtdna/PDAC01/PDAC01_re_chrM.bam	0.01	0.01	phase14_metab	slice	False	PDAC01	True	True	False	True	https://ftp.sra.ebi.ac.uk/vol1/run/SRR163/SRR16304017/atac_possorted_bam.bam	
work/phase14_metab/mtdna/adultKO/adultKO_re_chrM.bam	0.01	0.01	phase14_metab	slice	False	adultKO	True	True	False	True	https://ftp.sra.ebi.ac.uk/vol1/run/SRR163/SRR16304017/atac_possorted_bam.bam	
work/phase14_metab/mtdna/adultWT/adultWT_re_chrM.bam	0.01	0.01	phase14_metab	slice	False	adultWT	True	True	False	True	https://ftp.sra.ebi.ac.uk/vol1/run/SRR163/SRR16304017/atac_possorted_bam.bam	
work/phase5/mgatk/smokez/out/temp/barcoded_bams/AAACGAAGTTCTACCC-1.bam	0.0	0.0	phase5	other	False	AAACGAAGTTCTACCC-1	True	False	False	True	https://ftp.sra.ebi.ac.uk/vol1/run/SRR163/SRR16304017/atac_possorted_bam.bam	
work/phase5/mgatk/smokez/out/temp/barcoded_bams/AAACTCGGTAACCGAG-1.bam	0.0	0.0	phase5	other	False	AAACTCGGTAACCGAG-1	True	False	False	True	https://ftp.sra.ebi.ac.uk/vol1/run/SRR163/SRR16304017/atac_possorted_bam.bam	
work/phase5/mgatk/smokez/out/temp/barcoded_bams/AAACGAAGTATTCTTC-1.bam	0.0	0.0	phase5	other	False	AAACGAAGTATTCTTC-1	True	False	False	True	https://ftp.sra.ebi.ac.uk/vol1/run/SRR163/SRR16304017/atac_possorted_bam.bam	
work/phase5/mgatk/smokez/out/temp/barcoded_bams/AAACGAACACTCGCAG-1.bam	0.0	0.0	phase5	other	False	AAACGAACACTCGCAG-1	True	False	False	True	https://ftp.sra.ebi.ac.uk/vol1/run/SRR163/SRR16304017/atac_possorted_bam.bam	
work/phase13_sweep/mtdna/SRR14325929/SRR14325929_re_chrM.bam	0.0	0.0	phase13_sweep	slice	False	SRR14325929	True	True	False	True	https://ftp.sra.ebi.ac.uk/vol1/run/SRR143/SRR14325929/SJMPAL011913_gex_possorted_bam.bam	
work/phase5/mgatk/smokez/out/temp/barcoded_bams/AAACTCGTCCTAAGTG-1.bam	0.0	0.0	phase5	other	False	AAACTCGTCCTAAGTG-1	True	False	False	True	https://ftp.sra.ebi.ac.uk/vol1/run/SRR163/SRR16304017/atac_possorted_bam.bam	
work/phase5/mgatk/smokez/out/temp/barcoded_bams/AAACTGCAGAGAGTAG-1.bam	0.0	0.0	phase5	other	False	AAACTGCAGAGAGTAG-1	True	False	False	True	https://ftp.sra.ebi.ac.uk/vol1/run/SRR163/SRR16304017/atac_possorted_bam.bam	
work/phase5/mgatk/smokez/out/temp/barcoded_bams/AAACTGCAGTATACCC-1.bam	0.0	0.0	phase5	other	False	AAACTGCAGTATACCC-1	True	False	False	True	https://ftp.sra.ebi.ac.uk/vol1/run/SRR163/SRR16304017/atac_possorted_bam.bam	
work/phase5/mgatk/smokez/out/temp/barcoded_bams/AAACTCGGTATGTTCG-1.bam	0.0	0.0	phase5	other	False	AAACTCGGTATGTTCG-1	True	False	False	True	https://ftp.sra.ebi.ac.uk/vol1/run/SRR163/SRR16304017/atac_possorted_bam.bam	
work/phase5/mgatk/smokez/out/temp/barcoded_bams/AAACGAAAGACTAGCG-1.bam	0.0	0.0	phase5	other	False	AAACGAAAGACTAGCG-1	True	False	False	True	https://ftp.sra.ebi.ac.uk/vol1/run/SRR163/SRR16304017/atac_possorted_bam.bam	
work/phase5/mgatk/smokez/out/temp/barcoded_bams/AAACTGCAGGCTCCTG-1.bam	0.0	0.0	phase5	other	False	AAACTGCAGGCTCCTG-1	True	False	False	True	https://ftp.sra.ebi.ac.uk/vol1/run/SRR163/SRR16304017/atac_possorted_bam.bam	
work/phase5/mgatk/smokez/out/temp/barcoded_bams/AAACGAACACTTTGGA-1.bam	0.0	0.0	phase5	other	False	AAACGAACACTTTGGA-1	True	False	False	True	https://ftp.sra.ebi.ac.uk/vol1/run/SRR163/SRR16304017/atac_possorted_bam.bam	
work/phase5/mgatk/smokez/out/temp/barcoded_bams/AAACGAAGTTTCCACC-1.bam	0.0	0.0	phase5	other	False	AAACGAAGTTTCCACC-1	True	False	False	True	https://ftp.sra.ebi.ac.uk/vol1/run/SRR163/SRR16304017/atac_possorted_bam.bam	
work/phase5/mgatk/smokez/out/temp/barcoded_bams/AAACGAAGTGCAGACA-1.bam	0.0	0.0	phase5	other	False	AAACGAAGTGCAGACA-1	True	False	False	True	https://ftp.sra.ebi.ac.uk/vol1/run/SRR163/SRR16304017/atac_possorted_bam.bam	
work/phase5/mgatk/smokez/out/temp/barcoded_bams/AAACGAATCGTCTTAT-1.bam	0.0	0.0	phase5	other	False	AAACGAATCGTCTTAT-1	True	False	False	True	https://ftp.sra.ebi.ac.uk/vol1/run/SRR163/SRR16304017/atac_possorted_bam.bam	
work/phase5/mgatk/smokez/out/temp/barcoded_bams/AAACGAAGTCAGCTTA-1.bam	0.0	0.0	phase5	other	False	AAACGAAGTCAGCTTA-1	True	False	False	True	https://ftp.sra.ebi.ac.uk/vol1/run/SRR163/SRR16304017/atac_possorted_bam.bam	
work/phase5/mgatk/smokez/out/temp/barcoded_bams/AAACGAACAACCTCTC-1.bam	0.0	0.0	phase5	other	False	AAACGAACAACCTCTC-1	True	False	False	True	https://ftp.sra.ebi.ac.uk/vol1/run/SRR163/SRR16304017/atac_possorted_bam.bam	
work/phase5/mgatk/smokez/out/temp/temp_bam/AAACGAATCAGGCCGT-1.temp0.bam	0.0	0.0	phase5	other	False	AAACGAATCAGGCCGT-1.temp0	True	False	False	True	https://ftp.sra.ebi.ac.uk/vol1/run/SRR163/SRR16304017/atac_possorted_bam.bam	
work/phase5/mgatk/smokez/out/temp/temp_bam/AAACTCGAGATCTCAC-1.temp1.bam	0.0	0.0	phase5	other	False	AAACTCGAGATCTCAC-1.temp1	True	False	False	True	https://ftp.sra.ebi.ac.uk/vol1/run/SRR163/SRR16304017/atac_possorted_bam.bam	
work/phase5/mgatk/smokez/out/temp/temp_bam/AAACGAAGTATTCTTC-1.temp1.bam	0.0	0.0	phase5	other	False	AAACGAAGTATTCTTC-1.temp1	True	False	False	True	https://ftp.sra.ebi.ac.uk/vol1/run/SRR163/SRR16304017/atac_possorted_bam.bam	
work/phase5/mgatk/smokez/out/temp/temp_bam/AAACGAAGTCAGCTTA-1.temp0.bam	0.0	0.0	phase5	other	False	AAACGAAGTCAGCTTA-1.temp0	True	False	False	True	https://ftp.sra.ebi.ac.uk/vol1/run/SRR163/SRR16304017/atac_possorted_bam.bam	
work/phase5/mgatk/smokez/out/temp/temp_bam/AAACGAAAGACTAGCG-1.temp0.bam	0.0	0.0	phase5	other	False	AAACGAAAGACTAGCG-1.temp0	True	False	False	True	https://ftp.sra.ebi.ac.uk/vol1/run/SRR163/SRR16304017/atac_possorted_bam.bam	
work/phase5/mgatk/smokez/out/temp/temp_bam/AAACTGCAGAGAGTAG-1.temp1.bam	0.0	0.0	phase5	other	False	AAACTGCAGAGAGTAG-1.temp1	True	False	False	True	https://ftp.sra.ebi.ac.uk/vol1/run/SRR163/SRR16304017/atac_possorted_bam.bam	
work/phase5/mgatk/smokez/out/temp/temp_bam/AAACGAAGTTTGTACG-1.temp1.bam	0.0	0.0	phase5	other	False	AAACGAAGTTTGTACG-1.temp1	True	False	False	True	https://ftp.sra.ebi.ac.uk/vol1/run/SRR163/SRR16304017/atac_possorted_bam.bam	
work/phase5/mgatk/smokez/out/temp/temp_bam/AAACGAAGTCAGCTTA-1.temp1.bam	0.0	0.0	phase5	other	False	AAACGAAGTCAGCTTA-1.temp1	True	False	False	True	https://ftp.sra.ebi.ac.uk/vol1/run/SRR163/SRR16304017/atac_possorted_bam.bam	
work/phase5/mgatk/smokez/out/temp/temp_bam/AAACTGCAGTATACCC-1.temp1.bam	0.0	0.0	phase5	other	False	AAACTGCAGTATACCC-1.temp1	True	False	False	True	https://ftp.sra.ebi.ac.uk/vol1/run/SRR163/SRR16304017/atac_possorted_bam.bam	
work/phase5/mgatk/smokez/out/temp/barcoded_bams/AAACTCGAGATCTCAC-1.bam	0.0	0.0	phase5	other	False	AAACTCGAGATCTCAC-1	True	False	False	True	https://ftp.sra.ebi.ac.uk/vol1/run/SRR163/SRR16304017/atac_possorted_bam.bam	
work/phase5/mgatk/smokez/out/temp/barcoded_bams/AAACGAAGTTTGTACG-1.bam	0.0	0.0	phase5	other	False	AAACGAAGTTTGTACG-1	True	False	False	True	https://ftp.sra.ebi.ac.uk/vol1/run/SRR163/SRR16304017/atac_possorted_bam.bam	
work/phase5/mgatk/smokez/out/temp/barcoded_bams/AAACGAAAGGATTAAC-1.bam	0.0	0.0	phase5	other	False	AAACGAAAGGATTAAC-1	True	False	False	True	https://ftp.sra.ebi.ac.uk/vol1/run/SRR163/SRR16304017/atac_possorted_bam.bam	
work/phase5/mgatk/smokez/out/qc_bam/AAACGAAGTTTCCACC-1.qc.bam	0.0	0.0	phase5	other	False	AAACGAAGTTTCCACC-1.qc	True	False	False	True	https://ftp.sra.ebi.ac.uk/vol1/run/SRR163/SRR16304017/atac_possorted_bam.bam	
work/phase5/mgatk/smokez/out/qc_bam/AAACTCGTCCTAAGTG-1.qc.bam	0.0	0.0	phase5	other	False	AAACTCGTCCTAAGTG-1.qc	True	False	False	True	https://ftp.sra.ebi.ac.uk/vol1/run/SRR163/SRR16304017/atac_possorted_bam.bam	
work/phase5/mgatk/smokez/out/qc_bam/AAACTCGTCGCGGCAT-1.qc.bam	0.0	0.0	phase5	other	False	AAACTCGTCGCGGCAT-1.qc	True	False	False	True	https://ftp.sra.ebi.ac.uk/vol1/run/SRR163/SRR16304017/atac_possorted_bam.bam	
work/phase5/mgatk/smokez/out/qc_bam/AAACGAAGTTCTACCC-1.qc.bam	0.0	0.0	phase5	other	False	AAACGAAGTTCTACCC-1.qc	True	False	False	True	https://ftp.sra.ebi.ac.uk/vol1/run/SRR163/SRR16304017/atac_possorted_bam.bam	
work/phase5/mgatk/smokez/out/qc_bam/AAACTGCAGTATACCC-1.qc.bam	0.0	0.0	phase5	other	False	AAACTGCAGTATACCC-1.qc	True	False	False	True	https://ftp.sra.ebi.ac.uk/vol1/run/SRR163/SRR16304017/atac_possorted_bam.bam	
work/phase5/mgatk/smokez/out/qc_bam/AAACGAAAGACCCTAT-1.qc.bam	0.0	0.0	phase5	other	False	AAACGAAAGACCCTAT-1.qc	True	False	False	True	https://ftp.sra.ebi.ac.uk/vol1/run/SRR163/SRR16304017/atac_possorted_bam.bam	
work/phase5/mgatk/smokez/out/temp/barcoded_bams/AAACGAAAGAACGACC-1.bam	0.0	0.0	phase5	other	False	AAACGAAAGAACGACC-1	True	False	False	True	https://ftp.sra.ebi.ac.uk/vol1/run/SRR163/SRR16304017/atac_possorted_bam.bam	
work/phase5/mgatk/smokez/out/temp/temp_bam/AAACGAAAGGATTAAC-1.temp1.bam	0.0	0.0	phase5	other	False	AAACGAAAGGATTAAC-1.temp1	True	False	False	True	https://ftp.sra.ebi.ac.uk/vol1/run/SRR163/SRR16304017/atac_possorted_bam.bam	
work/phase13_sweep/mtdna/Cachexia/Cachexia_re_chrM.bam	0.0	0.0	phase13_sweep	slice	False	Cachexia	True	True	False	True	https://ftp.sra.ebi.ac.uk/vol1/run/SRR163/SRR16304017/atac_possorted_bam.bam	
work/phase5/mgatk/smokez/out/qc_bam/AAACTCGTCGCACCTT-1.qc.bam	0.0	0.0	phase5	other	False	AAACTCGTCGCACCTT-1.qc	True	False	False	True	https://ftp.sra.ebi.ac.uk/vol1/run/SRR163/SRR16304017/atac_possorted_bam.bam	
work/phase13_sweep/mtdna/WT1/WT1_re_chrM.bam	0.0	0.0	phase13_sweep	slice	False	WT1	True	True	False	True	https://ftp.sra.ebi.ac.uk/vol1/run/SRR163/SRR16304017/atac_possorted_bam.bam	
work/phase5/mgatk/smokez/out/qc_bam/AAACTCGGTAACCGAG-1.qc.bam	0.0	0.0	phase5	other	False	AAACTCGGTAACCGAG-1.qc	True	False	False	True	https://ftp.sra.ebi.ac.uk/vol1/run/SRR163/SRR16304017/atac_possorted_bam.bam	
work/phase5/mgatk/smokez/out/qc_bam/AAACGAATCGCGGCAT-1.qc.bam	0.0	0.0	phase5	other	False	AAACGAATCGCGGCAT-1.qc	True	False	False	True	https://ftp.sra.ebi.ac.uk/vol1/run/SRR163/SRR16304017/atac_possorted_bam.bam	
work/phase5/mgatk/smokez/out/qc_bam/AAACGAAGTCAGCTTA-1.qc.bam	0.0	0.0	phase5	other	False	AAACGAAGTCAGCTTA-1.qc	True	False	False	True	https://ftp.sra.ebi.ac.uk/vol1/run/SRR163/SRR16304017/atac_possorted_bam.bam	
work/phase5/mgatk/smokez/out/qc_bam/AAACGAAAGACTAGCG-1.qc.bam	0.0	0.0	phase5	other	False	AAACGAAAGACTAGCG-1.qc	True	False	False	True	https://ftp.sra.ebi.ac.uk/vol1/run/SRR163/SRR16304017/atac_possorted_bam.bam	
work/phase5/mgatk/smokez/out/qc_bam/AAACGAAAGGATTAAC-1.qc.bam	0.0	0.0	phase5	other	False	AAACGAAAGGATTAAC-1.qc	True	False	False	True	https://ftp.sra.ebi.ac.uk/vol1/run/SRR163/SRR16304017/atac_possorted_bam.bam	
work/phase5/mgatk/smokez/out/temp/barcoded_bams/AAACTCGAGAGCTGTG-1.bam	0.0	0.0	phase5	other	False	AAACTCGAGAGCTGTG-1	True	False	False	True	https://ftp.sra.ebi.ac.uk/vol1/run/SRR163/SRR16304017/atac_possorted_bam.bam	
work/phase5/mgatk/smokez/out/qc_bam/AAACTCGAGATCTCAC-1.qc.bam	0.0	0.0	phase5	other	False	AAACTCGAGATCTCAC-1.qc	True	False	False	True	https://ftp.sra.ebi.ac.uk/vol1/run/SRR163/SRR16304017/atac_possorted_bam.bam	
work/phase5/mgatk/smokez/out/qc_bam/AAACGAAAGCATTGGG-1.qc.bam	0.0	0.0	phase5	other	False	AAACGAAAGCATTGGG-1.qc	True	False	False	True	https://ftp.sra.ebi.ac.uk/vol1/run/SRR163/SRR16304017/atac_possorted_bam.bam	
work/phase5/mgatk/smokez/out/qc_bam/AAACTCGGTATGTTCG-1.qc.bam	0.0	0.0	phase5	other	False	AAACTCGGTATGTTCG-1.qc	True	False	False	True	https://ftp.sra.ebi.ac.uk/vol1/run/SRR163/SRR16304017/atac_possorted_bam.bam	
work/phase5/mgatk/smokez/out/qc_bam/AAACTGCAGAGAGTAG-1.qc.bam	0.0	0.0	phase5	other	False	AAACTGCAGAGAGTAG-1.qc	True	False	False	True	https://ftp.sra.ebi.ac.uk/vol1/run/SRR163/SRR16304017/atac_possorted_bam.bam	
work/phase13_sweep/mtdna/PDAC04/PDAC04_re_chrM.bam	0.0	0.0	phase13_sweep	slice	False	PDAC04	True	True	False	True	https://ftp.sra.ebi.ac.uk/vol1/run/SRR163/SRR16304017/atac_possorted_bam.bam	
work/phase5/mgatk/smokez/out/qc_bam/AAACTGCAGGCTCCTG-1.qc.bam	0.0	0.0	phase5	other	False	AAACTGCAGGCTCCTG-1.qc	True	False	False	True	https://ftp.sra.ebi.ac.uk/vol1/run/SRR163/SRR16304017/atac_possorted_bam.bam	
work/phase5/mgatk/smokez/out/qc_bam/AAACTGCAGGAAACTT-1.qc.bam	0.0	0.0	phase5	other	False	AAACTGCAGGAAACTT-1.qc	True	False	False	True	https://ftp.sra.ebi.ac.uk/vol1/run/SRR163/SRR16304017/atac_possorted_bam.bam	
work/phase5/mgatk/smokez/out/temp/temp_bam/AAACGAACACTTTGGA-1.temp0.bam	0.0	0.0	phase5	other	False	AAACGAACACTTTGGA-1.temp0	True	False	False	True	https://ftp.sra.ebi.ac.uk/vol1/run/SRR163/SRR16304017/atac_possorted_bam.bam	
work/phase5/mgatk/smokez/out/qc_bam/AAACTCGAGAGCTGTG-1.qc.bam	0.0	0.0	phase5	other	False	AAACTCGAGAGCTGTG-1.qc	True	False	False	True	https://ftp.sra.ebi.ac.uk/vol1/run/SRR163/SRR16304017/atac_possorted_bam.bam	
work/phase4/derop/standard_count/SC_ATAC_COUNTER_CS/SC_ATAC_COUNTER/_BASIC_SC_ATAC_COUNTER/_ATAC_MATRIX_COMPUTER/WRITE_ATAC_BAM/fork0/join-u53045f5b2d/files/possorted_bam.bam	33.42	0.0	phase4	full	True	join-u53045f5b2d	True	False	False	True	https://ftp.sra.ebi.ac.uk/vol1/run/SRR163/SRR16304017/atac_possorted_bam.bam	symlink->work/phase4/derop/standard_count/outs/possorted_bam.bam
work/phase5/mgatk/smokez/out/temp/barcoded_bams/AAACGAATCGCGGCAT-1.bam	0.0	0.0	phase5	other	False	AAACGAATCGCGGCAT-1	True	False	False	True	https://ftp.sra.ebi.ac.uk/vol1/run/SRR163/SRR16304017/atac_possorted_bam.bam	
work/phase5/mgatk/smokez/out/temp/barcoded_bams/AAACTCGTCGCGGCAT-1.bam	0.0	0.0	phase5	other	False	AAACTCGTCGCGGCAT-1	True	False	False	True	https://ftp.sra.ebi.ac.uk/vol1/run/SRR163/SRR16304017/atac_possorted_bam.bam	
work/phase5/mgatk/smokez/out/temp/barcoded_bams/AAACTGCAGAGGCCTA-1.bam	0.0	0.0	phase5	other	False	AAACTGCAGAGGCCTA-1	True	False	False	True	https://ftp.sra.ebi.ac.uk/vol1/run/SRR163/SRR16304017/atac_possorted_bam.bam	
work/phase5/mgatk/smokez/out/temp/barcoded_bams/AAACGAAAGCATTGGG-1.bam	0.0	0.0	phase5	other	False	AAACGAAAGCATTGGG-1	True	False	False	True	https://ftp.sra.ebi.ac.uk/vol1/run/SRR163/SRR16304017/atac_possorted_bam.bam	
work/phase5/mgatk/smokez/out/temp/barcoded_bams/AAACTGCAGGAAACTT-1.bam	0.0	0.0	phase5	other	False	AAACTGCAGGAAACTT-1	True	False	False	True	https://ftp.sra.ebi.ac.uk/vol1/run/SRR163/SRR16304017/atac_possorted_bam.bam	
work/phase5/mgatk/smokez/out/qc_bam/AAACGAAGTGCAGACA-1.qc.bam	0.0	0.0	phase5	other	False	AAACGAAGTGCAGACA-1.qc	True	False	False	True	https://ftp.sra.ebi.ac.uk/vol1/run/SRR163/SRR16304017/atac_possorted_bam.bam	
work/phase5/mgatk/smokez/out/qc_bam/AAACGAACAACCTCTC-1.qc.bam	0.0	0.0	phase5	other	False	AAACGAACAACCTCTC-1.qc	True	False	False	True	https://ftp.sra.ebi.ac.uk/vol1/run/SRR163/SRR16304017/atac_possorted_bam.bam	
work/phase5/mgatk/smokez/out/qc_bam/AAACTGCAGAGGCCTA-1.qc.bam	0.0	0.0	phase5	other	False	AAACTGCAGAGGCCTA-1.qc	True	False	False	True	https://ftp.sra.ebi.ac.uk/vol1/run/SRR163/SRR16304017/atac_possorted_bam.bam	
work/phase5/mgatk/smokez/out/qc_bam/AAACGAATCGTCTTAT-1.qc.bam	0.0	0.0	phase5	other	False	AAACGAATCGTCTTAT-1.qc	True	False	False	True	https://ftp.sra.ebi.ac.uk/vol1/run/SRR163/SRR16304017/atac_possorted_bam.bam	
work/phase5/mgatk/smokez/out/qc_bam/AAACGAACACTCGCAG-1.qc.bam	0.0	0.0	phase5	other	False	AAACGAACACTCGCAG-1.qc	True	False	False	True	https://ftp.sra.ebi.ac.uk/vol1/run/SRR163/SRR16304017/atac_possorted_bam.bam	
work/phase5/mgatk/smokez/out/qc_bam/AAACTCGAGCTAGTTC-1.qc.bam	0.0	0.0	phase5	other	False	AAACTCGAGCTAGTTC-1.qc	True	False	False	True	https://ftp.sra.ebi.ac.uk/vol1/run/SRR163/SRR16304017/atac_possorted_bam.bam	
work/phase4/reh/reh_atac_count/SC_ATAC_COUNTER_CS/SC_ATAC_COUNTER/_BASIC_SC_ATAC_COUNTER/_ATAC_MATRIX_COMPUTER/WRITE_ATAC_BAM/fork0/join/files/possorted_bam.bam	15.66	0.0	phase4	full	True	WRITE_ATAC	True	False	False	True	https://ftp.sra.ebi.ac.uk/vol1/run/SRR163/SRR16304017/atac_possorted_bam.bam	symlink->work/phase4/reh/reh_atac_count/outs/possorted_bam.bam
work/phase13_sweep/mtdna/SRR14325927/SRR14325927_re_chrM.bam	0.0	0.0	phase13_sweep	slice	False	SRR14325927	True	True	False	True	https://ftp.sra.ebi.ac.uk/vol1/run/SRR143/SRR14325927/SJTALL005006_gex_possorted_bam.bam	
work/phase13_sweep/mtdna/WT2/WT2_re_chrM.bam	0.0	0.0	phase13_sweep	slice	False	WT2	True	True	False	True	https://ftp.sra.ebi.ac.uk/vol1/run/SRR163/SRR16304017/atac_possorted_bam.bam	
work/phase5/mgatk/smokez/out/qc_bam/AAACGAAGTATTCTTC-1.qc.bam	0.0	0.0	phase5	other	False	AAACGAAGTATTCTTC-1.qc	True	False	False	True	https://ftp.sra.ebi.ac.uk/vol1/run/SRR163/SRR16304017/atac_possorted_bam.bam	
work/phase5/mgatk/smokez/out/qc_bam/AAACGAATCAGGCCGT-1.qc.bam	0.0	0.0	phase5	other	False	AAACGAATCAGGCCGT-1.qc	True	False	False	True	https://ftp.sra.ebi.ac.uk/vol1/run/SRR163/SRR16304017/atac_possorted_bam.bam	
work/phase5/mgatk/smokez/out/qc_bam/AAACGAAGTTTGTACG-1.qc.bam	0.0	0.0	phase5	other	False	AAACGAAGTTTGTACG-1.qc	True	False	False	True	https://ftp.sra.ebi.ac.uk/vol1/run/SRR163/SRR16304017/atac_possorted_bam.bam	
work/phase5/mgatk/smokez/out/qc_bam/AAACGAAAGAACGACC-1.qc.bam	0.0	0.0	phase5	other	False	AAACGAAAGAACGACC-1.qc	True	False	False	True	https://ftp.sra.ebi.ac.uk/vol1/run/SRR163/SRR16304017/atac_possorted_bam.bam	
work/phase5/mgatk/smokez/out/qc_bam/AAACGAACACTTTGGA-1.qc.bam	0.0	0.0	phase5	other	False	AAACGAACACTTTGGA-1.qc	True	False	False	True	https://ftp.sra.ebi.ac.uk/vol1/run/SRR163/SRR16304017/atac_possorted_bam.bam	
work/phase1/tierb/arc_mtdogma_GSE217450/SC_ATAC_GEX_COUNTER_CS/SC_ATAC_GEX_COUNTER/_ATAC_MATRIX_COMPUTER/WRITE_ATAC_BAM/fork0/files/possorted_bam.bam	26.88	0.0	phase1	full	True	WRITE_ATAC	True	False	False	True	https://ftp.sra.ebi.ac.uk/vol1/run/SRR163/SRR16304017/atac_possorted_bam.bam	symlink->work/phase1/tierb/arc_mtdogma_GSE217450/outs/atac_possorted_bam.bam
work/phase1/tierb/arc_mtdogma_GSE217450/SC_ATAC_GEX_COUNTER_CS/SC_ATAC_GEX_COUNTER/_ATAC_MATRIX_COMPUTER/WRITE_ATAC_BAM/fork0/join-ubb765df73c/files/possorted_bam.bam	26.88	0.0	phase1	full	True	join-ubb765df73c	True	False	False	True	https://ftp.sra.ebi.ac.uk/vol1/run/SRR163/SRR16304017/atac_possorted_bam.bam	symlink->work/phase1/tierb/arc_mtdogma_GSE217450/outs/atac_possorted_bam.bam
work/phase1/tierb/arc_mtdogma_GSE217450/SC_ATAC_GEX_COUNTER_CS/SC_ATAC_GEX_COUNTER/WRITE_POS_BAM/fork0/join/files/pos_sorted_non_multiplexed.bam	20.5	0.0	phase1	other	True	pos_sorted_non_multiplexed	True	False	False	True	https://ftp.sra.ebi.ac.uk/vol1/run/SRR163/SRR16304017/atac_possorted_bam.bam	symlink->work/phase1/tierb/arc_mtdogma_GSE217450/outs/gex_possorted_bam.bam
work/phase1/tierb/arc_mtdogma_GSE217450/SC_ATAC_GEX_COUNTER_CS/SC_ATAC_GEX_COUNTER/WRITE_POS_BAM/fork0/files/pos_sorted_non_multiplexed.bam	20.5	0.0	phase1	other	True	pos_sorted_non_multiplexed	True	False	False	True	https://ftp.sra.ebi.ac.uk/vol1/run/SRR163/SRR16304017/atac_possorted_bam.bam	symlink->work/phase1/tierb/arc_mtdogma_GSE217450/outs/gex_possorted_bam.bam
work/phase1/tierb/arc_mtdogma_GSE217450/SC_ATAC_GEX_COUNTER_CS/SC_ATAC_GEX_COUNTER/WRITE_POS_BAM/fork0/join-ubb765df478/files/pos_sorted_non_multiplexed.bam	20.5	0.0	phase1	other	True	pos_sorted_non_multiplexed	True	False	False	True	https://ftp.sra.ebi.ac.uk/vol1/run/SRR163/SRR16304017/atac_possorted_bam.bam	symlink->work/phase1/tierb/arc_mtdogma_GSE217450/outs/gex_possorted_bam.bam
work/phase1/tierb/arc_lung_COB11_GSE319044/SC_ATAC_GEX_COUNTER_CS/SC_ATAC_GEX_COUNTER/_ATAC_MATRIX_COMPUTER/WRITE_ATAC_BAM/fork0/join/files/possorted_bam.bam	7.13	0.0	phase1	full	True	WRITE_ATAC	True	False	False	True	https://ftp.sra.ebi.ac.uk/vol1/run/SRR163/SRR16304017/atac_possorted_bam.bam	symlink->work/phase1/tierb/arc_lung_COB11_GSE319044/outs/atac_possorted_bam.bam
work/phase1/tierb/arc_lung_COB11_GSE319044/SC_ATAC_GEX_COUNTER_CS/SC_ATAC_GEX_COUNTER/_ATAC_MATRIX_COMPUTER/WRITE_ATAC_BAM/fork0/join-u04185d94c5/files/possorted_bam.bam	7.13	0.0	phase1	full	True	join-u04185d94c5	True	False	False	True	https://ftp.sra.ebi.ac.uk/vol1/run/SRR163/SRR16304017/atac_possorted_bam.bam	symlink->work/phase1/tierb/arc_lung_COB11_GSE319044/outs/atac_possorted_bam.bam
work/phase12_pdac/mtdna/PDAC02_chrM.bam	0.0	0.0	phase12_pdac	slice	False	PDAC02	True	True	False	True	https://ftp.sra.ebi.ac.uk/vol1/srr/SRR327/063/SRR32728063/PDAC02_atac_possorted_bam.bam	
work/phase7/partition_eval/substrates/ccRCC/bams/RCC112_possorted.bam	50.25	0.0	phase7	full	True	RCC112	True	True	False	True	https://ftp.sra.ebi.ac.uk/vol1/run/SRR163/SRR16304017/atac_possorted_bam.bam	symlink->work/phase7/partition_eval/substrates/ccRCC/donors/RCC112/bam/ATAC_RCC112_possorted_bam.bam
work/phase5/ccrcc/RCC120/wgs/RCC120_wgs_chrM.bam	0.0	0.0	phase5	slice	False	RCC120_wgs	True	False	False	True	https://ftp.sra.ebi.ac.uk/vol1/run/SRR163/SRR16304017/atac_possorted_bam.bam	
work/phase5/ccrcc/RCC116/wgs/RCC116_wgs_chrM.bam	0.0	0.0	phase5	slice	False	RCC116_wgs	True	False	False	True	https://ftp.sra.ebi.ac.uk/vol1/run/SRR163/SRR16304017/atac_possorted_bam.bam	
work/phase5/ccrcc/RCC96/wgs/RCC96_wgs_chrM.bam	0.0	0.0	phase5	slice	False	RCC96_wgs	True	False	False	True	https://ftp.sra.ebi.ac.uk/vol1/run/SRR163/SRR16304017/atac_possorted_bam.bam	
work/phase5/mgatk/smokez/out/temp/temp_bam/AAACGAATCGCGGCAT-1.temp1.bam	0.0	0.0	phase5	other	False	AAACGAATCGCGGCAT-1.temp1	True	False	False	True	https://ftp.sra.ebi.ac.uk/vol1/run/SRR163/SRR16304017/atac_possorted_bam.bam	
work/phase5/ccrcc/RCC104/wgs/RCC104_wgs_chrM.bam	0.0	0.0	phase5	slice	False	RCC104_wgs	True	False	False	True	https://ftp.sra.ebi.ac.uk/vol1/run/SRR163/SRR16304017/atac_possorted_bam.bam	
work/phase5/ccrcc/RCC119/wgs/RCC119_wgs_chrM.bam	0.0	0.0	phase5	slice	False	RCC119_wgs	True	False	False	True	https://ftp.sra.ebi.ac.uk/vol1/run/SRR163/SRR16304017/atac_possorted_bam.bam	
work/phase5/ccrcc/RCC106/wgs/RCC106_wgs_chrM.bam	0.0	0.0	phase5	slice	False	RCC106_wgs	True	False	False	True	https://ftp.sra.ebi.ac.uk/vol1/run/SRR163/SRR16304017/atac_possorted_bam.bam	
work/phase5/ccrcc/RCC115/wgs/RCC115_wgs_chrM.bam	0.0	0.0	phase5	slice	False	RCC115_wgs	True	False	False	True	https://ftp.sra.ebi.ac.uk/vol1/run/SRR163/SRR16304017/atac_possorted_bam.bam	
work/phase5/ccrcc/RCC103/wgs/RCC103_wgs_chrM.bam	0.0	0.0	phase5	slice	False	RCC103_wgs	True	False	False	True	https://ftp.sra.ebi.ac.uk/vol1/run/SRR163/SRR16304017/atac_possorted_bam.bam	
work/phase5/ccrcc/RCC94/wgs/RCC94_wgs_chrM.bam	0.0	0.0	phase5	slice	False	RCC94_wgs	True	False	False	True	https://ftp.sra.ebi.ac.uk/vol1/run/SRR163/SRR16304017/atac_possorted_bam.bam	
work/phase5/ccrcc/RCC99/wgs/RCC99_wgs_chrM.bam	0.0	0.0	phase5	slice	False	RCC99_wgs	True	False	False	True	https://ftp.sra.ebi.ac.uk/vol1/run/SRR163/SRR16304017/atac_possorted_bam.bam	
work/phase5/ccrcc/RCC100/wgs/RCC100_wgs_chrM.bam	0.0	0.0	phase5	slice	False	RCC100_wgs	True	False	False	True	https://ftp.sra.ebi.ac.uk/vol1/run/SRR163/SRR16304017/atac_possorted_bam.bam	
work/phase5/ccrcc/RCC81/wgs/RCC81_wgs_chrM.bam	0.0	0.0	phase5	slice	False	RCC81_wgs	True	False	False	True	https://ftp.sra.ebi.ac.uk/vol1/run/SRR163/SRR16304017/atac_possorted_bam.bam	
work/phase5/ccrcc/RCC113/wgs/RCC113_wgs_chrM.bam	0.0	0.0	phase5	slice	False	RCC113_wgs	True	False	False	True	https://ftp.sra.ebi.ac.uk/vol1/run/SRR163/SRR16304017/atac_possorted_bam.bam	
work/phase5/ccrcc/RCC84/wgs/RCC84_wgs_chrM.bam	0.0	0.0	phase5	slice	False	RCC84_wgs	True	False	False	True	https://ftp.sra.ebi.ac.uk/vol1/run/SRR163/SRR16304017/atac_possorted_bam.bam	
work/phase5/ccrcc/RCC86/wgs/RCC86_wgs_chrM.bam	0.0	0.0	phase5	slice	False	RCC86_wgs	True	False	False	True	https://ftp.sra.ebi.ac.uk/vol1/run/SRR163/SRR16304017/atac_possorted_bam.bam	
work/phase5/ccrcc/RCC101/wgs/RCC101_wgs_chrM.bam	0.0	0.0	phase5	slice	False	RCC101_wgs	True	False	False	True	https://ftp.sra.ebi.ac.uk/vol1/run/SRR163/SRR16304017/atac_possorted_bam.bam	
work/phase8/celltruth/redeem/cr_penter_cll6_2/count/SC_ATAC_COUNTER_CS/SC_ATAC_COUNTER/_BASIC_SC_ATAC_COUNTER/_ATAC_MATRIX_COMPUTER/WRITE_ATAC_BAM/fork0/join-ufec068c3e7/files/possorted_bam.bam	15.72	0.0	phase8	full	True	join-ufec068c3e7	True	False	False	True	https://ftp.sra.ebi.ac.uk/vol1/run/SRR163/SRR16304017/atac_possorted_bam.bam	symlink->work/phase8/celltruth/redeem/cr_penter_cll6_2/count/outs/possorted_bam.bam
work/phase4/derop/standard_count/SC_ATAC_COUNTER_CS/SC_ATAC_COUNTER/_BASIC_SC_ATAC_COUNTER/_ATAC_MATRIX_COMPUTER/WRITE_ATAC_BAM/fork0/join/files/possorted_bam.bam	33.42	0.0	phase4	full	True	WRITE_ATAC	True	False	False	True	https://ftp.sra.ebi.ac.uk/vol1/run/SRR163/SRR16304017/atac_possorted_bam.bam	symlink->work/phase4/derop/standard_count/outs/possorted_bam.bam
work/phase4/derop/standard_count/SC_ATAC_COUNTER_CS/SC_ATAC_COUNTER/_BASIC_SC_ATAC_COUNTER/_ATAC_MATRIX_COMPUTER/WRITE_ATAC_BAM/fork0/files/possorted_bam.bam	33.42	0.0	phase4	full	True	WRITE_ATAC	True	False	False	True	https://ftp.sra.ebi.ac.uk/vol1/run/SRR163/SRR16304017/atac_possorted_bam.bam	symlink->work/phase4/derop/standard_count/outs/possorted_bam.bam
work/phase4/derop/enriched_count/SC_ATAC_COUNTER_CS/SC_ATAC_COUNTER/_BASIC_SC_ATAC_COUNTER/_ATAC_MATRIX_COMPUTER/WRITE_ATAC_BAM/fork0/join/files/possorted_bam.bam	22.23	0.0	phase4	full	True	WRITE_ATAC	True	False	False	True	https://ftp.sra.ebi.ac.uk/vol1/run/SRR163/SRR16304017/atac_possorted_bam.bam	symlink->work/phase4/derop/enriched_count/outs/possorted_bam.bam
work/phase4/derop/enriched_count/SC_ATAC_COUNTER_CS/SC_ATAC_COUNTER/_BASIC_SC_ATAC_COUNTER/_ATAC_MATRIX_COMPUTER/WRITE_ATAC_BAM/fork0/join-ub0875f4683/files/possorted_bam.bam	22.23	0.0	phase4	full	True	join-ub0875f4683	True	False	False	True	https://ftp.sra.ebi.ac.uk/vol1/run/SRR163/SRR16304017/atac_possorted_bam.bam	symlink->work/phase4/derop/enriched_count/outs/possorted_bam.bam
work/phase4/derop/enriched_count/SC_ATAC_COUNTER_CS/SC_ATAC_COUNTER/_BASIC_SC_ATAC_COUNTER/_ATAC_MATRIX_COMPUTER/WRITE_ATAC_BAM/fork0/files/possorted_bam.bam	22.23	0.0	phase4	full	True	WRITE_ATAC	True	False	False	True	https://ftp.sra.ebi.ac.uk/vol1/run/SRR163/SRR16304017/atac_possorted_bam.bam	symlink->work/phase4/derop/enriched_count/outs/possorted_bam.bam
work/phase4/reh/reh_atac_count/SC_ATAC_COUNTER_CS/SC_ATAC_COUNTER/_BASIC_SC_ATAC_COUNTER/_ATAC_MATRIX_COMPUTER/WRITE_ATAC_BAM/fork0/join-u5ed95efc4b/files/possorted_bam.bam	15.66	0.0	phase4	full	True	join-u5ed95efc4b	True	False	False	True	https://ftp.sra.ebi.ac.uk/vol1/run/SRR163/SRR16304017/atac_possorted_bam.bam	symlink->work/phase4/reh/reh_atac_count/outs/possorted_bam.bam
work/phase13_sweep/mtdna/WT/WT_re_chrM.bam	0.0	0.0	phase13_sweep	slice	False	phase13_sweep	True	False	False	True	https://ftp.sra.ebi.ac.uk/vol1/run/SRR163/SRR16304017/atac_possorted_bam.bam	
work/phase14_metab/mtdna/Cachexia/Cachexia_re_chrM.bam	0.0	0.0	phase14_metab	slice	False	Cachexia	True	True	False	True	https://ftp.sra.ebi.ac.uk/vol1/run/SRR163/SRR16304017/atac_possorted_bam.bam	
work/phase14_metab/mtdna/WT1/WT1_re_chrM.bam	0.0	0.0	phase14_metab	slice	False	WT1	True	True	False	True	https://ftp.sra.ebi.ac.uk/vol1/run/SRR163/SRR16304017/atac_possorted_bam.bam	
work/phase8/celltruth/redeem/cr_penter_cll6_2/count/SC_ATAC_COUNTER_CS/SC_ATAC_COUNTER/_BASIC_SC_ATAC_COUNTER/_ATAC_MATRIX_COMPUTER/WRITE_ATAC_BAM/fork0/files/possorted_bam.bam	15.72	0.0	phase8	full	True	WRITE_ATAC	True	False	False	True	https://ftp.sra.ebi.ac.uk/vol1/run/SRR163/SRR16304017/atac_possorted_bam.bam	symlink->work/phase8/celltruth/redeem/cr_penter_cll6_2/count/outs/possorted_bam.bam
work/phase14_metab/mtdna/WT/WT_re_chrM.bam	0.0	0.0	phase14_metab	slice	False	phase14_metab	True	False	False	True	https://ftp.sra.ebi.ac.uk/vol1/run/SRR163/SRR16304017/atac_possorted_bam.bam	
work/phase1/tierb/arc_mtdogma_GSE217450/SC_ATAC_GEX_COUNTER_CS/SC_ATAC_GEX_COUNTER/_ATAC_MATRIX_COMPUTER/WRITE_ATAC_BAM/fork0/join/files/possorted_bam.bam	26.88	0.0	phase1	full	True	WRITE_ATAC	True	False	False	True	https://ftp.sra.ebi.ac.uk/vol1/run/SRR163/SRR16304017/atac_possorted_bam.bam	symlink->work/phase1/tierb/arc_mtdogma_GSE217450/outs/atac_possorted_bam.bam
work/phase14_metab/mtdna/WT2/WT2_re_chrM.bam	0.0	0.0	phase14_metab	slice	False	WT2	True	True	False	True	https://ftp.sra.ebi.ac.uk/vol1/run/SRR163/SRR16304017/atac_possorted_bam.bam	
work/phase8/celltruth/redeem/cr_penter_cll9_2/count/SC_ATAC_COUNTER_CS/SC_ATAC_COUNTER/_BASIC_SC_ATAC_COUNTER/_ATAC_MATRIX_COMPUTER/WRITE_ATAC_BAM/fork0/join/files/possorted_bam.bam	10.8	0.0	phase8	full	True	WRITE_ATAC	True	False	False	True	https://ftp.sra.ebi.ac.uk/vol1/run/SRR163/SRR16304017/atac_possorted_bam.bam	symlink->work/phase8/celltruth/redeem/cr_penter_cll9_2/count/outs/possorted_bam.bam
work/phase8/celltruth/redeem/cr_penter_cll9_2/count/SC_ATAC_COUNTER_CS/SC_ATAC_COUNTER/_BASIC_SC_ATAC_COUNTER/_ATAC_MATRIX_COMPUTER/WRITE_ATAC_BAM/fork0/join-u6050684b59/files/possorted_bam.bam	10.8	0.0	phase8	full	True	join-u6050684b59	True	False	False	True	https://ftp.sra.ebi.ac.uk/vol1/run/SRR163/SRR16304017/atac_possorted_bam.bam	symlink->work/phase8/celltruth/redeem/cr_penter_cll9_2/count/outs/possorted_bam.bam
work/phase8/celltruth/redeem/cr_penter_cll9_2/count/SC_ATAC_COUNTER_CS/SC_ATAC_COUNTER/_BASIC_SC_ATAC_COUNTER/_ATAC_MATRIX_COMPUTER/WRITE_ATAC_BAM/fork0/files/possorted_bam.bam	10.8	0.0	phase8	full	True	WRITE_ATAC	True	False	False	True	https://ftp.sra.ebi.ac.uk/vol1/run/SRR163/SRR16304017/atac_possorted_bam.bam	symlink->work/phase8/celltruth/redeem/cr_penter_cll9_2/count/outs/possorted_bam.bam
work/phase8/celltruth/redeem/cr_penter_cll6_2/count/SC_ATAC_COUNTER_CS/SC_ATAC_COUNTER/_BASIC_SC_ATAC_COUNTER/_ATAC_MATRIX_COMPUTER/WRITE_ATAC_BAM/fork0/join/files/possorted_bam.bam	15.72	0.0	phase8	full	True	WRITE_ATAC	True	False	False	True	https://ftp.sra.ebi.ac.uk/vol1/run/SRR163/SRR16304017/atac_possorted_bam.bam	symlink->work/phase8/celltruth/redeem/cr_penter_cll6_2/count/outs/possorted_bam.bam
work/phase4/reh/reh_atac_count/SC_ATAC_COUNTER_CS/SC_ATAC_COUNTER/_BASIC_SC_ATAC_COUNTER/_ATAC_MATRIX_COMPUTER/WRITE_ATAC_BAM/fork0/files/possorted_bam.bam	15.66	0.0	phase4	full	True	WRITE_ATAC	True	False	False	True	https://ftp.sra.ebi.ac.uk/vol1/run/SRR163/SRR16304017/atac_possorted_bam.bam	symlink->work/phase4/reh/reh_atac_count/outs/possorted_bam.bam
work/phase1/work/atac_hgmm_500/atac_hgmm_500_chrM.bam	0.0	0.0	phase1	slice	False	atac_hgmm_500	True	False	False	True	https://ftp.sra.ebi.ac.uk/vol1/run/SRR163/SRR16304017/atac_possorted_bam.bam	
work/phase5/ccrcc/RCC114/wgs/RCC114_wgs_chrM.bam	0.0	0.0	phase5	slice	False	RCC114_wgs	True	False	False	True	https://ftp.sra.ebi.ac.uk/vol1/run/SRR163/SRR16304017/atac_possorted_bam.bam	
work/phase5/ccrcc/RCC87/wgs/RCC87_wgs_chrM.bam	0.0	0.0	phase5	slice	False	RCC87_wgs	True	False	False	True	https://ftp.sra.ebi.ac.uk/vol1/run/SRR163/SRR16304017/atac_possorted_bam.bam	
work/phase1/tierb/arc_lung_COB11_GSE319044/SC_ATAC_GEX_COUNTER_CS/SC_ATAC_GEX_COUNTER/_ATAC_MATRIX_COMPUTER/WRITE_ATAC_BAM/fork0/files/possorted_bam.bam	7.13	0.0	phase1	full	True	WRITE_ATAC	True	False	False	True	https://ftp.sra.ebi.ac.uk/vol1/run/SRR163/SRR16304017/atac_possorted_bam.bam	symlink->work/phase1/tierb/arc_lung_COB11_GSE319044/outs/atac_possorted_bam.bam
work/phase1/tierb/arc_lung_COB11_GSE319044/SC_ATAC_GEX_COUNTER_CS/SC_ATAC_GEX_COUNTER/WRITE_POS_BAM/fork0/join-u04185d94b8/files/pos_sorted_non_multiplexed.bam	3.7	0.0	phase1	other	True	pos_sorted_non_multiplexed	True	False	False	True	https://ftp.sra.ebi.ac.uk/vol1/run/SRR163/SRR16304017/atac_possorted_bam.bam	symlink->work/phase1/tierb/arc_lung_COB11_GSE319044/outs/gex_possorted_bam.bam
work/phase1/tierb/arc_lung_COB11_GSE319044/SC_ATAC_GEX_COUNTER_CS/SC_ATAC_GEX_COUNTER/WRITE_POS_BAM/fork0/join/files/pos_sorted_non_multiplexed.bam	3.7	0.0	phase1	other	True	pos_sorted_non_multiplexed	True	False	False	True	https://ftp.sra.ebi.ac.uk/vol1/run/SRR163/SRR16304017/atac_possorted_bam.bam	symlink->work/phase1/tierb/arc_lung_COB11_GSE319044/outs/gex_possorted_bam.bam
work/phase1/tierb/arc_lung_COB11_GSE319044/SC_ATAC_GEX_COUNTER_CS/SC_ATAC_GEX_COUNTER/WRITE_POS_BAM/fork0/files/pos_sorted_non_multiplexed.bam	3.7	0.0	phase1	other	True	pos_sorted_non_multiplexed	True	False	False	True	https://ftp.sra.ebi.ac.uk/vol1/run/SRR163/SRR16304017/atac_possorted_bam.bam	symlink->work/phase1/tierb/arc_lung_COB11_GSE319044/outs/gex_possorted_bam.bam
work/phase14_metab/mtdna/PDAC04/PDAC04_re_chrM.bam	0.0	0.0	phase14_metab	slice	False	PDAC04	True	True	False	True	https://ftp.sra.ebi.ac.uk/vol1/run/SRR163/SRR16304017/atac_possorted_bam.bam	
work/phase5/mgatk/smokez/out/temp/temp_bam/AAACGAAAGAACGACC-1.temp0.bam	0.0	0.0	phase5	other	False	AAACGAAAGAACGACC-1.temp0	True	False	False	True	https://ftp.sra.ebi.ac.uk/vol1/run/SRR163/SRR16304017/atac_possorted_bam.bam	
work/phase5/mgatk/smokez/out/temp/temp_bam/AAACTCGGTAACCGAG-1.temp0.bam	0.0	0.0	phase5	other	False	AAACTCGGTAACCGAG-1.temp0	True	False	False	True	https://ftp.sra.ebi.ac.uk/vol1/run/SRR163/SRR16304017/atac_possorted_bam.bam	
work/phase5/mgatk/smokez/out/temp/temp_bam/AAACTCGTCGCACCTT-1.temp1.bam	0.0	0.0	phase5	other	False	AAACTCGTCGCACCTT-1.temp1	True	False	False	True	https://ftp.sra.ebi.ac.uk/vol1/run/SRR163/SRR16304017/atac_possorted_bam.bam	
work/phase5/mgatk/smokez/out/temp/temp_bam/AAACGAACAACCTCTC-1.temp1.bam	0.0	0.0	phase5	other	False	AAACGAACAACCTCTC-1.temp1	True	False	False	True	https://ftp.sra.ebi.ac.uk/vol1/run/SRR163/SRR16304017/atac_possorted_bam.bam	
work/phase5/mgatk/smokez/out/temp/temp_bam/AAACGAAGTGCAGACA-1.temp0.bam	0.0	0.0	phase5	other	False	AAACGAAGTGCAGACA-1.temp0	True	False	False	True	https://ftp.sra.ebi.ac.uk/vol1/run/SRR163/SRR16304017/atac_possorted_bam.bam	
work/phase5/mgatk/smokez/out/temp/temp_bam/AAACGAAGTTCTACCC-1.temp1.bam	0.0	0.0	phase5	other	False	AAACGAAGTTCTACCC-1.temp1	True	False	False	True	https://ftp.sra.ebi.ac.uk/vol1/run/SRR163/SRR16304017/atac_possorted_bam.bam	
work/phase5/mgatk/smokez/out/temp/temp_bam/AAACTCGAGATCTCAC-1.temp0.bam	0.0	0.0	phase5	other	False	AAACTCGAGATCTCAC-1.temp0	True	False	False	True	https://ftp.sra.ebi.ac.uk/vol1/run/SRR163/SRR16304017/atac_possorted_bam.bam	
work/phase5/mgatk/smokez/out/temp/temp_bam/AAACTGCAGAGAGTAG-1.temp0.bam	0.0	0.0	phase5	other	False	AAACTGCAGAGAGTAG-1.temp0	True	False	False	True	https://ftp.sra.ebi.ac.uk/vol1/run/SRR163/SRR16304017/atac_possorted_bam.bam	
work/phase5/mgatk/smokez/out/temp/barcoded_bams/AAACGAATCAGGCCGT-1.bam	0.0	0.0	phase5	other	False	AAACGAATCAGGCCGT-1	True	False	False	True	https://ftp.sra.ebi.ac.uk/vol1/run/SRR163/SRR16304017/atac_possorted_bam.bam	
work/phase5/mgatk/smokez/out/temp/barcoded_bams/AAACGAAAGACCCTAT-1.bam	0.0	0.0	phase5	other	False	AAACGAAAGACCCTAT-1	True	False	False	True	https://ftp.sra.ebi.ac.uk/vol1/run/SRR163/SRR16304017/atac_possorted_bam.bam	
work/phase5/mgatk/smokez/out/temp/barcoded_bams/AAACTCGAGCTAGTTC-1.bam	0.0	0.0	phase5	other	False	AAACTCGAGCTAGTTC-1	True	False	False	True	https://ftp.sra.ebi.ac.uk/vol1/run/SRR163/SRR16304017/atac_possorted_bam.bam	
work/phase5/mgatk/smokez/out/temp/barcoded_bams/AAACTCGTCGCACCTT-1.bam	0.0	0.0	phase5	other	False	AAACTCGTCGCACCTT-1	True	False	False	True	https://ftp.sra.ebi.ac.uk/vol1/run/SRR163/SRR16304017/atac_possorted_bam.bam	
work/phase5/ccrcc/RCC112/wgs/RCC112_wgs_chrM.bam	0.0	0.0	phase5	slice	False	RCC112_wgs	True	False	False	True	https://ftp.sra.ebi.ac.uk/vol1/run/SRR163/SRR16304017/atac_possorted_bam.bam	
work/phase5/mgatk/smokez/out/temp/temp_bam/AAACGAAAGACTAGCG-1.temp1.bam	0.0	0.0	phase5	other	False	AAACGAAAGACTAGCG-1.temp1	True	False	False	True	https://ftp.sra.ebi.ac.uk/vol1/run/SRR163/SRR16304017/atac_possorted_bam.bam	
work/phase5/mgatk/smokez/out/temp/temp_bam/AAACTCGAGAGCTGTG-1.temp1.bam	0.0	0.0	phase5	other	False	AAACTCGAGAGCTGTG-1.temp1	True	False	False	True	https://ftp.sra.ebi.ac.uk/vol1/run/SRR163/SRR16304017/atac_possorted_bam.bam	
work/phase5/mgatk/smokez/out/temp/temp_bam/AAACGAAAGGATTAAC-1.temp0.bam	0.0	0.0	phase5	other	False	AAACGAAAGGATTAAC-1.temp0	True	False	False	True	https://ftp.sra.ebi.ac.uk/vol1/run/SRR163/SRR16304017/atac_possorted_bam.bam	
work/phase5/mgatk/smokez/out/temp/temp_bam/AAACGAATCGCGGCAT-1.temp0.bam	0.0	0.0	phase5	other	False	AAACGAATCGCGGCAT-1.temp0	True	False	False	True	https://ftp.sra.ebi.ac.uk/vol1/run/SRR163/SRR16304017/atac_possorted_bam.bam	
work/phase5/mgatk/smokez/out/temp/temp_bam/AAACGAAAGACCCTAT-1.temp1.bam	0.0	0.0	phase5	other	False	AAACGAAAGACCCTAT-1.temp1	True	False	False	True	https://ftp.sra.ebi.ac.uk/vol1/run/SRR163/SRR16304017/atac_possorted_bam.bam	
work/phase5/mgatk/smokez/out/temp/temp_bam/AAACGAATCAGGCCGT-1.temp1.bam	0.0	0.0	phase5	other	False	AAACGAATCAGGCCGT-1.temp1	True	False	False	True	https://ftp.sra.ebi.ac.uk/vol1/run/SRR163/SRR16304017/atac_possorted_bam.bam	
work/phase5/mgatk/smokez/out/temp/temp_bam/AAACGAAAGACCCTAT-1.temp0.bam	0.0	0.0	phase5	other	False	AAACGAAAGACCCTAT-1.temp0	True	False	False	True	https://ftp.sra.ebi.ac.uk/vol1/run/SRR163/SRR16304017/atac_possorted_bam.bam	
work/phase5/mgatk/smokez/out/temp/temp_bam/AAACTGCAGGCTCCTG-1.temp0.bam	0.0	0.0	phase5	other	False	AAACTGCAGGCTCCTG-1.temp0	True	False	False	True	https://ftp.sra.ebi.ac.uk/vol1/run/SRR163/SRR16304017/atac_possorted_bam.bam	
work/phase5/mgatk/smokez/out/temp/temp_bam/AAACTCGTCGCGGCAT-1.temp1.bam	0.0	0.0	phase5	other	False	AAACTCGTCGCGGCAT-1.temp1	True	False	False	True	https://ftp.sra.ebi.ac.uk/vol1/run/SRR163/SRR16304017/atac_possorted_bam.bam	
work/phase5/mgatk/smokez/out/temp/temp_bam/AAACTCGTCGCGGCAT-1.temp0.bam	0.0	0.0	phase5	other	False	AAACTCGTCGCGGCAT-1.temp0	True	False	False	True	https://ftp.sra.ebi.ac.uk/vol1/run/SRR163/SRR16304017/atac_possorted_bam.bam	
work/phase5/mgatk/smokez/out/temp/temp_bam/AAACGAAGTTTCCACC-1.temp1.bam	0.0	0.0	phase5	other	False	AAACGAAGTTTCCACC-1.temp1	True	False	False	True	https://ftp.sra.ebi.ac.uk/vol1/run/SRR163/SRR16304017/atac_possorted_bam.bam	
work/phase5/mgatk/smokez/out/temp/temp_bam/AAACTGCAGGAAACTT-1.temp1.bam	0.0	0.0	phase5	other	False	AAACTGCAGGAAACTT-1.temp1	True	False	False	True	https://ftp.sra.ebi.ac.uk/vol1/run/SRR163/SRR16304017/atac_possorted_bam.bam	
work/phase5/mgatk/smokez/out/temp/temp_bam/AAACTCGAGAGCTGTG-1.temp0.bam	0.0	0.0	phase5	other	False	AAACTCGAGAGCTGTG-1.temp0	True	False	False	True	https://ftp.sra.ebi.ac.uk/vol1/run/SRR163/SRR16304017/atac_possorted_bam.bam	
work/phase5/mgatk/smokez/out/temp/temp_bam/AAACTCGGTATGTTCG-1.temp1.bam	0.0	0.0	phase5	other	False	AAACTCGGTATGTTCG-1.temp1	True	False	False	True	https://ftp.sra.ebi.ac.uk/vol1/run/SRR163/SRR16304017/atac_possorted_bam.bam	
work/phase5/mgatk/smokez/out/temp/temp_bam/AAACTCGAGCTAGTTC-1.temp1.bam	0.0	0.0	phase5	other	False	AAACTCGAGCTAGTTC-1.temp1	True	False	False	True	https://ftp.sra.ebi.ac.uk/vol1/run/SRR163/SRR16304017/atac_possorted_bam.bam	
work/phase5/mgatk/smokez/out/temp/temp_bam/AAACTGCAGGAAACTT-1.temp0.bam	0.0	0.0	phase5	other	False	AAACTGCAGGAAACTT-1.temp0	True	False	False	True	https://ftp.sra.ebi.ac.uk/vol1/run/SRR163/SRR16304017/atac_possorted_bam.bam	
work/phase5/mgatk/smokez/out/temp/temp_bam/AAACGAATCGTCTTAT-1.temp1.bam	0.0	0.0	phase5	other	False	AAACGAATCGTCTTAT-1.temp1	True	False	False	True	https://ftp.sra.ebi.ac.uk/vol1/run/SRR163/SRR16304017/atac_possorted_bam.bam	
work/phase5/mgatk/smokez/out/temp/temp_bam/AAACGAAGTATTCTTC-1.temp0.bam	0.0	0.0	phase5	other	False	AAACGAAGTATTCTTC-1.temp0	True	False	False	True	https://ftp.sra.ebi.ac.uk/vol1/run/SRR163/SRR16304017/atac_possorted_bam.bam	
work/phase5/mgatk/smokez/out/temp/temp_bam/AAACTCGAGCTAGTTC-1.temp0.bam	0.0	0.0	phase5	other	False	AAACTCGAGCTAGTTC-1.temp0	True	False	False	True	https://ftp.sra.ebi.ac.uk/vol1/run/SRR163/SRR16304017/atac_possorted_bam.bam	
work/phase5/mgatk/smokez/out/temp/temp_bam/AAACGAAAGAACGACC-1.temp1.bam	0.0	0.0	phase5	other	False	AAACGAAAGAACGACC-1.temp1	True	False	False	True	https://ftp.sra.ebi.ac.uk/vol1/run/SRR163/SRR16304017/atac_possorted_bam.bam	
work/phase5/mgatk/smokez/out/temp/temp_bam/AAACGAAGTTTGTACG-1.temp0.bam	0.0	0.0	phase5	other	False	AAACGAAGTTTGTACG-1.temp0	True	False	False	True	https://ftp.sra.ebi.ac.uk/vol1/run/SRR163/SRR16304017/atac_possorted_bam.bam	
work/phase5/mgatk/smokez/out/temp/temp_bam/AAACGAACAACCTCTC-1.temp0.bam	0.0	0.0	phase5	other	False	AAACGAACAACCTCTC-1.temp0	True	False	False	True	https://ftp.sra.ebi.ac.uk/vol1/run/SRR163/SRR16304017/atac_possorted_bam.bam	
work/phase5/mgatk/smokez/out/temp/temp_bam/AAACTCGGTAACCGAG-1.temp1.bam	0.0	0.0	phase5	other	False	AAACTCGGTAACCGAG-1.temp1	True	False	False	True	https://ftp.sra.ebi.ac.uk/vol1/run/SRR163/SRR16304017/atac_possorted_bam.bam	
work/phase5/mgatk/smokez/out/temp/temp_bam/AAACTCGGTATGTTCG-1.temp0.bam	0.0	0.0	phase5	other	False	AAACTCGGTATGTTCG-1.temp0	True	False	False	True	https://ftp.sra.ebi.ac.uk/vol1/run/SRR163/SRR16304017/atac_possorted_bam.bam	
work/phase5/mgatk/smokez/out/temp/temp_bam/AAACTGCAGTATACCC-1.temp0.bam	0.0	0.0	phase5	other	False	AAACTGCAGTATACCC-1.temp0	True	False	False	True	https://ftp.sra.ebi.ac.uk/vol1/run/SRR163/SRR16304017/atac_possorted_bam.bam	
work/phase5/mgatk/smokez/out/temp/temp_bam/AAACTGCAGGCTCCTG-1.temp1.bam	0.0	0.0	phase5	other	False	AAACTGCAGGCTCCTG-1.temp1	True	False	False	True	https://ftp.sra.ebi.ac.uk/vol1/run/SRR163/SRR16304017/atac_possorted_bam.bam	
work/phase5/mgatk/smokez/out/temp/temp_bam/AAACTGCAGAGGCCTA-1.temp0.bam	0.0	0.0	phase5	other	False	AAACTGCAGAGGCCTA-1.temp0	True	False	False	True	https://ftp.sra.ebi.ac.uk/vol1/run/SRR163/SRR16304017/atac_possorted_bam.bam	
work/phase5/mgatk/smokez/out/temp/temp_bam/AAACGAAGTTTCCACC-1.temp0.bam	0.0	0.0	phase5	other	False	AAACGAAGTTTCCACC-1.temp0	True	False	False	True	https://ftp.sra.ebi.ac.uk/vol1/run/SRR163/SRR16304017/atac_possorted_bam.bam	
work/phase5/mgatk/smokez/out/temp/temp_bam/AAACGAAAGCATTGGG-1.temp1.bam	0.0	0.0	phase5	other	False	AAACGAAAGCATTGGG-1.temp1	True	False	False	True	https://ftp.sra.ebi.ac.uk/vol1/run/SRR163/SRR16304017/atac_possorted_bam.bam	
work/phase5/mgatk/smokez/out/temp/temp_bam/AAACGAACACTCGCAG-1.temp1.bam	0.0	0.0	phase5	other	False	AAACGAACACTCGCAG-1.temp1	True	False	False	True	https://ftp.sra.ebi.ac.uk/vol1/run/SRR163/SRR16304017/atac_possorted_bam.bam	
work/phase5/mgatk/smokez/out/temp/temp_bam/AAACGAAGTTCTACCC-1.temp0.bam	0.0	0.0	phase5	other	False	AAACGAAGTTCTACCC-1.temp0	True	False	False	True	https://ftp.sra.ebi.ac.uk/vol1/run/SRR163/SRR16304017/atac_possorted_bam.bam	
work/phase5/mgatk/smokez/out/temp/temp_bam/AAACTGCAGAGGCCTA-1.temp1.bam	0.0	0.0	phase5	other	False	AAACTGCAGAGGCCTA-1.temp1	True	False	False	True	https://ftp.sra.ebi.ac.uk/vol1/run/SRR163/SRR16304017/atac_possorted_bam.bam	
work/phase5/mgatk/smokez/out/temp/temp_bam/AAACTCGTCCTAAGTG-1.temp0.bam	0.0	0.0	phase5	other	False	AAACTCGTCCTAAGTG-1.temp0	True	False	False	True	https://ftp.sra.ebi.ac.uk/vol1/run/SRR163/SRR16304017/atac_possorted_bam.bam	
work/phase5/mgatk/smokez/out/temp/temp_bam/AAACGAAGTGCAGACA-1.temp1.bam	0.0	0.0	phase5	other	False	AAACGAAGTGCAGACA-1.temp1	True	False	False	True	https://ftp.sra.ebi.ac.uk/vol1/run/SRR163/SRR16304017/atac_possorted_bam.bam	
work/phase5/mgatk/smokez/out/temp/temp_bam/AAACGAACACTCGCAG-1.temp0.bam	0.0	0.0	phase5	other	False	AAACGAACACTCGCAG-1.temp0	True	False	False	True	https://ftp.sra.ebi.ac.uk/vol1/run/SRR163/SRR16304017/atac_possorted_bam.bam	
work/phase5/mgatk/smokez/out/temp/temp_bam/AAACTCGTCCTAAGTG-1.temp1.bam	0.0	0.0	phase5	other	False	AAACTCGTCCTAAGTG-1.temp1	True	False	False	True	https://ftp.sra.ebi.ac.uk/vol1/run/SRR163/SRR16304017/atac_possorted_bam.bam	
work/phase5/mgatk/smokez/out/temp/temp_bam/AAACGAATCGTCTTAT-1.temp0.bam	0.0	0.0	phase5	other	False	AAACGAATCGTCTTAT-1.temp0	True	False	False	True	https://ftp.sra.ebi.ac.uk/vol1/run/SRR163/SRR16304017/atac_possorted_bam.bam	
work/phase5/mgatk/smokez/out/temp/temp_bam/AAACTCGTCGCACCTT-1.temp0.bam	0.0	0.0	phase5	other	False	AAACTCGTCGCACCTT-1.temp0	True	False	False	True	https://ftp.sra.ebi.ac.uk/vol1/run/SRR163/SRR16304017/atac_possorted_bam.bam	
work/phase5/mgatk/smokez/out/temp/temp_bam/AAACGAACACTTTGGA-1.temp1.bam	0.0	0.0	phase5	other	False	AAACGAACACTTTGGA-1.temp1	True	False	False	True	https://ftp.sra.ebi.ac.uk/vol1/run/SRR163/SRR16304017/atac_possorted_bam.bam	
work/phase5/mgatk/smokez/out/temp/temp_bam/AAACGAAAGCATTGGG-1.temp0.bam	0.0	0.0	phase5	other	False	AAACGAAAGCATTGGG-1.temp0	True	False	False	True	https://ftp.sra.ebi.ac.uk/vol1/run/SRR163/SRR16304017/atac_possorted_bam.bam	
