pos	n_partitions	T_obs	null_q95	empirical_p	licensed	shuffleable_frac	enough_pooled_depth	top	feasible_0.005	feasible_0.01	feasible_0.02	feasible_0.05	feasible_0.1	per_cluster
610	8	4.5913268260166765e-06	1.2298197079906038e-06	0.0	True	1.0	True	FLT3intCD9hi	True	True	True	True	True	"{""FLT3int"": {""vaf"": 0.00774, ""n"": 1053, ""pooled_depth"": 12235.0, ""callable"": false}, ""FLT3intCD9hi"": {""vaf"": 0.01058, ""n"": 529, ""pooled_depth"": 6756.0, ""callable"": true}, ""FLT3intCD9lo"": {""vaf"": 0.00672, ""n"": 714, ""pooled_depth"": 11588.0, ""callable"": false}, ""LMPP"": {""vaf"": 0.00663, ""n"": 818, ""pooled_depth"": 12673.0, ""callable"": false}, ""LTHSC"": {""vaf"": 0.00898, ""n"": 1065, ""pooled_depth"": 17510.0, ""callable"": true}, ""MPP2"": {""vaf"": 0.00478, ""n"": 1051, ""pooled_depth"": 6516.0, ""callable"": false}, ""STHSC"": {""vaf"": 0.0101, ""n"": 913, ""pooled_depth"": 11285.0, ""callable"": true}, ""preMegE"": {""vaf"": 0.0047, ""n"": 1224, ""pooled_depth"": 9837.0, ""callable"": false}}"
1782	8	1.9997375021630695e-06	8.482310711506938e-07	0.0	True	1.0	True	preMegE	True	True	True	True	True	"{""FLT3int"": {""vaf"": 0.00326, ""n"": 951, ""pooled_depth"": 10206.0, ""callable"": false}, ""FLT3intCD9hi"": {""vaf"": 0.00543, ""n"": 500, ""pooled_depth"": 5940.0, ""callable"": false}, ""FLT3intCD9lo"": {""vaf"": 0.00426, ""n"": 685, ""pooled_depth"": 10075.0, ""callable"": false}, ""LMPP"": {""vaf"": 0.00378, ""n"": 746, ""pooled_depth"": 10854.0, ""callable"": false}, ""LTHSC"": {""vaf"": 0.00613, ""n"": 992, ""pooled_depth"": 15099.0, ""callable"": false}, ""MPP2"": {""vaf"": 0.00563, ""n"": 928, ""pooled_depth"": 5116.0, ""callable"": false}, ""STHSC"": {""vaf"": 0.00543, ""n"": 833, ""pooled_depth"": 10182.0, ""callable"": false}, ""preMegE"": {""vaf"": 0.00669, ""n"": 1069, ""pooled_depth"": 7667.0, ""callable"": false}}"
1820	8	5.433622332688906e-06	1.0279250518770334e-06	0.0	True	1.0	True	FLT3intCD9hi	True	True	True	True	True	"{""FLT3int"": {""vaf"": 0.00542, ""n"": 916, ""pooled_depth"": 9173.0, ""callable"": false}, ""FLT3intCD9hi"": {""vaf"": 0.00855, ""n"": 433, ""pooled_depth"": 5008.0, ""callable"": true}, ""FLT3intCD9lo"": {""vaf"": 0.00522, ""n"": 624, ""pooled_depth"": 8961.0, ""callable"": false}, ""LMPP"": {""vaf"": 0.00458, ""n"": 701, ""pooled_depth"": 9856.0, ""callable"": false}, ""LTHSC"": {""vaf"": 0.0069, ""n"": 949, ""pooled_depth"": 13010.0, ""callable"": false}, ""MPP2"": {""vaf"": 0.00156, ""n"": 841, ""pooled_depth"": 4447.0, ""callable"": false}, ""STHSC"": {""vaf"": 0.00611, ""n"": 785, ""pooled_depth"": 8713.0, ""callable"": false}, ""preMegE"": {""vaf"": 0.00078, ""n"": 1039, ""pooled_depth"": 6983.0, ""callable"": false}}"
2123	8	7.828738949359382e-06	7.389813873045392e-07	0.0	True	1.0	True	STHSC	True	True	True	True	True	"{""FLT3int"": {""vaf"": 0.00491, ""n"": 1007, ""pooled_depth"": 11364.0, ""callable"": false}, ""FLT3intCD9hi"": {""vaf"": 0.00729, ""n"": 508, ""pooled_depth"": 6828.0, ""callable"": false}, ""FLT3intCD9lo"": {""vaf"": 0.0041, ""n"": 705, ""pooled_depth"": 10767.0, ""callable"": false}, ""LMPP"": {""vaf"": 0.00335, ""n"": 779, ""pooled_depth"": 11217.0, ""callable"": false}, ""LTHSC"": {""vaf"": 0.0076, ""n"": 1099, ""pooled_depth"": 17577.0, ""callable"": false}, ""MPP2"": {""vaf"": 0.00088, ""n"": 906, ""pooled_depth"": 5283.0, ""callable"": false}, ""STHSC"": {""vaf"": 0.00811, ""n"": 876, ""pooled_depth"": 11151.0, ""callable"": true}, ""preMegE"": {""vaf"": 0.00022, ""n"": 1137, ""pooled_depth"": 8730.0, ""callable"": false}}"
2171	8	2.516783886081239e-05	3.2146833349816013e-06	0.0	True	1.0	True	LTHSC	True	True	True	True	True	"{""FLT3int"": {""vaf"": 0.01082, ""n"": 789, ""pooled_depth"": 5154.0, ""callable"": true}, ""FLT3intCD9hi"": {""vaf"": 0.01436, ""n"": 341, ""pooled_depth"": 3387.0, ""callable"": true}, ""FLT3intCD9lo"": {""vaf"": 0.00878, ""n"": 482, ""pooled_depth"": 5173.0, ""callable"": true}, ""LMPP"": {""vaf"": 0.00687, ""n"": 539, ""pooled_depth"": 5678.0, ""callable"": false}, ""LTHSC"": {""vaf"": 0.01628, ""n"": 826, ""pooled_depth"": 8599.0, ""callable"": true}, ""MPP2"": {""vaf"": 0.00229, ""n"": 517, ""pooled_depth"": 2826.0, ""callable"": false}, ""STHSC"": {""vaf"": 0.01609, ""n"": 587, ""pooled_depth"": 5910.0, ""callable"": true}, ""preMegE"": {""vaf"": 0.00531, ""n"": 825, ""pooled_depth"": 4425.0, ""callable"": false}}"
2766	8	9.057323728151648e-06	2.922464612526941e-06	0.0	True	1.0	True	STHSC	True	True	True	True	True	"{""FLT3int"": {""vaf"": 0.01481, ""n"": 897, ""pooled_depth"": 9654.0, ""callable"": true}, ""FLT3intCD9hi"": {""vaf"": 0.01412, ""n"": 456, ""pooled_depth"": 5425.0, ""callable"": true}, ""FLT3intCD9lo"": {""vaf"": 0.01314, ""n"": 649, ""pooled_depth"": 8950.0, ""callable"": true}, ""LMPP"": {""vaf"": 0.01331, ""n"": 761, ""pooled_depth"": 10476.0, ""callable"": true}, ""LTHSC"": {""vaf"": 0.01459, ""n"": 981, ""pooled_depth"": 14271.0, ""callable"": true}, ""MPP2"": {""vaf"": 0.00933, ""n"": 873, ""pooled_depth"": 4879.0, ""callable"": true}, ""STHSC"": {""vaf"": 0.01627, ""n"": 825, ""pooled_depth"": 9244.0, ""callable"": true}, ""preMegE"": {""vaf"": 0.00708, ""n"": 1038, ""pooled_depth"": 7323.0, ""callable"": false}}"
2813	8	5.594802163432854e-06	6.833372024911939e-07	0.0	True	1.0	True	FLT3intCD9hi	True	True	True	True	True	"{""FLT3int"": {""vaf"": 0.00718, ""n"": 1036, ""pooled_depth"": 14335.0, ""callable"": false}, ""FLT3intCD9hi"": {""vaf"": 0.00772, ""n"": 609, ""pooled_depth"": 8360.0, ""callable"": true}, ""FLT3intCD9lo"": {""vaf"": 0.00644, ""n"": 787, ""pooled_depth"": 13731.0, ""callable"": false}, ""LMPP"": {""vaf"": 0.00536, ""n"": 922, ""pooled_depth"": 15306.0, ""callable"": false}, ""LTHSC"": {""vaf"": 0.00762, ""n"": 1193, ""pooled_depth"": 21477.0, ""callable"": false}, ""MPP2"": {""vaf"": 0.00136, ""n"": 1085, ""pooled_depth"": 7167.0, ""callable"": false}, ""STHSC"": {""vaf"": 0.00724, ""n"": 1028, ""pooled_depth"": 14216.0, ""callable"": false}, ""preMegE"": {""vaf"": 0.0013, ""n"": 1248, ""pooled_depth"": 10574.0, ""callable"": false}}"
2814	8	5.355592350180141e-06	1.3485405113131809e-06	0.0	True	1.0	True	STHSC	True	True	True	True	True	"{""FLT3int"": {""vaf"": 0.01071, ""n"": 1025, ""pooled_depth"": 13947.0, ""callable"": true}, ""FLT3intCD9hi"": {""vaf"": 0.01067, ""n"": 597, ""pooled_depth"": 8104.0, ""callable"": true}, ""FLT3intCD9lo"": {""vaf"": 0.00982, ""n"": 783, ""pooled_depth"": 13402.0, ""callable"": true}, ""LMPP"": {""vaf"": 0.00973, ""n"": 902, ""pooled_depth"": 14859.0, ""callable"": true}, ""LTHSC"": {""vaf"": 0.01105, ""n"": 1189, ""pooled_depth"": 20908.0, ""callable"": true}, ""MPP2"": {""vaf"": 0.00694, ""n"": 1065, ""pooled_depth"": 6945.0, ""callable"": false}, ""STHSC"": {""vaf"": 0.01222, ""n"": 1014, ""pooled_depth"": 13792.0, ""callable"": true}, ""preMegE"": {""vaf"": 0.00486, ""n"": 1234, ""pooled_depth"": 10258.0, ""callable"": false}}"
3869	8	2.2486621488886438e-05	2.046025924611509e-06	0.0	True	1.0	True	FLT3intCD9hi	True	True	True	True	True	"{""FLT3int"": {""vaf"": 0.01282, ""n"": 1078, ""pooled_depth"": 14059.0, ""callable"": true}, ""FLT3intCD9hi"": {""vaf"": 0.01555, ""n"": 591, ""pooled_depth"": 8393.0, ""callable"": true}, ""FLT3intCD9lo"": {""vaf"": 0.01209, ""n"": 785, ""pooled_depth"": 13187.0, ""callable"": true}, ""LMPP"": {""vaf"": 0.01015, ""n"": 879, ""pooled_depth"": 14573.0, ""callable"": true}, ""LTHSC"": {""vaf"": 0.01433, ""n"": 1150, ""pooled_depth"": 21475.0, ""callable"": true}, ""MPP2"": {""vaf"": 0.00135, ""n"": 1011, ""pooled_depth"": 6265.0, ""callable"": false}, ""STHSC"": {""vaf"": 0.01378, ""n"": 996, ""pooled_depth"": 13862.0, ""callable"": true}, ""preMegE"": {""vaf"": 0.0009, ""n"": 1196, ""pooled_depth"": 9552.0, ""callable"": false}}"
3996	8	2.2623598812816315e-05	2.0361739820330838e-06	0.0	True	1.0	True	FLT3intCD9hi	True	True	True	True	True	"{""FLT3int"": {""vaf"": 0.01271, ""n"": 969, ""pooled_depth"": 11972.0, ""callable"": true}, ""FLT3intCD9hi"": {""vaf"": 0.01521, ""n"": 507, ""pooled_depth"": 6607.0, ""callable"": true}, ""FLT3intCD9lo"": {""vaf"": 0.01068, ""n"": 689, ""pooled_depth"": 11492.0, ""callable"": true}, ""LMPP"": {""vaf"": 0.00957, ""n"": 806, ""pooled_depth"": 12652.0, ""callable"": true}, ""LTHSC"": {""vaf"": 0.01385, ""n"": 1091, ""pooled_depth"": 17680.0, ""callable"": true}, ""MPP2"": {""vaf"": 0.00165, ""n"": 959, ""pooled_depth"": 5647.0, ""callable"": false}, ""STHSC"": {""vaf"": 0.01438, ""n"": 901, ""pooled_depth"": 10966.0, ""callable"": true}, ""preMegE"": {""vaf"": 0.00079, ""n"": 1103, ""pooled_depth"": 8309.0, ""callable"": false}}"
4044	8	1.1496439104847773e-05	1.155032005062723e-06	0.0	True	1.0	True	STHSC	True	True	True	True	True	"{""FLT3int"": {""vaf"": 0.01025, ""n"": 1086, ""pooled_depth"": 14832.0, ""callable"": true}, ""FLT3intCD9hi"": {""vaf"": 0.01186, ""n"": 632, ""pooled_depth"": 9055.0, ""callable"": true}, ""FLT3intCD9lo"": {""vaf"": 0.00913, ""n"": 845, ""pooled_depth"": 14311.0, ""callable"": true}, ""LMPP"": {""vaf"": 0.00817, ""n"": 913, ""pooled_depth"": 15298.0, ""callable"": true}, ""LTHSC"": {""vaf"": 0.01103, ""n"": 1204, ""pooled_depth"": 22922.0, ""callable"": true}, ""MPP2"": {""vaf"": 0.00258, ""n"": 1015, ""pooled_depth"": 6429.0, ""callable"": false}, ""STHSC"": {""vaf"": 0.01186, ""n"": 1000, ""pooled_depth"": 14279.0, ""callable"": true}, ""preMegE"": {""vaf"": 0.00168, ""n"": 1247, ""pooled_depth"": 10137.0, ""callable"": false}}"
4145	8	4.549165890805428e-06	7.967243815522947e-07	0.0	True	1.0	True	LTHSC	True	True	True	True	True	"{""FLT3int"": {""vaf"": 0.00503, ""n"": 1016, ""pooled_depth"": 11906.0, ""callable"": false}, ""FLT3intCD9hi"": {""vaf"": 0.00646, ""n"": 535, ""pooled_depth"": 6953.0, ""callable"": false}, ""FLT3intCD9lo"": {""vaf"": 0.00595, ""n"": 701, ""pooled_depth"": 11472.0, ""callable"": false}, ""LMPP"": {""vaf"": 0.00644, ""n"": 816, ""pooled_depth"": 12249.0, ""callable"": false}, ""LTHSC"": {""vaf"": 0.00708, ""n"": 1083, ""pooled_depth"": 17849.0, ""callable"": false}, ""MPP2"": {""vaf"": 0.00105, ""n"": 906, ""pooled_depth"": 5403.0, ""callable"": false}, ""STHSC"": {""vaf"": 0.00605, ""n"": 924, ""pooled_depth"": 11600.0, ""callable"": false}, ""preMegE"": {""vaf"": 0.00117, ""n"": 1113, ""pooled_depth"": 8176.0, ""callable"": false}}"
4150	8	7.265808190703674e-06	8.094326107086691e-07	0.0	True	1.0	True	STHSC	True	True	True	True	True	"{""FLT3int"": {""vaf"": 0.00695, ""n"": 990, ""pooled_depth"": 11690.0, ""callable"": false}, ""FLT3intCD9hi"": {""vaf"": 0.00786, ""n"": 525, ""pooled_depth"": 6851.0, ""callable"": true}, ""FLT3intCD9lo"": {""vaf"": 0.00679, ""n"": 690, ""pooled_depth"": 11253.0, ""callable"": false}, ""LMPP"": {""vaf"": 0.00532, ""n"": 801, ""pooled_depth"": 12056.0, ""callable"": false}, ""LTHSC"": {""vaf"": 0.00777, ""n"": 1074, ""pooled_depth"": 17627.0, ""callable"": true}, ""MPP2"": {""vaf"": 0.00045, ""n"": 909, ""pooled_depth"": 5527.0, ""callable"": false}, ""STHSC"": {""vaf"": 0.00824, ""n"": 917, ""pooled_depth"": 11485.0, ""callable"": true}, ""preMegE"": {""vaf"": 0.00088, ""n"": 1128, ""pooled_depth"": 8275.0, ""callable"": false}}"
4197	8	9.519366192064749e-06	1.199545377460495e-06	0.0	True	1.0	True	FLT3intCD9hi	True	True	True	True	True	"{""FLT3int"": {""vaf"": 0.00815, ""n"": 945, ""pooled_depth"": 10360.0, ""callable"": true}, ""FLT3intCD9hi"": {""vaf"": 0.01039, ""n"": 475, ""pooled_depth"": 5902.0, ""callable"": true}, ""FLT3intCD9lo"": {""vaf"": 0.00841, ""n"": 650, ""pooled_depth"": 9793.0, ""callable"": true}, ""LMPP"": {""vaf"": 0.00634, ""n"": 778, ""pooled_depth"": 10789.0, ""callable"": false}, ""LTHSC"": {""vaf"": 0.00958, ""n"": 985, ""pooled_depth"": 15112.0, ""callable"": true}, ""MPP2"": {""vaf"": 0.00261, ""n"": 908, ""pooled_depth"": 5089.0, ""callable"": false}, ""STHSC"": {""vaf"": 0.00997, ""n"": 831, ""pooled_depth"": 9877.0, ""callable"": true}, ""preMegE"": {""vaf"": 0.0012, ""n"": 1094, ""pooled_depth"": 7477.0, ""callable"": false}}"
4205	8	5.642250971915918e-06	1.1061179979685013e-06	0.0	True	1.0	True	FLT3intCD9hi	True	True	True	True	True	"{""FLT3int"": {""vaf"": 0.00696, ""n"": 955, ""pooled_depth"": 10382.0, ""callable"": false}, ""FLT3intCD9hi"": {""vaf"": 0.01078, ""n"": 475, ""pooled_depth"": 5814.0, ""callable"": true}, ""FLT3intCD9lo"": {""vaf"": 0.00556, ""n"": 642, ""pooled_depth"": 9944.0, ""callable"": false}, ""LMPP"": {""vaf"": 0.005, ""n"": 766, ""pooled_depth"": 10937.0, ""callable"": false}, ""LTHSC"": {""vaf"": 0.00779, ""n"": 999, ""pooled_depth"": 14856.0, ""callable"": true}, ""MPP2"": {""vaf"": 0.00364, ""n"": 872, ""pooled_depth"": 5114.0, ""callable"": false}, ""STHSC"": {""vaf"": 0.00591, ""n"": 806, ""pooled_depth"": 9814.0, ""callable"": false}, ""preMegE"": {""vaf"": 0.00207, ""n"": 1074, ""pooled_depth"": 7591.0, ""callable"": false}}"
5171	8	5.9980741583537284e-06	9.866409194677893e-07	0.0	True	1.0	True	FLT3int	True	True	True	True	True	"{""FLT3int"": {""vaf"": 0.00942, ""n"": 1068, ""pooled_depth"": 14108.0, ""callable"": true}, ""FLT3intCD9hi"": {""vaf"": 0.00722, ""n"": 653, ""pooled_depth"": 9197.0, ""callable"": false}, ""FLT3intCD9lo"": {""vaf"": 0.00667, ""n"": 811, ""pooled_depth"": 13758.0, ""callable"": false}, ""LMPP"": {""vaf"": 0.00908, ""n"": 892, ""pooled_depth"": 14230.0, ""callable"": true}, ""LTHSC"": {""vaf"": 0.00706, ""n"": 1192, ""pooled_depth"": 22161.0, ""callable"": false}, ""MPP2"": {""vaf"": 0.0017, ""n"": 1049, ""pooled_depth"": 6539.0, ""callable"": false}, ""STHSC"": {""vaf"": 0.00743, ""n"": 1041, ""pooled_depth"": 14039.0, ""callable"": false}, ""preMegE"": {""vaf"": 0.00237, ""n"": 1239, ""pooled_depth"": 9981.0, ""callable"": false}}"
5209	8	5.3520524133313915e-06	5.166983477584981e-07	0.0	True	1.0	True	STHSC	True	True	True	True	True	"{""FLT3int"": {""vaf"": 0.00417, ""n"": 1068, ""pooled_depth"": 14483.0, ""callable"": false}, ""FLT3intCD9hi"": {""vaf"": 0.0065, ""n"": 641, ""pooled_depth"": 9355.0, ""callable"": false}, ""FLT3intCD9lo"": {""vaf"": 0.00456, ""n"": 802, ""pooled_depth"": 13863.0, ""callable"": false}, ""LMPP"": {""vaf"": 0.00526, ""n"": 903, ""pooled_depth"": 14589.0, ""callable"": false}, ""LTHSC"": {""vaf"": 0.00749, ""n"": 1216, ""pooled_depth"": 22971.0, ""callable"": false}, ""MPP2"": {""vaf"": 0.00206, ""n"": 1059, ""pooled_depth"": 6761.0, ""callable"": false}, ""STHSC"": {""vaf"": 0.00767, ""n"": 1010, ""pooled_depth"": 14333.0, ""callable"": false}, ""preMegE"": {""vaf"": 0.00083, ""n"": 1273, ""pooled_depth"": 10493.0, ""callable"": false}}"
5294	8	1.5614015823647277e-05	1.4332586070815627e-06	0.0	True	1.0	True	FLT3intCD9hi	True	True	True	True	True	"{""FLT3int"": {""vaf"": 0.00953, ""n"": 889, ""pooled_depth"": 8850.0, ""callable"": true}, ""FLT3intCD9hi"": {""vaf"": 0.01259, ""n"": 467, ""pooled_depth"": 5743.0, ""callable"": true}, ""FLT3intCD9lo"": {""vaf"": 0.006, ""n"": 609, ""pooled_depth"": 8915.0, ""callable"": false}, ""LMPP"": {""vaf"": 0.00794, ""n"": 708, ""pooled_depth"": 9674.0, ""callable"": true}, ""LTHSC"": {""vaf"": 0.00983, ""n"": 1005, ""pooled_depth"": 14470.0, ""callable"": true}, ""MPP2"": {""vaf"": 0.00087, ""n"": 794, ""pooled_depth"": 4774.0, ""callable"": false}, ""STHSC"": {""vaf"": 0.01206, ""n"": 808, ""pooled_depth"": 9659.0, ""callable"": true}, ""preMegE"": {""vaf"": 0.00107, ""n"": 1051, ""pooled_depth"": 7559.0, ""callable"": false}}"
5377	8	3.7312330514194538e-06	1.5638937066920626e-06	0.0	True	1.0	True	LTHSC	True	True	True	True	True	"{""FLT3int"": {""vaf"": 0.00927, ""n"": 1024, ""pooled_depth"": 13169.0, ""callable"": true}, ""FLT3intCD9hi"": {""vaf"": 0.01123, ""n"": 562, ""pooled_depth"": 7341.0, ""callable"": true}, ""FLT3intCD9lo"": {""vaf"": 0.00815, ""n"": 725, ""pooled_depth"": 12663.0, ""callable"": true}, ""LMPP"": {""vaf"": 0.00785, ""n"": 874, ""pooled_depth"": 13977.0, ""callable"": false}, ""LTHSC"": {""vaf"": 0.0113, ""n"": 1106, ""pooled_depth"": 19675.0, ""callable"": true}, ""MPP2"": {""vaf"": 0.00693, ""n"": 1014, ""pooled_depth"": 6275.0, ""callable"": false}, ""STHSC"": {""vaf"": 0.00933, ""n"": 945, ""pooled_depth"": 12537.0, ""callable"": true}, ""preMegE"": {""vaf"": 0.00645, ""n"": 1217, ""pooled_depth"": 10140.0, ""callable"": false}}"
5425	8	1.1059377917142965e-05	1.6458440160718294e-06	0.0	True	1.0	True	FLT3intCD9hi	True	True	True	True	True	"{""FLT3int"": {""vaf"": 0.01085, ""n"": 1008, ""pooled_depth"": 12174.0, ""callable"": true}, ""FLT3intCD9hi"": {""vaf"": 0.01362, ""n"": 562, ""pooled_depth"": 7005.0, ""callable"": true}, ""FLT3intCD9lo"": {""vaf"": 0.00959, ""n"": 700, ""pooled_depth"": 11454.0, ""callable"": true}, ""LMPP"": {""vaf"": 0.00892, ""n"": 852, ""pooled_depth"": 12805.0, ""callable"": true}, ""LTHSC"": {""vaf"": 0.0133, ""n"": 1115, ""pooled_depth"": 18384.0, ""callable"": true}, ""MPP2"": {""vaf"": 0.00471, ""n"": 1002, ""pooled_depth"": 6121.0, ""callable"": false}, ""STHSC"": {""vaf"": 0.01062, ""n"": 977, ""pooled_depth"": 11981.0, ""callable"": true}, ""preMegE"": {""vaf"": 0.00362, ""n"": 1216, ""pooled_depth"": 9250.0, ""callable"": false}}"
5444	8	2.042649255314876e-06	9.017927066405136e-07	0.0	True	1.0	True	FLT3intCD9hi	True	True	True	True	True	"{""FLT3int"": {""vaf"": 0.00493, ""n"": 966, ""pooled_depth"": 10493.0, ""callable"": false}, ""FLT3intCD9hi"": {""vaf"": 0.00703, ""n"": 528, ""pooled_depth"": 6205.0, ""callable"": false}, ""FLT3intCD9lo"": {""vaf"": 0.00501, ""n"": 680, ""pooled_depth"": 9910.0, ""callable"": false}, ""LMPP"": {""vaf"": 0.00453, ""n"": 788, ""pooled_depth"": 10957.0, ""callable"": false}, ""LTHSC"": {""vaf"": 0.00697, ""n"": 1064, ""pooled_depth"": 15880.0, ""callable"": false}, ""MPP2"": {""vaf"": 0.00364, ""n"": 940, ""pooled_depth"": 5320.0, ""callable"": false}, ""STHSC"": {""vaf"": 0.00644, ""n"": 921, ""pooled_depth"": 10527.0, ""callable"": false}, ""preMegE"": {""vaf"": 0.00425, ""n"": 1144, ""pooled_depth"": 8034.0, ""callable"": false}}"
5708	8	5.522041253973814e-06	1.0347331248724506e-06	0.0	True	1.0	True	FLT3intCD9hi	True	True	True	True	True	"{""FLT3int"": {""vaf"": 0.00889, ""n"": 1012, ""pooled_depth"": 12377.0, ""callable"": true}, ""FLT3intCD9hi"": {""vaf"": 0.00927, ""n"": 520, ""pooled_depth"": 7850.0, ""callable"": true}, ""FLT3intCD9lo"": {""vaf"": 0.0066, ""n"": 700, ""pooled_depth"": 12138.0, ""callable"": false}, ""LMPP"": {""vaf"": 0.00663, ""n"": 824, ""pooled_depth"": 13441.0, ""callable"": false}, ""LTHSC"": {""vaf"": 0.00889, ""n"": 1117, ""pooled_depth"": 19464.0, ""callable"": true}, ""MPP2"": {""vaf"": 0.00354, ""n"": 988, ""pooled_depth"": 7025.0, ""callable"": false}, ""STHSC"": {""vaf"": 0.00771, ""n"": 918, ""pooled_depth"": 13124.0, ""callable"": false}, ""preMegE"": {""vaf"": 0.0026, ""n"": 1179, ""pooled_depth"": 10248.0, ""callable"": false}}"
5712	8	6.255869303167359e-06	6.701757796123251e-07	0.0	True	1.0	True	FLT3intCD9hi	True	True	True	True	True	"{""FLT3int"": {""vaf"": 0.00692, ""n"": 1037, ""pooled_depth"": 13362.0, ""callable"": false}, ""FLT3intCD9hi"": {""vaf"": 0.00853, ""n"": 543, ""pooled_depth"": 8487.0, ""callable"": true}, ""FLT3intCD9lo"": {""vaf"": 0.00702, ""n"": 739, ""pooled_depth"": 13024.0, ""callable"": false}, ""LMPP"": {""vaf"": 0.00698, ""n"": 863, ""pooled_depth"": 14404.0, ""callable"": false}, ""LTHSC"": {""vaf"": 0.0084, ""n"": 1146, ""pooled_depth"": 21011.0, ""callable"": true}, ""MPP2"": {""vaf"": 0.00159, ""n"": 1027, ""pooled_depth"": 7687.0, ""callable"": false}, ""STHSC"": {""vaf"": 0.00833, ""n"": 966, ""pooled_depth"": 14119.0, ""callable"": true}, ""preMegE"": {""vaf"": 0.00211, ""n"": 1241, ""pooled_depth"": 11314.0, ""callable"": false}}"
5756	8	4.533921766492805e-06	6.578942495955964e-07	0.0	True	1.0	True	FLT3intCD9hi	True	True	True	True	True	"{""FLT3int"": {""vaf"": 0.00713, ""n"": 1095, ""pooled_depth"": 14968.0, ""callable"": false}, ""FLT3intCD9hi"": {""vaf"": 0.00763, ""n"": 606, ""pooled_depth"": 8948.0, ""callable"": false}, ""FLT3intCD9lo"": {""vaf"": 0.00545, ""n"": 831, ""pooled_depth"": 14297.0, ""callable"": false}, ""LMPP"": {""vaf"": 0.00557, ""n"": 921, ""pooled_depth"": 15581.0, ""callable"": false}, ""LTHSC"": {""vaf"": 0.00739, ""n"": 1218, ""pooled_depth"": 22940.0, ""callable"": false}, ""MPP2"": {""vaf"": 0.00086, ""n"": 1063, ""pooled_depth"": 7370.0, ""callable"": false}, ""STHSC"": {""vaf"": 0.00637, ""n"": 1042, ""pooled_depth"": 14951.0, ""callable"": false}, ""preMegE"": {""vaf"": 0.00235, ""n"": 1262, ""pooled_depth"": 11127.0, ""callable"": false}}"
5898	8	3.779415416080579e-06	7.022444182633432e-07	0.0	True	1.0	True	FLT3intCD9hi	True	True	True	True	True	"{""FLT3int"": {""vaf"": 0.00659, ""n"": 1078, ""pooled_depth"": 13115.0, ""callable"": false}, ""FLT3intCD9hi"": {""vaf"": 0.00874, ""n"": 552, ""pooled_depth"": 7096.0, ""callable"": true}, ""FLT3intCD9lo"": {""vaf"": 0.00619, ""n"": 758, ""pooled_depth"": 12430.0, ""callable"": false}, ""LMPP"": {""vaf"": 0.00493, ""n"": 873, ""pooled_depth"": 14048.0, ""callable"": false}, ""LTHSC"": {""vaf"": 0.0084, ""n"": 1098, ""pooled_depth"": 18737.0, ""callable"": true}, ""MPP2"": {""vaf"": 0.00293, ""n"": 1046, ""pooled_depth"": 6694.0, ""callable"": false}, ""STHSC"": {""vaf"": 0.00709, ""n"": 964, ""pooled_depth"": 12258.0, ""callable"": false}, ""preMegE"": {""vaf"": 0.00406, ""n"": 1241, ""pooled_depth"": 10189.0, ""callable"": false}}"
5968	8	2.1558217229210297e-06	6.360564170689642e-07	0.0	True	1.0	True	FLT3intCD9hi	True	True	True	True	True	"{""FLT3int"": {""vaf"": 0.00442, ""n"": 1038, ""pooled_depth"": 13746.0, ""callable"": false}, ""FLT3intCD9hi"": {""vaf"": 0.00769, ""n"": 621, ""pooled_depth"": 8289.0, ""callable"": true}, ""FLT3intCD9lo"": {""vaf"": 0.00507, ""n"": 774, ""pooled_depth"": 13316.0, ""callable"": false}, ""LMPP"": {""vaf"": 0.00523, ""n"": 874, ""pooled_depth"": 14940.0, ""callable"": false}, ""LTHSC"": {""vaf"": 0.00656, ""n"": 1144, ""pooled_depth"": 20542.0, ""callable"": false}, ""MPP2"": {""vaf"": 0.00433, ""n"": 1118, ""pooled_depth"": 7353.0, ""callable"": false}, ""STHSC"": {""vaf"": 0.00638, ""n"": 941, ""pooled_depth"": 13820.0, ""callable"": false}, ""preMegE"": {""vaf"": 0.00316, ""n"": 1271, ""pooled_depth"": 11080.0, ""callable"": false}}"
6374	8	6.113229763826777e-06	6.034446355586731e-07	0.0	True	1.0	True	STHSC	True	True	True	True	True	"{""FLT3int"": {""vaf"": 0.00644, ""n"": 1095, ""pooled_depth"": 14180.0, ""callable"": false}, ""FLT3intCD9hi"": {""vaf"": 0.00768, ""n"": 612, ""pooled_depth"": 7892.0, ""callable"": false}, ""FLT3intCD9lo"": {""vaf"": 0.00508, ""n"": 772, ""pooled_depth"": 13373.0, ""callable"": false}, ""LMPP"": {""vaf"": 0.00461, ""n"": 931, ""pooled_depth"": 14168.0, ""callable"": false}, ""LTHSC"": {""vaf"": 0.00709, ""n"": 1207, ""pooled_depth"": 21153.0, ""callable"": false}, ""MPP2"": {""vaf"": 0.00083, ""n"": 1076, ""pooled_depth"": 6331.0, ""callable"": false}, ""STHSC"": {""vaf"": 0.00821, ""n"": 1040, ""pooled_depth"": 13564.0, ""callable"": true}, ""preMegE"": {""vaf"": 0.0009, ""n"": 1215, ""pooled_depth"": 9130.0, ""callable"": false}}"
6672	8	1.7969430145112889e-06	1.121614160776086e-06	0.005	True	1.0	True	STHSC	True	True	True	True	True	"{""FLT3int"": {""vaf"": 0.00541, ""n"": 862, ""pooled_depth"": 7521.0, ""callable"": false}, ""FLT3intCD9hi"": {""vaf"": 0.00685, ""n"": 406, ""pooled_depth"": 5103.0, ""callable"": false}, ""FLT3intCD9lo"": {""vaf"": 0.00475, ""n"": 577, ""pooled_depth"": 7460.0, ""callable"": false}, ""LMPP"": {""vaf"": 0.00556, ""n"": 633, ""pooled_depth"": 8324.0, ""callable"": false}, ""LTHSC"": {""vaf"": 0.0064, ""n"": 914, ""pooled_depth"": 12373.0, ""callable"": false}, ""MPP2"": {""vaf"": 0.00488, ""n"": 736, ""pooled_depth"": 4933.0, ""callable"": false}, ""STHSC"": {""vaf"": 0.00736, ""n"": 678, ""pooled_depth"": 8513.0, ""callable"": true}, ""preMegE"": {""vaf"": 0.00432, ""n"": 968, ""pooled_depth"": 7292.0, ""callable"": false}}"
6999	8	2.282021244211655e-06	4.534139179708164e-06	0.405	False	1.0	True	STHSC	False	True	True	True	True	"{""FLT3int"": {""vaf"": 0.00525, ""n"": 566, ""pooled_depth"": 1838.0, ""callable"": false}, ""FLT3intCD9hi"": {""vaf"": 0.00459, ""n"": 196, ""pooled_depth"": 1297.0, ""callable"": false}, ""FLT3intCD9lo"": {""vaf"": 0.0054, ""n"": 329, ""pooled_depth"": 1730.0, ""callable"": false}, ""LMPP"": {""vaf"": 0.00491, ""n"": 395, ""pooled_depth"": 2098.0, ""callable"": false}, ""LTHSC"": {""vaf"": 0.00524, ""n"": 609, ""pooled_depth"": 2993.0, ""callable"": false}, ""MPP2"": {""vaf"": 0.00433, ""n"": 333, ""pooled_depth"": 1488.0, ""callable"": false}, ""STHSC"": {""vaf"": 0.00683, ""n"": 384, ""pooled_depth"": 2274.0, ""callable"": true}, ""preMegE"": {""vaf"": 0.00433, ""n"": 582, ""pooled_depth"": 2181.0, ""callable"": false}}"
7014	8	0.0001516564802251488	7.065805356842696e-06	0.0	True	1.0	True	MPP2	True	True	True	True	True	"{""FLT3int"": {""vaf"": 0.01058, ""n"": 700, ""pooled_depth"": 3522.0, ""callable"": true}, ""FLT3intCD9hi"": {""vaf"": 0.0029, ""n"": 272, ""pooled_depth"": 2689.0, ""callable"": false}, ""FLT3intCD9lo"": {""vaf"": 0.00715, ""n"": 442, ""pooled_depth"": 3567.0, ""callable"": false}, ""LMPP"": {""vaf"": 0.00854, ""n"": 507, ""pooled_depth"": 4145.0, ""callable"": true}, ""LTHSC"": {""vaf"": 0.00668, ""n"": 758, ""pooled_depth"": 6217.0, ""callable"": false}, ""MPP2"": {""vaf"": 0.04084, ""n"": 465, ""pooled_depth"": 2699.0, ""callable"": true}, ""STHSC"": {""vaf"": 0.00685, ""n"": 505, ""pooled_depth"": 4457.0, ""callable"": false}, ""preMegE"": {""vaf"": 0.03333, ""n"": 705, ""pooled_depth"": 3592.0, ""callable"": true}}"
7368	8	2.319642203372984e-05	2.2505249339307507e-06	0.0	True	1.0	True	FLT3intCD9hi	True	True	True	True	True	"{""FLT3int"": {""vaf"": 0.0072, ""n"": 772, ""pooled_depth"": 5875.0, ""callable"": false}, ""FLT3intCD9hi"": {""vaf"": 0.01759, ""n"": 364, ""pooled_depth"": 4301.0, ""callable"": true}, ""FLT3intCD9lo"": {""vaf"": 0.00899, ""n"": 510, ""pooled_depth"": 6102.0, ""callable"": true}, ""LMPP"": {""vaf"": 0.00841, ""n"": 610, ""pooled_depth"": 6899.0, ""callable"": true}, ""LTHSC"": {""vaf"": 0.01135, ""n"": 840, ""pooled_depth"": 9890.0, ""callable"": true}, ""MPP2"": {""vaf"": 0.00157, ""n"": 611, ""pooled_depth"": 4293.0, ""callable"": false}, ""STHSC"": {""vaf"": 0.01094, ""n"": 593, ""pooled_depth"": 7070.0, ""callable"": true}, ""preMegE"": {""vaf"": 0.00078, ""n"": 863, ""pooled_depth"": 6269.0, ""callable"": false}}"
7405	8	3.367359937806401e-06	9.88043099874675e-07	0.0	True	1.0	True	FLT3intCD9hi	True	True	True	True	True	"{""FLT3int"": {""vaf"": 0.00506, ""n"": 853, ""pooled_depth"": 8715.0, ""callable"": false}, ""FLT3intCD9hi"": {""vaf"": 0.00849, ""n"": 424, ""pooled_depth"": 6671.0, ""callable"": true}, ""FLT3intCD9lo"": {""vaf"": 0.00615, ""n"": 606, ""pooled_depth"": 8887.0, ""callable"": false}, ""LMPP"": {""vaf"": 0.00569, ""n"": 733, ""pooled_depth"": 9543.0, ""callable"": false}, ""LTHSC"": {""vaf"": 0.00694, ""n"": 994, ""pooled_depth"": 15505.0, ""callable"": false}, ""MPP2"": {""vaf"": 0.00395, ""n"": 747, ""pooled_depth"": 5457.0, ""callable"": false}, ""STHSC"": {""vaf"": 0.00784, ""n"": 780, ""pooled_depth"": 10517.0, ""callable"": true}, ""preMegE"": {""vaf"": 0.00329, ""n"": 1021, ""pooled_depth"": 8323.0, ""callable"": false}}"
7416	8	6.238904179764615e-06	8.171618814667689e-07	0.0	True	1.0	True	FLT3intCD9hi	True	True	True	True	True	"{""FLT3int"": {""vaf"": 0.00455, ""n"": 884, ""pooled_depth"": 9581.0, ""callable"": false}, ""FLT3intCD9hi"": {""vaf"": 0.01039, ""n"": 465, ""pooled_depth"": 7329.0, ""callable"": true}, ""FLT3intCD9lo"": {""vaf"": 0.00623, ""n"": 643, ""pooled_depth"": 9891.0, ""callable"": false}, ""LMPP"": {""vaf"": 0.00618, ""n"": 753, ""pooled_depth"": 10458.0, ""callable"": false}, ""LTHSC"": {""vaf"": 0.00667, ""n"": 1027, ""pooled_depth"": 17133.0, ""callable"": false}, ""MPP2"": {""vaf"": 0.00194, ""n"": 787, ""pooled_depth"": 5738.0, ""callable"": false}, ""STHSC"": {""vaf"": 0.00705, ""n"": 815, ""pooled_depth"": 11504.0, ""callable"": false}, ""preMegE"": {""vaf"": 0.00175, ""n"": 1028, ""pooled_depth"": 8720.0, ""callable"": false}}"
7955	8	0.1527837531823147	0.0019893280331780483	0.0	True	1.0	True	MPP2	True	True	True	True	True	"{""FLT3int"": {""vaf"": 0.00017, ""n"": 886, ""pooled_depth"": 8782.0, ""callable"": false}, ""FLT3intCD9hi"": {""vaf"": 8e-05, ""n"": 430, ""pooled_depth"": 6608.0, ""callable"": false}, ""FLT3intCD9lo"": {""vaf"": 6e-05, ""n"": 594, ""pooled_depth"": 8666.0, ""callable"": false}, ""LMPP"": {""vaf"": 0.00016, ""n"": 665, ""pooled_depth"": 9275.0, ""callable"": false}, ""LTHSC"": {""vaf"": 0.0001, ""n"": 975, ""pooled_depth"": 15528.0, ""callable"": false}, ""MPP2"": {""vaf"": 0.99972, ""n"": 723, ""pooled_depth"": 5289.0, ""callable"": true}, ""STHSC"": {""vaf"": 0.00015, ""n"": 738, ""pooled_depth"": 10158.0, ""callable"": false}, ""preMegE"": {""vaf"": 0.99911, ""n"": 973, ""pooled_depth"": 8422.0, ""callable"": true}}"
8010	8	6.96886800082966e-05	4.431602573804626e-06	0.0	True	1.0	True	LTHSC	True	True	True	True	True	"{""FLT3int"": {""vaf"": 0.02319, ""n"": 829, ""pooled_depth"": 7063.0, ""callable"": true}, ""FLT3intCD9hi"": {""vaf"": 0.02188, ""n"": 397, ""pooled_depth"": 4935.0, ""callable"": true}, ""FLT3intCD9lo"": {""vaf"": 0.01858, ""n"": 553, ""pooled_depth"": 6971.0, ""callable"": true}, ""LMPP"": {""vaf"": 0.01772, ""n"": 641, ""pooled_depth"": 7825.0, ""callable"": true}, ""LTHSC"": {""vaf"": 0.02398, ""n"": 906, ""pooled_depth"": 11828.0, ""callable"": true}, ""MPP2"": {""vaf"": 0.00104, ""n"": 660, ""pooled_depth"": 4286.0, ""callable"": false}, ""STHSC"": {""vaf"": 0.01946, ""n"": 670, ""pooled_depth"": 8038.0, ""callable"": true}, ""preMegE"": {""vaf"": 0.00112, ""n"": 906, ""pooled_depth"": 6674.0, ""callable"": false}}"
8058	8	2.8102595598433257e-05	5.6337978894784275e-06	0.0	True	1.0	True	LTHSC	True	True	True	True	True	"{""FLT3int"": {""vaf"": 0.02373, ""n"": 855, ""pooled_depth"": 7502.0, ""callable"": true}, ""FLT3intCD9hi"": {""vaf"": 0.02348, ""n"": 399, ""pooled_depth"": 5243.0, ""callable"": true}, ""FLT3intCD9lo"": {""vaf"": 0.02266, ""n"": 576, ""pooled_depth"": 7349.0, ""callable"": true}, ""LMPP"": {""vaf"": 0.01902, ""n"": 673, ""pooled_depth"": 8072.0, ""callable"": true}, ""LTHSC"": {""vaf"": 0.02586, ""n"": 923, ""pooled_depth"": 12681.0, ""callable"": true}, ""MPP2"": {""vaf"": 0.01056, ""n"": 714, ""pooled_depth"": 4732.0, ""callable"": true}, ""STHSC"": {""vaf"": 0.0223, ""n"": 715, ""pooled_depth"": 8466.0, ""callable"": true}, ""preMegE"": {""vaf"": 0.01253, ""n"": 946, ""pooled_depth"": 7097.0, ""callable"": true}}"
8144	8	1.3323510658381977e-05	1.4077064630606896e-06	0.0	True	1.0	True	FLT3intCD9hi	True	True	True	True	True	"{""FLT3int"": {""vaf"": 0.00661, ""n"": 833, ""pooled_depth"": 6936.0, ""callable"": false}, ""FLT3intCD9hi"": {""vaf"": 0.01289, ""n"": 400, ""pooled_depth"": 4796.0, ""callable"": true}, ""FLT3intCD9lo"": {""vaf"": 0.00541, ""n"": 519, ""pooled_depth"": 6872.0, ""callable"": false}, ""LMPP"": {""vaf"": 0.0051, ""n"": 634, ""pooled_depth"": 7508.0, ""callable"": false}, ""LTHSC"": {""vaf"": 0.00888, ""n"": 877, ""pooled_depth"": 11500.0, ""callable"": true}, ""MPP2"": {""vaf"": 0.00087, ""n"": 671, ""pooled_depth"": 4165.0, ""callable"": false}, ""STHSC"": {""vaf"": 0.00826, ""n"": 636, ""pooled_depth"": 7662.0, ""callable"": true}, ""preMegE"": {""vaf"": 0.00057, ""n"": 893, ""pooled_depth"": 6558.0, ""callable"": false}}"
8348	8	9.475475024322459e-06	1.755941745913176e-06	0.0	True	1.0	True	FLT3intCD9hi	True	True	True	True	True	"{""FLT3int"": {""vaf"": 0.00593, ""n"": 797, ""pooled_depth"": 5981.0, ""callable"": false}, ""FLT3intCD9hi"": {""vaf"": 0.01165, ""n"": 364, ""pooled_depth"": 4505.0, ""callable"": true}, ""FLT3intCD9lo"": {""vaf"": 0.00649, ""n"": 507, ""pooled_depth"": 6190.0, ""callable"": false}, ""LMPP"": {""vaf"": 0.00621, ""n"": 595, ""pooled_depth"": 6496.0, ""callable"": false}, ""LTHSC"": {""vaf"": 0.00863, ""n"": 858, ""pooled_depth"": 10439.0, ""callable"": true}, ""MPP2"": {""vaf"": 0.00227, ""n"": 616, ""pooled_depth"": 4135.0, ""callable"": false}, ""STHSC"": {""vaf"": 0.01047, ""n"": 614, ""pooled_depth"": 6985.0, ""callable"": true}, ""preMegE"": {""vaf"": 0.00327, ""n"": 882, ""pooled_depth"": 6384.0, ""callable"": false}}"
8453	8	0.152718116694649	0.0020397429945170345	0.0	True	1.0	True	MPP2	True	True	True	True	True	"{""FLT3int"": {""vaf"": 8e-05, ""n"": 805, ""pooled_depth"": 6207.0, ""callable"": false}, ""FLT3intCD9hi"": {""vaf"": 0.00012, ""n"": 370, ""pooled_depth"": 4172.0, ""callable"": false}, ""FLT3intCD9lo"": {""vaf"": 0.00023, ""n"": 534, ""pooled_depth"": 6518.0, ""callable"": false}, ""LMPP"": {""vaf"": 7e-05, ""n"": 624, ""pooled_depth"": 7547.0, ""callable"": false}, ""LTHSC"": {""vaf"": 0.00034, ""n"": 842, ""pooled_depth"": 10175.0, ""callable"": false}, ""MPP2"": {""vaf"": 0.9996, ""n"": 599, ""pooled_depth"": 3741.0, ""callable"": true}, ""STHSC"": {""vaf"": 7e-05, ""n"": 630, ""pooled_depth"": 7132.0, ""callable"": false}, ""preMegE"": {""vaf"": 0.99908, ""n"": 904, ""pooled_depth"": 5954.0, ""callable"": true}}"
8703	8	1.3370292593146374e-05	1.4183064075512415e-06	0.0	True	1.0	True	MPP2	True	True	True	True	True	"{""FLT3int"": {""vaf"": 0.0032, ""n"": 824, ""pooled_depth"": 6457.0, ""callable"": false}, ""FLT3intCD9hi"": {""vaf"": 0.00356, ""n"": 354, ""pooled_depth"": 4381.0, ""callable"": false}, ""FLT3intCD9lo"": {""vaf"": 0.00253, ""n"": 518, ""pooled_depth"": 6279.0, ""callable"": false}, ""LMPP"": {""vaf"": 0.00273, ""n"": 578, ""pooled_depth"": 7266.0, ""callable"": false}, ""LTHSC"": {""vaf"": 0.00388, ""n"": 874, ""pooled_depth"": 10706.0, ""callable"": false}, ""MPP2"": {""vaf"": 0.01257, ""n"": 649, ""pooled_depth"": 4210.0, ""callable"": true}, ""STHSC"": {""vaf"": 0.00408, ""n"": 656, ""pooled_depth"": 7213.0, ""callable"": false}, ""preMegE"": {""vaf"": 0.01148, ""n"": 859, ""pooled_depth"": 6465.0, ""callable"": true}}"
8936	8	6.844177631366407e-05	5.958085900054476e-06	0.0	True	1.0	True	FLT3int	True	True	True	True	True	"{""FLT3int"": {""vaf"": 0.02369, ""n"": 888, ""pooled_depth"": 9147.0, ""callable"": true}, ""FLT3intCD9hi"": {""vaf"": 0.0231, ""n"": 485, ""pooled_depth"": 6269.0, ""callable"": true}, ""FLT3intCD9lo"": {""vaf"": 0.02038, ""n"": 614, ""pooled_depth"": 8994.0, ""callable"": true}, ""LMPP"": {""vaf"": 0.01714, ""n"": 696, ""pooled_depth"": 10143.0, ""callable"": true}, ""LTHSC"": {""vaf"": 0.02203, ""n"": 951, ""pooled_depth"": 15162.0, ""callable"": true}, ""MPP2"": {""vaf"": 0.00096, ""n"": 827, ""pooled_depth"": 5735.0, ""callable"": false}, ""STHSC"": {""vaf"": 0.0201, ""n"": 770, ""pooled_depth"": 10216.0, ""callable"": true}, ""preMegE"": {""vaf"": 0.00101, ""n"": 988, ""pooled_depth"": 8435.0, ""callable"": false}}"
8937	8	4.086379835777406e-06	1.8838211724901102e-06	0.0	True	1.0	True	MPP2	True	True	True	True	True	"{""FLT3int"": {""vaf"": 0.0101, ""n"": 891, ""pooled_depth"": 9364.0, ""callable"": true}, ""FLT3intCD9hi"": {""vaf"": 0.01024, ""n"": 485, ""pooled_depth"": 6480.0, ""callable"": true}, ""FLT3intCD9lo"": {""vaf"": 0.00949, ""n"": 621, ""pooled_depth"": 9220.0, ""callable"": true}, ""LMPP"": {""vaf"": 0.00807, ""n"": 706, ""pooled_depth"": 10386.0, ""callable"": false}, ""LTHSC"": {""vaf"": 0.00952, ""n"": 959, ""pooled_depth"": 15592.0, ""callable"": true}, ""MPP2"": {""vaf"": 0.01517, ""n"": 840, ""pooled_depth"": 5906.0, ""callable"": true}, ""STHSC"": {""vaf"": 0.0101, ""n"": 773, ""pooled_depth"": 10451.0, ""callable"": true}, ""preMegE"": {""vaf"": 0.01057, ""n"": 1000, ""pooled_depth"": 8596.0, ""callable"": true}}"
9054	8	7.017013178114411e-06	1.3468841516899212e-06	0.0	True	1.0	True	STHSC	True	True	True	True	True	"{""FLT3int"": {""vaf"": 0.00778, ""n"": 881, ""pooled_depth"": 8358.0, ""callable"": true}, ""FLT3intCD9hi"": {""vaf"": 0.00779, ""n"": 471, ""pooled_depth"": 5782.0, ""callable"": true}, ""FLT3intCD9lo"": {""vaf"": 0.0061, ""n"": 575, ""pooled_depth"": 8240.0, ""callable"": false}, ""LMPP"": {""vaf"": 0.00639, ""n"": 686, ""pooled_depth"": 9091.0, ""callable"": false}, ""LTHSC"": {""vaf"": 0.00892, ""n"": 951, ""pooled_depth"": 13706.0, ""callable"": true}, ""MPP2"": {""vaf"": 0.00245, ""n"": 759, ""pooled_depth"": 5278.0, ""callable"": false}, ""STHSC"": {""vaf"": 0.00976, ""n"": 717, ""pooled_depth"": 9491.0, ""callable"": true}, ""preMegE"": {""vaf"": 0.00269, ""n"": 1025, ""pooled_depth"": 8083.0, ""callable"": false}}"
9102	8	1.663237409626039e-05	1.7911831205017134e-06	0.0	True	1.0	True	STHSC	True	True	True	True	True	"{""FLT3int"": {""vaf"": 0.00968, ""n"": 827, ""pooled_depth"": 6741.0, ""callable"": true}, ""FLT3intCD9hi"": {""vaf"": 0.01058, ""n"": 381, ""pooled_depth"": 4437.0, ""callable"": true}, ""FLT3intCD9lo"": {""vaf"": 0.00799, ""n"": 532, ""pooled_depth"": 6865.0, ""callable"": true}, ""LMPP"": {""vaf"": 0.00691, ""n"": 641, ""pooled_depth"": 7692.0, ""callable"": false}, ""LTHSC"": {""vaf"": 0.01094, ""n"": 865, ""pooled_depth"": 11134.0, ""callable"": true}, ""MPP2"": {""vaf"": 0.001, ""n"": 631, ""pooled_depth"": 4179.0, ""callable"": false}, ""STHSC"": {""vaf"": 0.01202, ""n"": 635, ""pooled_depth"": 7606.0, ""callable"": true}, ""preMegE"": {""vaf"": 0.00068, ""n"": 889, ""pooled_depth"": 6305.0, ""callable"": false}}"
9335	8	7.965274753807873e-06	1.3213136231491658e-06	0.0	True	1.0	True	FLT3intCD9hi	True	True	True	True	True	"{""FLT3int"": {""vaf"": 0.00493, ""n"": 855, ""pooled_depth"": 8392.0, ""callable"": false}, ""FLT3intCD9hi"": {""vaf"": 0.00897, ""n"": 407, ""pooled_depth"": 5836.0, ""callable"": true}, ""FLT3intCD9lo"": {""vaf"": 0.00692, ""n"": 590, ""pooled_depth"": 8144.0, ""callable"": false}, ""LMPP"": {""vaf"": 0.00557, ""n"": 685, ""pooled_depth"": 8808.0, ""callable"": false}, ""LTHSC"": {""vaf"": 0.00788, ""n"": 964, ""pooled_depth"": 13817.0, ""callable"": true}, ""MPP2"": {""vaf"": 0.00111, ""n"": 741, ""pooled_depth"": 4719.0, ""callable"": false}, ""STHSC"": {""vaf"": 0.00851, ""n"": 726, ""pooled_depth"": 9468.0, ""callable"": true}, ""preMegE"": {""vaf"": 0.00115, ""n"": 962, ""pooled_depth"": 7158.0, ""callable"": false}}"
9561	8	4.988175544456496e-06	2.0228665472840686e-06	0.0	True	1.0	True	LTHSC	True	True	True	True	True	"{""FLT3int"": {""vaf"": 0.00977, ""n"": 869, ""pooled_depth"": 8493.0, ""callable"": true}, ""FLT3intCD9hi"": {""vaf"": 0.01213, ""n"": 435, ""pooled_depth"": 6024.0, ""callable"": true}, ""FLT3intCD9lo"": {""vaf"": 0.00841, ""n"": 603, ""pooled_depth"": 8421.0, ""callable"": false}, ""LMPP"": {""vaf"": 0.01034, ""n"": 693, ""pooled_depth"": 8880.0, ""callable"": true}, ""LTHSC"": {""vaf"": 0.01376, ""n"": 963, ""pooled_depth"": 14941.0, ""callable"": true}, ""MPP2"": {""vaf"": 0.00917, ""n"": 782, ""pooled_depth"": 5264.0, ""callable"": true}, ""STHSC"": {""vaf"": 0.01249, ""n"": 736, ""pooled_depth"": 9789.0, ""callable"": true}, ""preMegE"": {""vaf"": 0.01011, ""n"": 998, ""pooled_depth"": 8139.0, ""callable"": true}}"
9609	8	7.180241383459026e-06	1.5934693197886546e-06	0.0	True	1.0	True	LTHSC	True	True	True	True	True	"{""FLT3int"": {""vaf"": 0.00945, ""n"": 854, ""pooled_depth"": 8437.0, ""callable"": true}, ""FLT3intCD9hi"": {""vaf"": 0.01215, ""n"": 407, ""pooled_depth"": 6283.0, ""callable"": true}, ""FLT3intCD9lo"": {""vaf"": 0.00759, ""n"": 605, ""pooled_depth"": 8309.0, ""callable"": false}, ""LMPP"": {""vaf"": 0.01026, ""n"": 660, ""pooled_depth"": 8938.0, ""callable"": true}, ""LTHSC"": {""vaf"": 0.01346, ""n"": 977, ""pooled_depth"": 14992.0, ""callable"": true}, ""MPP2"": {""vaf"": 0.00765, ""n"": 695, ""pooled_depth"": 4701.0, ""callable"": false}, ""STHSC"": {""vaf"": 0.01271, ""n"": 737, ""pooled_depth"": 9969.0, ""callable"": true}, ""preMegE"": {""vaf"": 0.00746, ""n"": 968, ""pooled_depth"": 7539.0, ""callable"": false}}"
9692	8	8.037894067940963e-06	1.8313294803777552e-06	0.0	True	1.0	True	FLT3intCD9hi	True	True	True	True	True	"{""FLT3int"": {""vaf"": 0.00604, ""n"": 749, ""pooled_depth"": 4976.0, ""callable"": false}, ""FLT3intCD9hi"": {""vaf"": 0.01081, ""n"": 332, ""pooled_depth"": 3832.0, ""callable"": true}, ""FLT3intCD9lo"": {""vaf"": 0.00585, ""n"": 476, ""pooled_depth"": 4981.0, ""callable"": false}, ""LMPP"": {""vaf"": 0.00704, ""n"": 542, ""pooled_depth"": 5181.0, ""callable"": false}, ""LTHSC"": {""vaf"": 0.00815, ""n"": 812, ""pooled_depth"": 8696.0, ""callable"": true}, ""MPP2"": {""vaf"": 0.00314, ""n"": 525, ""pooled_depth"": 3062.0, ""callable"": false}, ""STHSC"": {""vaf"": 0.00669, ""n"": 587, ""pooled_depth"": 5933.0, ""callable"": false}, ""preMegE"": {""vaf"": 0.00123, ""n"": 795, ""pooled_depth"": 4606.0, ""callable"": false}}"
9753	8	9.812150875884886e-06	1.8069973952321391e-06	0.0	True	1.0	True	FLT3intCD9hi	True	True	True	True	True	"{""FLT3int"": {""vaf"": 0.00691, ""n"": 770, ""pooled_depth"": 5292.0, ""callable"": false}, ""FLT3intCD9hi"": {""vaf"": 0.00988, ""n"": 319, ""pooled_depth"": 3676.0, ""callable"": true}, ""FLT3intCD9lo"": {""vaf"": 0.00757, ""n"": 491, ""pooled_depth"": 5187.0, ""callable"": false}, ""LMPP"": {""vaf"": 0.00461, ""n"": 556, ""pooled_depth"": 5759.0, ""callable"": false}, ""LTHSC"": {""vaf"": 0.00855, ""n"": 821, ""pooled_depth"": 8988.0, ""callable"": true}, ""MPP2"": {""vaf"": 0.00131, ""n"": 522, ""pooled_depth"": 3022.0, ""callable"": false}, ""STHSC"": {""vaf"": 0.00789, ""n"": 605, ""pooled_depth"": 6234.0, ""callable"": true}, ""preMegE"": {""vaf"": 0.00087, ""n"": 795, ""pooled_depth"": 4767.0, ""callable"": false}}"
10039	8	9.31729102058943e-07	1.2334239905388871e-06	0.18	False	1.0	True	FLT3intCD9hi	True	True	True	True	True	"{""FLT3int"": {""vaf"": 0.00621, ""n"": 857, ""pooled_depth"": 7360.0, ""callable"": false}, ""FLT3intCD9hi"": {""vaf"": 0.00794, ""n"": 398, ""pooled_depth"": 5096.0, ""callable"": true}, ""FLT3intCD9lo"": {""vaf"": 0.00667, ""n"": 539, ""pooled_depth"": 7387.0, ""callable"": false}, ""LMPP"": {""vaf"": 0.00681, ""n"": 648, ""pooled_depth"": 7849.0, ""callable"": false}, ""LTHSC"": {""vaf"": 0.00728, ""n"": 910, ""pooled_depth"": 12223.0, ""callable"": false}, ""MPP2"": {""vaf"": 0.00707, ""n"": 726, ""pooled_depth"": 4539.0, ""callable"": false}, ""STHSC"": {""vaf"": 0.00705, ""n"": 679, ""pooled_depth"": 8532.0, ""callable"": false}, ""preMegE"": {""vaf"": 0.00604, ""n"": 935, ""pooled_depth"": 6721.0, ""callable"": false}}"
10052	8	3.725439055702129e-05	3.224481764983208e-06	0.0	True	1.0	True	LTHSC	True	True	True	True	True	"{""FLT3int"": {""vaf"": 0.02249, ""n"": 971, ""pooled_depth"": 10436.0, ""callable"": true}, ""FLT3intCD9hi"": {""vaf"": 0.0235, ""n"": 498, ""pooled_depth"": 7121.0, ""callable"": true}, ""FLT3intCD9lo"": {""vaf"": 0.02151, ""n"": 638, ""pooled_depth"": 10135.0, ""callable"": true}, ""LMPP"": {""vaf"": 0.02058, ""n"": 755, ""pooled_depth"": 11193.0, ""callable"": true}, ""LTHSC"": {""vaf"": 0.02536, ""n"": 1075, ""pooled_depth"": 17573.0, ""callable"": true}, ""MPP2"": {""vaf"": 0.00888, ""n"": 860, ""pooled_depth"": 6164.0, ""callable"": true}, ""STHSC"": {""vaf"": 0.02197, ""n"": 848, ""pooled_depth"": 11647.0, ""callable"": true}, ""preMegE"": {""vaf"": 0.00771, ""n"": 1068, ""pooled_depth"": 9098.0, ""callable"": false}}"
10100	8	2.6419705632712518e-05	1.5975032324980376e-06	0.0	True	1.0	True	LTHSC	True	True	True	True	True	"{""FLT3int"": {""vaf"": 0.01637, ""n"": 911, ""pooled_depth"": 9994.0, ""callable"": true}, ""FLT3intCD9hi"": {""vaf"": 0.01636, ""n"": 495, ""pooled_depth"": 6457.0, ""callable"": true}, ""FLT3intCD9lo"": {""vaf"": 0.01333, ""n"": 630, ""pooled_depth"": 9501.0, ""callable"": true}, ""LMPP"": {""vaf"": 0.0139, ""n"": 755, ""pooled_depth"": 10393.0, ""callable"": true}, ""LTHSC"": {""vaf"": 0.01651, ""n"": 1047, ""pooled_depth"": 16148.0, ""callable"": true}, ""MPP2"": {""vaf"": 0.00293, ""n"": 840, ""pooled_depth"": 5818.0, ""callable"": false}, ""STHSC"": {""vaf"": 0.01477, ""n"": 836, ""pooled_depth"": 10642.0, ""callable"": true}, ""preMegE"": {""vaf"": 0.00304, ""n"": 1076, ""pooled_depth"": 8885.0, ""callable"": false}}"
10156	8	1.2656613630435366e-05	1.3671966934569239e-06	0.0	True	1.0	True	FLT3intCD9hi	True	True	True	True	True	"{""FLT3int"": {""vaf"": 0.00734, ""n"": 842, ""pooled_depth"": 7053.0, ""callable"": false}, ""FLT3intCD9hi"": {""vaf"": 0.01199, ""n"": 364, ""pooled_depth"": 4500.0, ""callable"": true}, ""FLT3intCD9lo"": {""vaf"": 0.00659, ""n"": 551, ""pooled_depth"": 6683.0, ""callable"": false}, ""LMPP"": {""vaf"": 0.00576, ""n"": 637, ""pooled_depth"": 7356.0, ""callable"": false}, ""LTHSC"": {""vaf"": 0.00993, ""n"": 920, ""pooled_depth"": 11356.0, ""callable"": true}, ""MPP2"": {""vaf"": 0.00114, ""n"": 718, ""pooled_depth"": 4533.0, ""callable"": false}, ""STHSC"": {""vaf"": 0.0096, ""n"": 707, ""pooled_depth"": 7594.0, ""callable"": true}, ""preMegE"": {""vaf"": 0.00164, ""n"": 947, ""pooled_depth"": 6695.0, ""callable"": false}}"
10288	8	7.641545572220213e-06	1.3449266620865703e-06	0.0	True	1.0	True	STHSC	True	True	True	True	True	"{""FLT3int"": {""vaf"": 0.00723, ""n"": 823, ""pooled_depth"": 6802.0, ""callable"": false}, ""FLT3intCD9hi"": {""vaf"": 0.00596, ""n"": 385, ""pooled_depth"": 5000.0, ""callable"": false}, ""FLT3intCD9lo"": {""vaf"": 0.00683, ""n"": 531, ""pooled_depth"": 6787.0, ""callable"": false}, ""LMPP"": {""vaf"": 0.00749, ""n"": 607, ""pooled_depth"": 7085.0, ""callable"": false}, ""LTHSC"": {""vaf"": 0.00735, ""n"": 899, ""pooled_depth"": 11846.0, ""callable"": false}, ""MPP2"": {""vaf"": 0.00062, ""n"": 606, ""pooled_depth"": 3858.0, ""callable"": false}, ""STHSC"": {""vaf"": 0.00821, ""n"": 673, ""pooled_depth"": 7884.0, ""callable"": true}, ""preMegE"": {""vaf"": 0.00078, ""n"": 848, ""pooled_depth"": 5526.0, ""callable"": false}}"
11187	8	1.9150446640056704e-05	9.77258156499743e-07	0.0	True	1.0	True	FLT3int	True	True	True	True	True	"{""FLT3int"": {""vaf"": 0.01281, ""n"": 1183, ""pooled_depth"": 16927.0, ""callable"": true}, ""FLT3intCD9hi"": {""vaf"": 0.01214, ""n"": 697, ""pooled_depth"": 10044.0, ""callable"": true}, ""FLT3intCD9lo"": {""vaf"": 0.00948, ""n"": 842, ""pooled_depth"": 15900.0, ""callable"": true}, ""LMPP"": {""vaf"": 0.00965, ""n"": 1013, ""pooled_depth"": 17894.0, ""callable"": true}, ""LTHSC"": {""vaf"": 0.0126, ""n"": 1302, ""pooled_depth"": 25776.0, ""callable"": true}, ""MPP2"": {""vaf"": 0.00041, ""n"": 1217, ""pooled_depth"": 8447.0, ""callable"": false}, ""STHSC"": {""vaf"": 0.01201, ""n"": 1136, ""pooled_depth"": 16650.0, ""callable"": true}, ""preMegE"": {""vaf"": 0.00068, ""n"": 1322, ""pooled_depth"": 12297.0, ""callable"": false}}"
11235	8	2.6172448341570767e-05	2.0327945619724717e-06	0.0	True	1.0	True	LTHSC	True	True	True	True	True	"{""FLT3int"": {""vaf"": 0.01672, ""n"": 1056, ""pooled_depth"": 12773.0, ""callable"": true}, ""FLT3intCD9hi"": {""vaf"": 0.01669, ""n"": 571, ""pooled_depth"": 7404.0, ""callable"": true}, ""FLT3intCD9lo"": {""vaf"": 0.0122, ""n"": 707, ""pooled_depth"": 12216.0, ""callable"": true}, ""LMPP"": {""vaf"": 0.01301, ""n"": 837, ""pooled_depth"": 13434.0, ""callable"": true}, ""LTHSC"": {""vaf"": 0.01687, ""n"": 1175, ""pooled_depth"": 19474.0, ""callable"": true}, ""MPP2"": {""vaf"": 0.00376, ""n"": 1056, ""pooled_depth"": 6303.0, ""callable"": false}, ""STHSC"": {""vaf"": 0.01638, ""n"": 981, ""pooled_depth"": 12560.0, ""callable"": true}, ""preMegE"": {""vaf"": 0.00254, ""n"": 1239, ""pooled_depth"": 9505.0, ""callable"": false}}"
11391	8	1.8436565605481597e-05	2.388495493776734e-06	0.0	True	1.0	True	STHSC	True	True	True	True	True	"{""FLT3int"": {""vaf"": 0.00911, ""n"": 809, ""pooled_depth"": 6193.0, ""callable"": true}, ""FLT3intCD9hi"": {""vaf"": 0.0139, ""n"": 364, ""pooled_depth"": 4064.0, ""callable"": true}, ""FLT3intCD9lo"": {""vaf"": 0.01317, ""n"": 512, ""pooled_depth"": 6133.0, ""callable"": true}, ""LMPP"": {""vaf"": 0.00851, ""n"": 602, ""pooled_depth"": 6783.0, ""callable"": true}, ""LTHSC"": {""vaf"": 0.01357, ""n"": 854, ""pooled_depth"": 9918.0, ""callable"": true}, ""MPP2"": {""vaf"": 0.00393, ""n"": 593, ""pooled_depth"": 3451.0, ""callable"": false}, ""STHSC"": {""vaf"": 0.01575, ""n"": 645, ""pooled_depth"": 6901.0, ""callable"": true}, ""preMegE"": {""vaf"": 0.00401, ""n"": 867, ""pooled_depth"": 5116.0, ""callable"": false}}"
11447	8	5.143148884184484e-06	6.89839869684572e-07	0.0	True	1.0	True	LTHSC	True	True	True	True	True	"{""FLT3int"": {""vaf"": 0.00581, ""n"": 1008, ""pooled_depth"": 11811.0, ""callable"": false}, ""FLT3intCD9hi"": {""vaf"": 0.00711, ""n"": 562, ""pooled_depth"": 7417.0, ""callable"": false}, ""FLT3intCD9lo"": {""vaf"": 0.00662, ""n"": 667, ""pooled_depth"": 11640.0, ""callable"": false}, ""LMPP"": {""vaf"": 0.00545, ""n"": 837, ""pooled_depth"": 12433.0, ""callable"": false}, ""LTHSC"": {""vaf"": 0.00713, ""n"": 1127, ""pooled_depth"": 18476.0, ""callable"": false}, ""MPP2"": {""vaf"": 0.00065, ""n"": 946, ""pooled_depth"": 5842.0, ""callable"": false}, ""STHSC"": {""vaf"": 0.00712, ""n"": 885, ""pooled_depth"": 12047.0, ""callable"": false}, ""preMegE"": {""vaf"": 0.00145, ""n"": 1134, ""pooled_depth"": 8521.0, ""callable"": false}}"
11495	8	4.953466059937201e-06	8.676869014007552e-07	0.0	True	1.0	True	FLT3intCD9hi	True	True	True	True	True	"{""FLT3int"": {""vaf"": 0.00573, ""n"": 985, ""pooled_depth"": 10960.0, ""callable"": false}, ""FLT3intCD9hi"": {""vaf"": 0.00859, ""n"": 495, ""pooled_depth"": 6499.0, ""callable"": true}, ""FLT3intCD9lo"": {""vaf"": 0.00637, ""n"": 655, ""pooled_depth"": 10736.0, ""callable"": false}, ""LMPP"": {""vaf"": 0.00574, ""n"": 796, ""pooled_depth"": 11809.0, ""callable"": false}, ""LTHSC"": {""vaf"": 0.00736, ""n"": 1075, ""pooled_depth"": 16395.0, ""callable"": false}, ""MPP2"": {""vaf"": 0.00186, ""n"": 898, ""pooled_depth"": 5107.0, ""callable"": false}, ""STHSC"": {""vaf"": 0.00707, ""n"": 865, ""pooled_depth"": 10874.0, ""callable"": false}, ""preMegE"": {""vaf"": 0.00153, ""n"": 1085, ""pooled_depth"": 7703.0, ""callable"": false}}"
12109	8	2.0581191305501373e-06	1.0205400894492716e-06	0.0	True	1.0	True	MPP2	True	True	True	True	True	"{""FLT3int"": {""vaf"": 0.00384, ""n"": 930, ""pooled_depth"": 9262.0, ""callable"": false}, ""FLT3intCD9hi"": {""vaf"": 0.00712, ""n"": 455, ""pooled_depth"": 5457.0, ""callable"": false}, ""FLT3intCD9lo"": {""vaf"": 0.00405, ""n"": 641, ""pooled_depth"": 8953.0, ""callable"": false}, ""LMPP"": {""vaf"": 0.00382, ""n"": 728, ""pooled_depth"": 9849.0, ""callable"": false}, ""LTHSC"": {""vaf"": 0.00567, ""n"": 997, ""pooled_depth"": 13656.0, ""callable"": false}, ""MPP2"": {""vaf"": 0.00719, ""n"": 855, ""pooled_depth"": 4825.0, ""callable"": false}, ""STHSC"": {""vaf"": 0.00544, ""n"": 794, ""pooled_depth"": 8974.0, ""callable"": false}, ""preMegE"": {""vaf"": 0.00502, ""n"": 1071, ""pooled_depth"": 7481.0, ""callable"": false}}"
13018	8	4.574426116242211e-06	7.885329435463652e-07	0.0	True	1.0	True	FLT3intCD9hi	True	True	True	True	True	"{""FLT3int"": {""vaf"": 0.00406, ""n"": 1054, ""pooled_depth"": 13834.0, ""callable"": false}, ""FLT3intCD9hi"": {""vaf"": 0.0086, ""n"": 573, ""pooled_depth"": 7811.0, ""callable"": true}, ""FLT3intCD9lo"": {""vaf"": 0.00554, ""n"": 744, ""pooled_depth"": 13319.0, ""callable"": false}, ""LMPP"": {""vaf"": 0.00442, ""n"": 855, ""pooled_depth"": 14191.0, ""callable"": false}, ""LTHSC"": {""vaf"": 0.0079, ""n"": 1135, ""pooled_depth"": 20589.0, ""callable"": true}, ""MPP2"": {""vaf"": 0.00299, ""n"": 1024, ""pooled_depth"": 6374.0, ""callable"": false}, ""STHSC"": {""vaf"": 0.00676, ""n"": 961, ""pooled_depth"": 13274.0, ""callable"": false}, ""preMegE"": {""vaf"": 0.00246, ""n"": 1193, ""pooled_depth"": 9555.0, ""callable"": false}}"
13107	8	2.7420608991175768e-06	9.379917447817471e-07	0.0	True	1.0	True	FLT3intCD9hi	True	True	True	True	True	"{""FLT3int"": {""vaf"": 0.00745, ""n"": 1056, ""pooled_depth"": 13808.0, ""callable"": false}, ""FLT3intCD9hi"": {""vaf"": 0.00914, ""n"": 558, ""pooled_depth"": 8562.0, ""callable"": true}, ""FLT3intCD9lo"": {""vaf"": 0.0073, ""n"": 733, ""pooled_depth"": 13440.0, ""callable"": false}, ""LMPP"": {""vaf"": 0.00593, ""n"": 875, ""pooled_depth"": 14381.0, ""callable"": false}, ""LTHSC"": {""vaf"": 0.00836, ""n"": 1167, ""pooled_depth"": 21700.0, ""callable"": true}, ""MPP2"": {""vaf"": 0.00383, ""n"": 1091, ""pooled_depth"": 6944.0, ""callable"": false}, ""STHSC"": {""vaf"": 0.00711, ""n"": 949, ""pooled_depth"": 13836.0, ""callable"": false}, ""preMegE"": {""vaf"": 0.00504, ""n"": 1189, ""pooled_depth"": 10255.0, ""callable"": false}}"
13848	8	8.92272732945618e-06	9.086331328167864e-07	0.0	True	1.0	True	FLT3intCD9hi	True	True	True	True	True	"{""FLT3int"": {""vaf"": 0.00668, ""n"": 994, ""pooled_depth"": 11643.0, ""callable"": false}, ""FLT3intCD9hi"": {""vaf"": 0.01029, ""n"": 527, ""pooled_depth"": 6716.0, ""callable"": true}, ""FLT3intCD9lo"": {""vaf"": 0.00611, ""n"": 695, ""pooled_depth"": 11452.0, ""callable"": false}, ""LMPP"": {""vaf"": 0.00521, ""n"": 804, ""pooled_depth"": 12374.0, ""callable"": false}, ""LTHSC"": {""vaf"": 0.00869, ""n"": 1074, ""pooled_depth"": 17247.0, ""callable"": true}, ""MPP2"": {""vaf"": 0.00134, ""n"": 893, ""pooled_depth"": 5338.0, ""callable"": false}, ""STHSC"": {""vaf"": 0.00953, ""n"": 891, ""pooled_depth"": 11591.0, ""callable"": true}, ""preMegE"": {""vaf"": 0.00124, ""n"": 1114, ""pooled_depth"": 8232.0, ""callable"": false}}"
13896	8	9.867799833448134e-06	1.021716691780049e-06	0.0	True	1.0	True	FLT3intCD9hi	True	True	True	True	True	"{""FLT3int"": {""vaf"": 0.00719, ""n"": 971, ""pooled_depth"": 10834.0, ""callable"": false}, ""FLT3intCD9hi"": {""vaf"": 0.01095, ""n"": 534, ""pooled_depth"": 6584.0, ""callable"": true}, ""FLT3intCD9lo"": {""vaf"": 0.00738, ""n"": 646, ""pooled_depth"": 10133.0, ""callable"": false}, ""LMPP"": {""vaf"": 0.00629, ""n"": 790, ""pooled_depth"": 10694.0, ""callable"": false}, ""LTHSC"": {""vaf"": 0.00909, ""n"": 1020, ""pooled_depth"": 16718.0, ""callable"": true}, ""MPP2"": {""vaf"": 0.00237, ""n"": 835, ""pooled_depth"": 5139.0, ""callable"": false}, ""STHSC"": {""vaf"": 0.01083, ""n"": 884, ""pooled_depth"": 10728.0, ""callable"": true}, ""preMegE"": {""vaf"": 0.00135, ""n"": 1090, ""pooled_depth"": 7904.0, ""callable"": false}}"
14771	8	1.129528150947285e-05	9.523579757073933e-07	0.0	True	1.0	True	FLT3intCD9hi	True	True	True	True	True	"{""FLT3int"": {""vaf"": 0.00838, ""n"": 1089, ""pooled_depth"": 14757.0, ""callable"": true}, ""FLT3intCD9hi"": {""vaf"": 0.01159, ""n"": 606, ""pooled_depth"": 8827.0, ""callable"": true}, ""FLT3intCD9lo"": {""vaf"": 0.00736, ""n"": 798, ""pooled_depth"": 13994.0, ""callable"": false}, ""LMPP"": {""vaf"": 0.00898, ""n"": 889, ""pooled_depth"": 14738.0, ""callable"": true}, ""LTHSC"": {""vaf"": 0.01075, ""n"": 1197, ""pooled_depth"": 22660.0, ""callable"": true}, ""MPP2"": {""vaf"": 0.00108, ""n"": 1024, ""pooled_depth"": 6120.0, ""callable"": false}, ""STHSC"": {""vaf"": 0.01071, ""n"": 1053, ""pooled_depth"": 14253.0, ""callable"": true}, ""preMegE"": {""vaf"": 0.00159, ""n"": 1193, ""pooled_depth"": 9697.0, ""callable"": false}}"
14819	8	4.0787059513778895e-05	3.1438825172117947e-06	0.0	True	1.0	True	FLT3intCD9hi	True	True	True	True	True	"{""FLT3int"": {""vaf"": 0.01328, ""n"": 906, ""pooled_depth"": 9317.0, ""callable"": true}, ""FLT3intCD9hi"": {""vaf"": 0.01997, ""n"": 453, ""pooled_depth"": 5129.0, ""callable"": true}, ""FLT3intCD9lo"": {""vaf"": 0.01083, ""n"": 645, ""pooled_depth"": 8972.0, ""callable"": true}, ""LMPP"": {""vaf"": 0.01294, ""n"": 709, ""pooled_depth"": 9949.0, ""callable"": true}, ""LTHSC"": {""vaf"": 0.01837, ""n"": 956, ""pooled_depth"": 13266.0, ""callable"": true}, ""MPP2"": {""vaf"": 0.00096, ""n"": 784, ""pooled_depth"": 4264.0, ""callable"": false}, ""STHSC"": {""vaf"": 0.01775, ""n"": 775, ""pooled_depth"": 8781.0, ""callable"": true}, ""preMegE"": {""vaf"": 0.00047, ""n"": 1014, ""pooled_depth"": 6782.0, ""callable"": false}}"
14955	8	7.581743686220988e-06	8.971346936321214e-07	0.0	True	1.0	True	STHSC	True	True	True	True	True	"{""FLT3int"": {""vaf"": 0.00865, ""n"": 1073, ""pooled_depth"": 13630.0, ""callable"": true}, ""FLT3intCD9hi"": {""vaf"": 0.00818, ""n"": 537, ""pooled_depth"": 7728.0, ""callable"": true}, ""FLT3intCD9lo"": {""vaf"": 0.00717, ""n"": 769, ""pooled_depth"": 13090.0, ""callable"": false}, ""LMPP"": {""vaf"": 0.00783, ""n"": 913, ""pooled_depth"": 14624.0, ""callable"": true}, ""LTHSC"": {""vaf"": 0.00907, ""n"": 1146, ""pooled_depth"": 19929.0, ""callable"": true}, ""MPP2"": {""vaf"": 0.00266, ""n"": 1047, ""pooled_depth"": 6257.0, ""callable"": false}, ""STHSC"": {""vaf"": 0.01059, ""n"": 993, ""pooled_depth"": 12625.0, ""callable"": true}, ""preMegE"": {""vaf"": 0.0018, ""n"": 1220, ""pooled_depth"": 9578.0, ""callable"": false}}"
14976	8	1.7819985119070482e-06	8.123009401892825e-07	0.0	True	1.0	True	FLT3intCD9hi	True	True	True	True	True	"{""FLT3int"": {""vaf"": 0.00537, ""n"": 1065, ""pooled_depth"": 14115.0, ""callable"": false}, ""FLT3intCD9hi"": {""vaf"": 0.00769, ""n"": 553, ""pooled_depth"": 8114.0, ""callable"": true}, ""FLT3intCD9lo"": {""vaf"": 0.00534, ""n"": 768, ""pooled_depth"": 13641.0, ""callable"": false}, ""LMPP"": {""vaf"": 0.0053, ""n"": 912, ""pooled_depth"": 15091.0, ""callable"": false}, ""LTHSC"": {""vaf"": 0.00705, ""n"": 1166, ""pooled_depth"": 21129.0, ""callable"": false}, ""MPP2"": {""vaf"": 0.00468, ""n"": 1072, ""pooled_depth"": 6721.0, ""callable"": false}, ""STHSC"": {""vaf"": 0.00658, ""n"": 1020, ""pooled_depth"": 13376.0, ""callable"": false}, ""preMegE"": {""vaf"": 0.00391, ""n"": 1245, ""pooled_depth"": 10297.0, ""callable"": false}}"
15024	8	1.558876962376664e-05	2.0451285860891916e-06	0.0	True	1.0	True	FLT3intCD9hi	True	True	True	True	True	"{""FLT3int"": {""vaf"": 0.01387, ""n"": 998, ""pooled_depth"": 11754.0, ""callable"": true}, ""FLT3intCD9hi"": {""vaf"": 0.01654, ""n"": 509, ""pooled_depth"": 6688.0, ""callable"": true}, ""FLT3intCD9lo"": {""vaf"": 0.01224, ""n"": 687, ""pooled_depth"": 11503.0, ""callable"": true}, ""LMPP"": {""vaf"": 0.01234, ""n"": 796, ""pooled_depth"": 12701.0, ""callable"": true}, ""LTHSC"": {""vaf"": 0.0154, ""n"": 1075, ""pooled_depth"": 17543.0, ""callable"": true}, ""MPP2"": {""vaf"": 0.00525, ""n"": 958, ""pooled_depth"": 5779.0, ""callable"": false}, ""STHSC"": {""vaf"": 0.01498, ""n"": 913, ""pooled_depth"": 11509.0, ""callable"": true}, ""preMegE"": {""vaf"": 0.00473, ""n"": 1146, ""pooled_depth"": 9015.0, ""callable"": false}}"
15618	8	8.821454183832544e-06	2.195440651047064e-06	0.0	True	1.0	True	FLT3intCD9hi	True	True	True	True	True	"{""FLT3int"": {""vaf"": 0.00635, ""n"": 774, ""pooled_depth"": 5237.0, ""callable"": false}, ""FLT3intCD9hi"": {""vaf"": 0.01263, ""n"": 369, ""pooled_depth"": 3175.0, ""callable"": true}, ""FLT3intCD9lo"": {""vaf"": 0.00718, ""n"": 524, ""pooled_depth"": 4992.0, ""callable"": false}, ""LMPP"": {""vaf"": 0.00835, ""n"": 564, ""pooled_depth"": 5776.0, ""callable"": true}, ""LTHSC"": {""vaf"": 0.00621, ""n"": 828, ""pooled_depth"": 8099.0, ""callable"": false}, ""MPP2"": {""vaf"": 0.00406, ""n"": 595, ""pooled_depth"": 2805.0, ""callable"": false}, ""STHSC"": {""vaf"": 0.00825, ""n"": 637, ""pooled_depth"": 5490.0, ""callable"": true}, ""preMegE"": {""vaf"": 0.0017, ""n"": 883, ""pooled_depth"": 4466.0, ""callable"": false}}"
15730	8	3.738844636742624e-06	6.39213671775362e-07	0.0	True	1.0	True	FLT3intCD9hi	True	True	True	True	True	"{""FLT3int"": {""vaf"": 0.00573, ""n"": 1009, ""pooled_depth"": 12525.0, ""callable"": false}, ""FLT3intCD9hi"": {""vaf"": 0.00742, ""n"": 571, ""pooled_depth"": 8753.0, ""callable"": false}, ""FLT3intCD9lo"": {""vaf"": 0.00682, ""n"": 740, ""pooled_depth"": 12412.0, ""callable"": false}, ""LMPP"": {""vaf"": 0.00528, ""n"": 821, ""pooled_depth"": 13871.0, ""callable"": false}, ""LTHSC"": {""vaf"": 0.00689, ""n"": 1102, ""pooled_depth"": 21556.0, ""callable"": false}, ""MPP2"": {""vaf"": 0.00272, ""n"": 993, ""pooled_depth"": 7739.0, ""callable"": false}, ""STHSC"": {""vaf"": 0.00736, ""n"": 933, ""pooled_depth"": 14267.0, ""callable"": false}, ""preMegE"": {""vaf"": 0.00222, ""n"": 1188, ""pooled_depth"": 11068.0, ""callable"": false}}"
15930	8	0.09773892635612833	0.0018806628756301272	0.0	True	1.0	True	MPP2	True	True	True	True	True	"{""FLT3int"": {""vaf"": 0.0, ""n"": 1053, ""pooled_depth"": 12268.0, ""callable"": false}, ""FLT3intCD9hi"": {""vaf"": 0.00028, ""n"": 568, ""pooled_depth"": 7115.0, ""callable"": false}, ""FLT3intCD9lo"": {""vaf"": 9e-05, ""n"": 755, ""pooled_depth"": 11470.0, ""callable"": false}, ""LMPP"": {""vaf"": 0.00025, ""n"": 859, ""pooled_depth"": 12286.0, ""callable"": false}, ""LTHSC"": {""vaf"": 5e-05, ""n"": 1133, ""pooled_depth"": 19150.0, ""callable"": false}, ""MPP2"": {""vaf"": 0.86055, ""n"": 966, ""pooled_depth"": 5644.0, ""callable"": true}, ""STHSC"": {""vaf"": 9e-05, ""n"": 974, ""pooled_depth"": 11830.0, ""callable"": false}, ""preMegE"": {""vaf"": 0.85445, ""n"": 1132, ""pooled_depth"": 8279.0, ""callable"": true}}"
15984	8	3.3602185172551494e-06	1.5593156912722088e-06	0.0	True	1.0	True	FLT3int	True	True	True	True	True	"{""FLT3int"": {""vaf"": 0.01164, ""n"": 1020, ""pooled_depth"": 11590.0, ""callable"": true}, ""FLT3intCD9hi"": {""vaf"": 0.00762, ""n"": 542, ""pooled_depth"": 6925.0, ""callable"": false}, ""FLT3intCD9lo"": {""vaf"": 0.00992, ""n"": 697, ""pooled_depth"": 10551.0, ""callable"": true}, ""LMPP"": {""vaf"": 0.00811, ""n"": 807, ""pooled_depth"": 12170.0, ""callable"": true}, ""LTHSC"": {""vaf"": 0.00803, ""n"": 1081, ""pooled_depth"": 18537.0, ""callable"": true}, ""MPP2"": {""vaf"": 0.00842, ""n"": 910, ""pooled_depth"": 5941.0, ""callable"": true}, ""STHSC"": {""vaf"": 0.00703, ""n"": 879, ""pooled_depth"": 11380.0, ""callable"": false}, ""preMegE"": {""vaf"": 0.00671, ""n"": 1099, ""pooled_depth"": 8903.0, ""callable"": false}}"
