variant,n_carriers,p,enriched_in,fold,q
10662_G_A,21,1.3455836262238e-05,Lym_P,2.86,0.00074007099442309
2940_A_T,23,0.0001733007515824137,Mye,2.61,0.009531541337032753
2721_G_A,34,0.014961747173784158,Mye,1.76,0.8228960945581287
15780_A_G,21,0.02572374095915453,Mye_P,2.1,1.0
14011_G_A,27,0.08468805187157043,Lym,1.78,1.0
5764_C_T,82,0.1499983674947769,Mye,1.41,1.0
12219_A_G,21,0.16495470952722233,Lym_P,1.52,1.0
1368_T_C,24,0.1717971442967335,Mye,1.5,1.0
1468_T_C,26,0.2157467327728196,Mye_P,1.54,1.0
5765_C_A,62,0.3313731310187615,Mye,1.35,1.0
11556_T_G,25,0.4436367915546314,Mye,1.28,1.0
9918_G_A,26,0.45479880657208926,Mye_P,1.38,1.0
6425_T_C,28,0.4625205182962656,Lym_P,1.43,1.0
5740_C_T,21,0.4883382215500597,Lym,1.33,1.0
10604_T_C,34,0.5724067044708798,Lym,1.41,1.0
5766_C_G,55,0.7486469450781257,Mye,1.24,1.0
15470_T_C,28,0.8357559244638678,Mye_P,1.29,1.0
515_A_G,21,0.9862394670486525,Lym,1.14,1.0
14798_T_C,1162,0.9997217492201733,Lym,1.0,1.0
16519_T_C,1163,0.9999651827025237,Lym,1.0,1.0
14167_C_T,1163,0.9999651827025237,Lym,1.0,1.0
14766_C_T,1163,0.9999651827025237,Lym,1.0,1.0
11467_A_G,1164,1.0,Lym,1.0,1.0
11840_C_T,1164,1.0,Lym,1.0,1.0
12957_T_C,1164,1.0,Lym,1.0,1.0
12372_G_A,1164,1.0,Lym,1.0,1.0
12308_A_G,1164,1.0,Lym,1.0,1.0
1189_T_C,1164,1.0,Lym,1.0,1.0
11719_G_A,1164,1.0,Lym,1.0,1.0
11299_T_C,1164,1.0,Lym,1.0,1.0
10398_A_G,1164,1.0,Lym,1.0,1.0
10550_A_G,1164,1.0,Lym,1.0,1.0
195_T_C,1164,1.0,Lym,1.0,1.0
1811_A_G,1164,1.0,Lym,1.0,1.0
16311_T_C,1164,1.0,Lym,1.0,1.0
16224_T_C,1164,1.0,Lym,1.0,1.0
15326_A_G,1164,1.0,Lym,1.0,1.0
13740_T_C,1164,1.0,Lym,1.0,1.0
14384_G_A,1164,1.0,Lym,1.0,1.0
1438_A_G,1164,1.0,Lym,1.0,1.0
11485_T_C,1164,1.0,Lym,1.0,1.0
497_C_T,1164,1.0,Lym,1.0,1.0
3480_A_G,1164,1.0,Lym,1.0,1.0
4769_A_G,1164,1.0,Lym,1.0,1.0
2706_A_G,1164,1.0,Lym,1.0,1.0
6260_G_A,1164,1.0,Lym,1.0,1.0
7028_C_T,1164,1.0,Lym,1.0,1.0
263_A_G,1164,1.0,Lym,1.0,1.0
73_A_G,1164,1.0,Lym,1.0,1.0
750_A_G,1164,1.0,Lym,1.0,1.0
8856_G_C,1164,1.0,Lym,1.0,1.0
8098_A_G,1164,1.0,Lym,1.0,1.0
8860_A_G,1164,1.0,Lym,1.0,1.0
9055_G_A,1164,1.0,Lym,1.0,1.0
9698_T_C,1164,1.0,Lym,1.0,1.0
