variant,n_car,carrier_frac,LR,split
10013_C_A,80,0.0069,0.0,False
10604_T_C,312,0.0268,2037.5374816444446,False
10662_G_A,94,0.0081,666.1952273476916,False
10775_G_A,139,0.0119,1986.635325270141,False
11464_C_A,61,0.0052,0.0,False
11556_T_G,101,0.0087,0.0,False
11594_C_G,60,0.0052,0.0,False
12178_C_T,72,0.0062,0.0,False
12179_A_G,91,0.0078,0.0,False
12219_A_G,185,0.0159,0.0,False
12239_C_G,74,0.0064,0.0,False
123_A_C,59,0.0051,0.0,False
12628_T_G,103,0.0089,0.0,False
1267_T_C,64,0.0055,0.0,False
12818_G_C,62,0.0053,0.0,False
13175_T_C,84,0.0072,0.0,False
1334_G_A,63,0.0054,0.0,False
13369_T_C,69,0.0059,0.0,False
13589_T_C,144,0.0124,0.0,False
1368_T_C,124,0.0107,0.0,False
1369_T_C,91,0.0078,0.0,False
14011_G_A,179,0.0154,2087.751827003801,False
14363_A_G,67,0.0058,0.0,False
14419_C_T,62,0.0053,0.0,False
14569_G_A,68,0.0058,916.7478158733975,False
1468_T_C,128,0.011,0.0,False
15041_G_T,98,0.0084,0.0,False
15043_G_A,112,0.0096,0.0,False
150_C_T,103,0.0089,808.4436643344939,False
15196_A_G,75,0.0064,0.0,False
15366_A_C,90,0.0077,0.0,False
15470_T_C,290,0.0249,2143.148099260822,False
1556_C_T,81,0.007,0.0,False
15780_A_G,139,0.0119,1335.3248129024746,False
15784_T_C,89,0.0076,0.0,False
15785_T_C,91,0.0078,0.0,False
15976_T_C,79,0.0068,669.0758858582412,False
16129_G_A,96,0.0083,971.940052848998,False
16312_A_C,64,0.0055,0.0,False
189_A_G,69,0.0059,613.6833559734159,False
196_T_C,86,0.0074,0.0,False
204_T_C,69,0.0059,859.0450415088453,False
2569_C_G,68,0.0058,0.0,False
2721_G_A,258,0.0222,3887.8975018981087,False
2817_G_A,65,0.0056,409.0914817078858,False
2819_G_A,61,0.0052,0.0,False
2940_A_T,113,0.0097,0.0,False
3109_T_C,1352,0.1162,0.0,False
3244_G_A,73,0.0063,359.7660116643474,False
3587_C_G,67,0.0058,0.0,False
3642_C_T,59,0.0051,0.0,False
3644_T_C,65,0.0056,0.0,False
3707_G_T,63,0.0054,0.0,False
3943_A_G,74,0.0064,0.0,False
3944_T_A,71,0.0061,0.0,False
3945_C_A,75,0.0064,0.0,False
4848_G_A,94,0.0081,931.2396465550987,False
4953_A_C,100,0.0086,0.0,False
513_G_A,73,0.0063,0.5836025115936536,False
5150_C_A,83,0.0071,0.0,False
515_A_G,105,0.009,0.0,False
5209_C_G,86,0.0074,0.0,False
5740_C_T,72,0.0062,0.0,False
5752_A_G,77,0.0066,0.0,False
5764_C_T,496,0.0426,0.0,False
5765_C_A,343,0.0295,0.0,False
5766_C_G,296,0.0254,0.0,False
5850_T_G,64,0.0055,0.0,False
5852_T_A,86,0.0074,0.0,False
5978_A_C,60,0.0052,1143.5885749199556,False
6320_T_C,71,0.0061,0.0,False
6425_T_C,131,0.0113,0.0,False
6559_T_C,95,0.0082,0.0,False
6577_G_A,118,0.0101,0.0,False
662_T_C,91,0.0078,914.0335866402581,False
6912_G_A,123,0.0106,1301.5499384991886,False
6933_T_C,71,0.0061,365.6658554043918,False
7063_T_C,72,0.0062,0.0,False
7210_T_A,62,0.0053,0.0,False
7345_A_G,82,0.007,0.0,False
7346_A_G,76,0.0065,0.0,False
7626_C_G,86,0.0074,0.0,False
768_A_G,81,0.007,0.0,False
866_A_C,61,0.0052,0.0,False
879_T_C,93,0.008,832.7121850228173,False
880_C_T,67,0.0058,0.0,False
9616_T_C,62,0.0053,0.0,False
973_C_T,80,0.0069,0.0,False
976_A_C,67,0.0058,0.0,False
9918_G_A,118,0.0101,0.0,False
