chrM_pos,ref,alt,n_donors,median_naive_VAF,median_decoy_VAF,decoy_removed_VAF,region,artifact_class
16207,A,G,3,0.0142,0.0142,-0.0,control region (D-loop),other (mapping/context)
3590,T,A,3,0.0133,0.0129,0.0005,coding/rRNA/tRNA,other (mapping/context)
3578,T,A,3,0.0114,0.0107,0.0002,coding/rRNA/tRNA,other (mapping/context)
2685,T,A,3,0.0098,0.01,0.0002,coding/rRNA/tRNA,other (mapping/context)
3572,T,A,3,0.0087,0.0087,0.0002,coding/rRNA/tRNA,other (mapping/context)
7832,A,C,3,0.0058,0.0064,-0.0005,coding/rRNA/tRNA,other (mapping/context)
9410,A,G,3,0.0055,0.0059,0.0004,coding/rRNA/tRNA,other (mapping/context)
15467,A,G,3,0.0053,0.0056,-0.0001,coding/rRNA/tRNA,other (mapping/context)
73,A,G,2,0.0265,0.026,0.0005,control region (D-loop),other (mapping/context)
152,T,C,2,0.0264,0.0257,0.0007,control region (D-loop),other (mapping/context)
16519,T,C,2,0.02,0.0198,0.0002,control region (D-loop),other (mapping/context)
146,T,C,2,0.0188,0.0181,0.0007,control region (D-loop),other (mapping/context)
50,T,C,2,0.0178,0.018,-0.0002,control region (D-loop),other (mapping/context)
16399,A,G,2,0.0163,0.0163,0.0,control region (D-loop),other (mapping/context)
4703,T,C,2,0.0159,0.012,0.0039,coding/rRNA/tRNA,NUMT (decoy-removable)
8084,A,T,2,0.0159,0.0167,-0.0007,coding/rRNA/tRNA,other (mapping/context)
281,A,G,2,0.0151,0.0152,-0.0001,control region (D-loop),other (mapping/context)
16179,C,T,2,0.0149,0.0153,-0.0004,control region (D-loop),other (mapping/context)
15908,T,C,2,0.0145,0.015,-0.0005,coding/rRNA/tRNA,other (mapping/context)
14148,A,G,2,0.0142,0.0144,-0.0002,coding/rRNA/tRNA,other (mapping/context)
6392,T,C,2,0.014,0.0127,0.0014,coding/rRNA/tRNA,other (mapping/context)
6776,T,C,2,0.0136,0.0117,0.0019,coding/rRNA/tRNA,other (mapping/context)
10310,G,A,2,0.0136,0.0132,0.0004,coding/rRNA/tRNA,other (mapping/context)
15670,T,C,2,0.0136,0.0138,-0.0001,coding/rRNA/tRNA,other (mapping/context)
13928,G,C,2,0.0135,0.0134,0.0001,coding/rRNA/tRNA,other (mapping/context)
11776,T,C,2,0.0126,0.0125,0.0001,coding/rRNA/tRNA,other (mapping/context)
6033,C,G,2,0.0124,0.0122,0.0002,coding/rRNA/tRNA,other (mapping/context)
5263,C,T,2,0.0123,0.0138,-0.0014,coding/rRNA/tRNA,other (mapping/context)
12630,G,A,2,0.0119,0.0119,0.0,coding/rRNA/tRNA,other (mapping/context)
3290,T,C,2,0.0115,0.0115,-0.0001,coding/rRNA/tRNA,other (mapping/context)
10915,T,C,2,0.0115,0.0116,-0.0002,coding/rRNA/tRNA,other (mapping/context)
12612,A,G,2,0.0111,0.0113,-0.0002,coding/rRNA/tRNA,other (mapping/context)
7118,A,G,2,0.0109,0.0003,0.0106,coding/rRNA/tRNA,NUMT (decoy-removable)
3970,C,T,2,0.0095,0.0101,-0.0005,coding/rRNA/tRNA,other (mapping/context)
379,A,T,2,0.0092,0.0089,0.0003,control region (D-loop),other (mapping/context)
2734,A,C,2,0.0092,0.0085,0.0006,coding/rRNA/tRNA,other (mapping/context)
14016,G,A,2,0.0092,0.0091,0.0002,coding/rRNA/tRNA,other (mapping/context)
3599,T,A,2,0.009,0.0088,0.0002,coding/rRNA/tRNA,other (mapping/context)
472,A,G,2,0.0089,0.0114,-0.0025,control region (D-loop),other (mapping/context)
2838,A,G,2,0.0087,0.0086,0.0001,coding/rRNA/tRNA,other (mapping/context)
8866,A,G,2,0.0081,0.0039,0.0042,coding/rRNA/tRNA,NUMT (decoy-removable)
8797,T,G,2,0.0076,0.0001,0.0075,coding/rRNA/tRNA,NUMT (decoy-removable)
1931,A,T,2,0.0065,0.0072,-0.0007,coding/rRNA/tRNA,other (mapping/context)
1663,C,G,2,0.0064,0.0107,-0.0043,coding/rRNA/tRNA,other (mapping/context)
14417,A,G,2,0.0061,0.0002,0.0058,coding/rRNA/tRNA,NUMT (decoy-removable)
89,T,C,2,0.0057,0.0058,-0.0,control region (D-loop),other (mapping/context)
4218,T,A,2,0.0056,0.0,0.0056,coding/rRNA/tRNA,NUMT (decoy-removable)
8916,A,C,2,0.0056,0.0004,0.0052,coding/rRNA/tRNA,NUMT (decoy-removable)
8987,T,C,2,0.0055,0.0004,0.0051,coding/rRNA/tRNA,NUMT (decoy-removable)
8911,T,C,2,0.0052,0.0001,0.0051,coding/rRNA/tRNA,NUMT (decoy-removable)
