pos	region	gene_change	n_samples	n_sample_methods	max_effect	samples
3943	MT-ND1	A>C	10	13	0.0282499999999999	FN1,FN2,FN3,FS1,MN2,MN3,MN4,MS3,MS4,PDAC06
3371	MT-ND1	T>C	10	10	0.0133199999999999	Day25,FN1,FN2,FS2,FS3,MN1,MN4,MS1,MS4,SN_MULTI_2942
3599	MT-ND1	T>A	9	11	0.01069	FS1,FS2,FS3,FS4,MN2,MN4,MS1,MS4,PDAC02
3590	MT-ND1	T>A	7	13	0.03364	FS4,MN2,MN3,MS1,MS4,PDAC06,SN_MULTI_2960
6544	MT-CO1	A>G	7	11	0.01508	MN1,MN2,MN3,MS3,PDAC06,SN_MULTI_2942,SN_MULTI_2960
6246	MT-CO1	T>G	7	8	0.01471	FS1,FS3,MN2,MN4,MS3,PDAC02,SN_MULTI_2960
3321	MT-ND1	C>G	6	8	0.00879	FN2,FN3,FS2,MN1,MN4,MS2
7953	MT-CO2	T>C	5	6	0.02908	FS2,MN2,MS2,MS3,PDAC02
11243	MT-ND4	A>C	5	6	0.02374	MN2,MN3,MS3,SN_MULTI_2942,SN_MULTI_2960
13171	MT-ND5	T>G	5	6	0.02346	FS3,MN3,MS3,SN_MULTI_2942,SN_MULTI_2960
3572	MT-ND1	T>A	5	5	0.01179	FS4,MN2,MS1,MS2,PDAC02
3578	MT-ND1	T>A	4	6	0.02593	FS4,MN2,MN4,SN_MULTI_2972
13120	MT-ND5	C>A	4	6	0.01962	FS1,MN3,MS3,SN_MULTI_2960
3459	MT-ND1	C>A	4	6	0.0104199999999999	FS2,FS4,MN4,MS2
7832	MT-CO2	A>C	4	5	0.00815	FS4,MN2,SN_MULTI_2942,SN_MULTI_2972
4148	MT-ND1	G>T	4	4	0.0167399999999999	FN1,FN2,MN3,MS1
8749	MT-ATP6	T>C	4	4	0.01567	FS4,MN2,PDAC02,SN_MULTI_2960
15038	MT-CYB	A>C	3	6	0.02477	MN3,SN_MULTI_2942,SN_MULTI_2960
6464	MT-CO1	C>G	3	6	0.0225399999999999	PDAC06,SN_MULTI_2942,SN_MULTI_2960
14989	MT-CYB	C>G	3	5	0.0197	MN3,MS2,SN_MULTI_2942
6425	MT-CO1	T>A	3	5	0.0101799999999999	MN2,MS2,MS3
14001	MT-ND5	A>G	3	5	0.00838	FS3,MN3,MS2
6070	MT-CO1	T>C	3	4	0.01372	FS1,FS4,MN2
3361	MT-ND1	T>G	3	4	0.0104	FN2,MN4,PDAC02
3532	MT-ND1	A>G	3	4	0.0103799999999999	FN2,FN3,MN1
3712	MT-ND1	G>C	3	3	0.0277299999999999	MN2,MS1,MS3
7903	MT-CO2	A>G	3	3	0.01717	FS2,MN2,MS3
9779	MT-CO3	C>G	3	3	0.01536	FS2,FS4,MN3
9736	MT-CO3	A>C	3	3	0.0080399999999999	FS2,MN2,MS2
14569	MT-ND6	G>T	2	4	0.0288399999999999	SN_MULTI_2942,SN_MULTI_2960
13645	MT-ND5	T>G	2	4	0.02811	MN3,SN_MULTI_2942
13382	MT-ND5	A>G	2	4	0.02103	PDAC06,SN_MULTI_2942
6474	MT-CO1	A>C	2	4	0.01968	PDAC02,SN_MULTI_2960
7828	MT-CO2	A>G	2	3	0.02132	FS1,MS3
12351	MT-ND5	T>G	2	3	0.01275	PDAC06,SN_MULTI_2942
8885	MT-ATP6	A>G	2	3	0.01033	SN_MULTI_2960,SN_MULTI_2972
15212	MT-CYB	A>C	2	3	0.0093	MN3,SN_MULTI_2960
3737	MT-ND1	T>C	2	3	0.00843	MS2,MS4
8860	MT-ATP6	G>A	2	2	0.05924	FS2,MN2
8165	MT-CO2	G>T	2	2	0.0282	MN2,MS3
6844	MT-CO1	T>G	2	2	0.02173	FS4,MN1
7676	MT-CO2	A>C	2	2	0.01612	MN3,MS2
7241	MT-CO1	A>T	2	2	0.01596	FS3,SN_MULTI_2942
14999	MT-CYB	A>C	2	2	0.01502	MN3,MS2
15270	MT-CYB	T>C	2	2	0.01316	MN3,SN_MULTI_2942
11437	MT-ND4	T>A	2	2	0.0131	MS2,PDAC06
12033	MT-ND4	A>G	2	2	0.01233	FS3,MN3
8425	MT-ATP8	A>C	2	2	0.01133	MN2,PDAC06
3653	MT-ND1	T>G	2	2	0.01035	FN2,MN2
9460	MT-CO3	T>C	2	2	0.00785	FS4,MS2
9829	MT-CO3	T>C	2	2	0.00565	FS2,FS4
10360	MT-ND3	G>A	1	4	0.041	FS4
14000	MT-ND5	T>C	1	4	0.01674	SN_MULTI_2942
7609	MT-CO2	T>C	1	3	0.03122	FS4
7236	MT-CO1	G>C	1	2	0.14673	MN2
10242	MT-ND3	T>C	1	2	0.07894	SN_MULTI_2960
6999	MT-CO1	G>A	1	2	0.06326	FS2
5261	MT-ND2	G>A	1	2	0.05329	FN1
4114	MT-ND1	T>C	1	2	0.04233	MS3
7118	MT-CO1	A>G	1	2	0.02895	MN2
7305	MT-CO1	A>G	1	2	0.02355	MN2
7315	MT-CO1	T>G	1	2	0.01585	FS4
14363	MT-ND6	A>G	1	2	0.01563	MN3
13951	MT-ND5	T>G	1	2	0.00923	SN_MULTI_2960
7919	MT-CO2	G>A	1	1	0.10058	FS4
12772	MT-ND5	G>A	1	1	0.0685099999999999	SN_MULTI_2942
4142	MT-ND1	G>A	1	1	0.05812	MN3
4820	MT-ND2	G>A	1	1	0.05449	MN1
11180	MT-ND4	G>A	1	1	0.05273	PDAC06
6637	MT-CO1	T>C	1	1	0.0483	PDAC02
6726	MT-CO1	T>C	1	1	0.04262	FS4
15026	MT-CYB	C>T	1	1	0.03744	SN_MULTI_2960
6321	MT-CO1	G>A	1	1	0.03497	MN1
10700	MT-ND4L	A>G	1	1	0.03485	FS2
15029	MT-CYB	T>A	1	1	0.03251	SN_MULTI_2960
10947	MT-ND4	C>A	1	1	0.03109	FS1
6757	MT-CO1	T>C	1	1	0.02899	PDAC02
3362	MT-ND1	T>C	1	1	0.02602	FS1
8201	MT-CO2	T>C	1	1	0.0256	SN_MULTI_2942
6837	MT-CO1	A>C	1	1	0.0255	SN_MULTI_2960
3661	MT-ND1	T>C	1	1	0.02399	MS1
4001	MT-ND1	T>C	1	1	0.0237199999999999	MS1
4203	MT-ND1	A>G	1	1	0.02315	MS4
3707	MT-ND1	G>A	1	1	0.02293	FS3
3755	MT-ND1	T>G	1	1	0.02154	SN_MULTI_2942
13488	MT-ND5	T>C	1	1	0.02152	SN_MULTI_2960
9737	MT-CO3	A>G	1	1	0.02106	MN3
13087	MT-ND5	A>G	1	1	0.02079	MS3
12043	MT-ND4	C>T	1	1	0.02039	MN2
7191	MT-CO1	T>G	1	1	0.0203099999999999	SN_MULTI_2942
13708	MT-ND5	A>G	1	1	0.02024	SN_MULTI_2960
9231	MT-CO3	C>G	1	1	0.0198899999999999	SN_MULTI_2960
4057	MT-ND1	T>G	1	1	0.01975	FS4
9252	MT-CO3	T>C	1	1	0.01942	PDAC02
14921	MT-CYB	G>T	1	1	0.01923	SN_MULTI_2960
3557	MT-ND1	T>G	1	1	0.01915	Day25
9466	MT-CO3	T>C	1	1	0.01909	MN2
11328	MT-ND4	G>A	1	1	0.01873	MN2
14468	MT-ND6	T>C	1	1	0.0186099999999999	SN_MULTI_2942
5981	MT-CO1	T>G	1	1	0.01858	PDAC02
4623	MT-ND2	T>G	1	1	0.01852	FS2
5500	MT-ND2	T>C	1	1	0.01842	MN1
5306	MT-ND2	C>T	1	1	0.01836	MN1
11642	MT-ND4	G>A	1	1	0.01829	MN2
12868	MT-ND5	G>A	1	1	0.01809	MN3
11463	MT-ND4	T>G	1	1	0.01806	MN3
3509	MT-ND1	T>C	1	1	0.01805	SN_MULTI_2942
9575	MT-CO3	G>T	1	1	0.01804	SN_MULTI_2942
9018	MT-ATP6	T>G	1	1	0.01783	MS2
3895	MT-ND1	C>G	1	1	0.0177	MN3
13500	MT-ND5	T>C	1	1	0.01764	FS1
12400	MT-ND5	A>C	1	1	0.0176	SN_MULTI_2942
4479	MT-ND2	C>T	1	1	0.01743	MS2
14241	MT-ND6	A>C	1	1	0.01739	MS3
8485	MT-ATP8	G>A	1	1	0.01721	SN_MULTI_2942
8780	MT-ATP6	T>C	1	1	0.01721	PDAC06
6069	MT-CO1	G>T	1	1	0.0171	PDAC06
7833	MT-CO2	T>C	1	1	0.0169	FS1
5018	MT-ND2	A>G	1	1	0.01664	MS3
8029	MT-CO2	C>T	1	1	0.0166	FS1
10885	MT-ND4	T>C	1	1	0.0164	FS4
6293	MT-CO1	T>G	1	1	0.01624	SN_MULTI_2942
8367	MT-ATP8	T>G	1	1	0.01596	FS4
8977	MT-ATP6	A>C	1	1	0.01593	FS4
3422	MT-ND1	T>C	1	1	0.0157299999999999	MN4
3605	MT-ND1	T>C	1	1	0.01571	FS2
10172	MT-ND3	A>G	1	1	0.01571	SN_MULTI_2960
7885	MT-CO2	T>A	1	1	0.01563	SN_MULTI_2960
13489	MT-ND5	T>C	1	1	0.0156099999999999	SN_MULTI_2960
4700	MT-ND2	C>G	1	1	0.0155399999999999	MS1
8908	MT-ATP6	T>G	1	1	0.0153899999999999	PDAC06
8204	MT-CO2	A>T	1	1	0.01526	PDAC06
3621	MT-ND1	T>A	1	1	0.0151199999999999	MN1
9068	MT-ATP6	T>C	1	1	0.01493	MS2
12812	MT-ND5	A>G	1	1	0.0145899999999999	FS1
10293	MT-ND3	C>T	1	1	0.01454	MS2
11055	MT-ND4	T>C	1	1	0.01443	MN2
9491	MT-CO3	A>G	1	1	0.0143699999999999	MN3
13432	MT-ND5	A>T	1	1	0.0143	MS3
4961	MT-ND2	A>C	1	1	0.01427	MS3
6172	MT-CO1	C>G	1	1	0.01413	MS2
7606	MT-CO2	A>G	1	1	0.01396	MN1
6296	MT-CO1	C>T	1	1	0.0139499999999999	FS4
13079	MT-ND5	A>T	1	1	0.01393	MS2
6619	MT-CO1	G>A	1	1	0.01384	FS1
6894	MT-CO1	A>T	1	1	0.01372	MN1
6173	MT-CO1	C>A	1	1	0.0136699999999999	MS2
11311	MT-ND4	A>G	1	1	0.0135699999999999	MS3
8243	MT-CO2	G>A	1	1	0.01353	MN1
3567	MT-ND1	C>G	1	1	0.01338	Day25
3942	MT-ND1	C>G	1	1	0.01331	MN2
3333	MT-ND1	C>G	1	1	0.01312	MN4
3668	MT-ND1	G>C	1	1	0.01303	MN2
10945	MT-ND4	A>C	1	1	0.0129	FS3
11111	MT-ND4	T>G	1	1	0.0128799999999999	PDAC06
9410	MT-CO3	A>G	1	1	0.01281	MS2
10593	MT-ND4L	A>G	1	1	0.01275	FS4
12762	MT-ND5	C>A	1	1	0.01267	PDAC06
6058	MT-CO1	A>G	1	1	0.0125399999999999	SN_MULTI_2942
6966	MT-CO1	G>C	1	1	0.0125	MS2
6911	MT-CO1	T>G	1	1	0.01209	MN2
8756	MT-ATP6	T>C	1	1	0.01208	PDAC02
6916	MT-CO1	T>G	1	1	0.0118599999999999	MS2
9109	MT-ATP6	A>G	1	1	0.0116	PDAC02
6609	MT-CO1	T>C	1	1	0.01159	MS3
10551	MT-ND4L	T>G	1	1	0.01146	MN2
9986	MT-CO3	G>A	1	1	0.01133	MN2
14949	MT-CYB	A>G	1	1	0.01124	MS2
4091	MT-ND1	A>G	1	1	0.01122	FS4
13908	MT-ND5	C>T	1	1	0.01111	MN3
3423	MT-ND1	T>C	1	1	0.01103	Day25
13278	MT-ND5	A>T	1	1	0.0110199999999999	PDAC06
10588	MT-ND4L	T>G	1	1	0.0106699999999999	MN2
8209	MT-CO2	C>T	1	1	0.01039	FS2
6961	MT-CO1	T>C	1	1	0.01032	MN2
14267	MT-ND6	C>A	1	1	0.01024	MS2
9513	MT-CO3	C>G	1	1	0.01003	MN2
9076	MT-ATP6	A>C	1	1	0.01002	SN_MULTI_2972
3565	MT-ND1	A>C	1	1	0.00986	Day25
3566	MT-ND1	C>G	1	1	0.0090499999999999	Day25
6479	MT-CO1	A>G	1	1	0.00904	FS4
8167	MT-CO2	T>C	1	1	0.00828	FS3
7860	MT-CO2	A>T	1	1	0.00777	MN1
12972	MT-ND5	A>G	1	1	0.0076899999999999	FS1
6529	MT-CO1	T>C	1	1	0.00763	FS4
6069	MT-CO1	G>C	1	1	0.00709	SN_MULTI_2972
5225	MT-ND2	A>G	1	1	0.00676	FS3
12933	MT-ND5	A>G	1	1	0.0061099999999999	SN_MULTI_2960
12082	MT-ND4	A>G	1	1	0.00608	MN3
5275	MT-ND2	A>C	1	1	0.00599	FS3
15220	MT-CYB	A>G	1	1	0.00551	MN3
7626	MT-CO2	C>G	1	1	0.00546	MN3
4572	MT-ND2	A>C	1	1	0.00536	SN_MULTI_2960
7106	MT-CO1	A>G	1	1	0.0053599999999999	MN1
15210	MT-CYB	A>G	1	1	0.00464	MS2
