variant,n_carriers,LR,p,enriched_in,rate_max,rate_min,q
1983_T_C,35,47.29617457656991,3.0062614590244616e-10,Lym_P,0.0508,0.0012,3.003255197565437e-07
10662_G_A,58,33.60423955093836,2.401375221257006e-07,Lym_P,0.0535,0.0047,0.00023989738460357488
8350_A_C,25,31.546639420285487,6.521023336062256e-07,Lym_P,0.0134,0.0,0.0006514502312726194
6933_T_C,40,31.27946363599108,7.423231498653602e-07,Lym_P,0.0428,0.0012,0.0007415808267154948
6890_A_C,17,30.607271216731533,1.0282985896858632e-06,Mye,0.013,0.0,0.0010272702910961774
2940_A_T,72,28.61238465353881,2.701278281722806e-06,Mye,0.0344,0.0044,0.002698577003441083
15780_A_G,84,27.742029005460154,4.114231294150758e-06,Mye,0.0273,0.0066,0.004110117062856607
876_T_G,24,23.693826270271757,2.8939933904869886e-05,Mye,0.0166,0.0011,0.028910993970965016
768_A_G,50,23.418504257410063,3.303216494909361e-05,Mye,0.0237,0.0043,0.032999132784144514
2721_G_A,138,23.24515017376598,3.589964662941906e-05,Mye,0.0463,0.0151,0.03586374698278964
5791_G_C,14,22.095375707285058,6.231723902881647e-05,Mye,0.0107,0.0,0.06225492178978765
5894_A_G,13,21.82821629691219,7.082595124700251e-05,Lym_P,0.0214,0.0,0.0707551252957555
15323_G_A,22,21.70637380890156,7.508158101963444e-05,Lym_P,0.0321,0.0012,0.07500649943861482
7387_T_C,16,21.56754817367866,8.024158959315208e-05,Mye,0.0107,0.0003,0.08016134800355894
1377_C_T,32,20.899946870919962,0.00011043493091471247,Mye_P,0.0146,0.0,0.11032449598379776
1585_A_G,18,20.49625393475813,0.0001339342428383592,Mye,0.013,0.0011,0.13380030859552083
767_C_T,36,19.846007243031806,0.0001826831642978022,Mye,0.019,0.0026,0.1825004811335044
12613_G_C,16,19.23454038873598,0.0002445053787050127,Lym,0.0039,0.0,0.24426087332630772
7273_G_A,33,18.68371226849922,0.0003178108894759931,Mye_P,0.0128,0.0019,0.3174930785865171
9795_T_C,27,17.5026462310355,0.0005569421144853284,Mye,0.0142,0.0009,0.5563851723708431
15196_A_G,48,16.81023524884324,0.0007731745127630656,Lym_P,0.0241,0.0047,0.7724013382503025
1323_G_A,22,16.77956883371013,0.0007844776475424683,Lym_P,0.0241,0.0012,0.7836931698949259
13676_A_G,23,16.44810298448749,0.0009176366386569785,Lym_P,0.0214,0.0017,0.9167190020183216
4136_A_G,22,16.362273930124843,0.0009556313136012367,Lym_P,0.0214,0.0019,0.9546756822876356
7878_A_T,21,16.209822814046277,0.001027010220568089,Mye,0.0107,0.0011,1.0
7341_C_G,24,15.934750916673181,0.0011694530897805838,Mye,0.013,0.0,1.0
10775_G_A,73,15.930839317176492,0.001171614056075328,Mye_P,0.0214,0.0077,1.0
621_A_T,15,15.801575464633885,0.0012453002839607759,Mye,0.0095,0.0006,1.0
9545_A_G,15,15.542225612087009,0.0014072988329710092,Lym_P,0.016,0.0008,1.0
7342_G_C,13,15.53336222748581,0.0014131901930429592,Mye,0.0095,0.0,1.0
15575_G_A,16,15.51389130223032,0.001426218321051939,Lym_P,0.0187,0.0011,1.0
10298_A_C,28,15.442629318195031,0.0014749248786632412,Mye,0.0154,0.0025,1.0
15149_T_G,34,15.386872526069624,0.0015141819275062266,Lym_P,0.0267,0.0026,1.0
5739_C_G,29,15.28733422734473,0.0015868596075152258,Lym_P,0.008,0.0012,1.0
5052_C_T,31,14.941632243842037,0.0018672136939931919,Mye,0.0119,0.0019,1.0
15470_T_C,165,14.71363429104008,0.0020784651124084686,Mye_P,0.042,0.0214,1.0
907_A_C,24,14.516769705714466,0.0022798281646752537,Lym_P,0.0134,0.0009,1.0
4848_G_A,55,14.311516133020291,0.002510379185635934,Lym,0.0116,0.0,1.0
6559_T_C,59,14.115887853870845,0.0027515790360612374,Lym_P,0.0267,0.0047,1.0
13034_T_G,15,13.99717579860652,0.002908999516932139,Mye,0.0095,0.0,1.0
12179_A_G,53,13.979584310977089,0.0029330741348396424,Lym_P,0.0214,0.0055,1.0
3703_C_G,32,13.909068770248211,0.0030315751702879195,Mye,0.0154,0.003,1.0
12871_G_T,31,13.454600883394164,0.0037498741170476453,Mye,0.013,0.0,1.0
7982_C_G,16,13.42010677524567,0.0038108182783869217,Mye,0.0095,0.0006,1.0
14920_C_T,17,13.388064316415324,0.0038683090620184875,Lym_P,0.0107,0.0,1.0
5742_C_G,28,13.282176083119907,0.004064470892780466,Lym_P,0.008,0.0012,1.0
5361_T_C,26,13.165740398490811,0.004291552813453149,Lym,0.0058,0.0,1.0
15758_A_G,26,13.002353040316393,0.00463151961585404,Mye_P,0.0103,0.0,1.0
6763_T_G,37,12.84826870039359,0.0049764914299265705,Lym_P,0.016,0.0017,1.0
9979_G_A,19,12.739493460435881,0.005235211502479996,Mye,0.0095,0.0,1.0
13030_T_C,13,12.688913077989127,0.005360005090224512,Mye,0.0071,0.0,1.0
10380_C_G,16,12.658532127069293,0.005436371631688054,Mye,0.0095,0.0009,1.0
5788_T_A,20,12.57216844312768,0.005659384824093689,Mye,0.0107,0.0,1.0
10492_T_A,12,12.555048620033517,0.0057046552639025,Mye,0.0071,0.0,1.0
11579_T_A,16,12.405542352024213,0.006115525262695309,Mye,0.0095,0.0,1.0
2817_G_T,20,12.005047282793527,0.007365890630470423,Mye,0.0095,0.0,1.0
7351_T_C,28,11.937031718851813,0.007602005526950066,Mye_P,0.0137,0.0017,1.0
7103_C_A,15,11.904139781361096,0.0077188558863989,Mye,0.0071,0.0,1.0
6614_T_C,14,11.855445694760135,0.00789510841248718,Lym_P,0.0107,0.0,1.0
4616_C_A,25,11.793649172393202,0.008124518623740978,Mye,0.013,0.0017,1.0
13218_A_C,22,11.743679175850616,0.008314827616230957,Lym_P,0.0187,0.0017,1.0
5053_C_G,27,11.656229094790433,0.0086585264286806,Mye,0.0107,0.0017,1.0
9552_T_G,30,11.550602620424229,0.009092404236176323,Mye,0.0107,0.0,1.0
7609_T_C,11,11.409687206584437,0.009704802505931573,Mye,0.0059,0.0006,1.0
9910_T_G,12,11.318614692030195,0.010122058412959016,Mye,0.0071,0.0006,1.0
12499_A_G,18,11.315500848861632,0.010136633317957219,Lym_P,0.0053,0.0,1.0
12632_C_A,18,11.288758384657825,0.01026266159677651,Mye,0.0095,0.0009,1.0
16129_G_A,51,11.04945718773945,0.011461425921748843,Mye,0.0202,0.0061,1.0
2941_G_T,31,10.978586346873783,0.011842232626834532,Mye,0.013,0.0017,1.0
11468_A_G,15,10.895727374770019,0.012303288449619759,Mye,0.0083,0.0,1.0
4839_C_T,15,10.889791400827875,0.012336989115983417,Mye,0.0083,0.0,1.0
15112_A_G,24,10.883889630183603,0.012370585773390097,Mye,0.0119,0.0022,1.0
5112_G_A,13,10.84789934532165,0.012577425433191807,Mye,0.0071,0.0,1.0
13365_C_T,12,10.80721634995524,0.012815339418053009,Mye,0.0071,0.0006,1.0
12571_A_T,16,10.742994923882748,0.013199958966325285,Lym_P,0.0107,0.0003,1.0
619_T_A,17,10.63051195897819,0.013901199021646583,Mye,0.0095,0.0011,1.0
1376_C_T,33,10.614648904050341,0.014002999258720929,Mye_P,0.0137,0.0027,1.0
7486_G_T,20,10.519657273676927,0.014628141719528462,Lym_P,0.0107,0.0014,1.0
6017_A_T,16,10.498625453910307,0.01477022438125916,Mye,0.0083,0.0008,1.0
12178_C_T,45,10.483720771630374,0.01487173613332571,Mye,0.0166,0.005,1.0
3669_A_G,12,10.473059680050113,0.014944766908097741,Lym_P,0.0107,0.0,1.0
940_A_G,22,10.436791594187412,0.015195863996281799,Mye,0.0107,0.0017,1.0
5232_C_G,14,10.428968503285887,0.015250568068022219,Mye,0.0071,0.0,1.0
2023_T_A,29,10.421090963056656,0.015305848716325916,Mye,0.0083,0.0,1.0
15940_T_C,20,10.404806811165145,0.015420748686488173,Lym_P,0.016,0.0012,1.0
11227_C_A,35,10.361728844765594,0.015728812740613423,Mye,0.0154,0.003,1.0
7877_A_G,17,10.344875385596168,0.015850978246663112,Mye,0.0083,0.0,1.0
6306_A_G,11,10.298233468948354,0.01619395902676532,Mye,0.0071,0.0,1.0
7995_A_T,12,10.25237564692705,0.016538288643177006,Lym_P,0.008,0.0,1.0
13206_C_G,14,10.23276765240945,0.01668770665629736,Mye,0.0071,0.0006,1.0
12130_T_G,11,10.226041342360844,0.01673926813023163,Mye_P,0.006,0.0,1.0
6527_A_C,26,10.17553919341475,0.017131436475931894,Mye_P,0.0086,0.0019,1.0
16293_A_G,22,10.166046438740068,0.017206153652490147,Lym_P,0.0134,0.0,1.0
16055_C_A,17,10.132288390143174,0.01747446744354381,Mye_P,0.006,0.0,1.0
1842_A_G,20,9.992418526587926,0.018630690821291478,Mye_P,0.0068,0.0,1.0
9794_A_C,23,9.990748125740879,0.018644943719470994,Mye,0.0095,0.0009,1.0
5040_A_T,17,9.989579804074936,0.0186549189345334,Mye,0.0095,0.0008,1.0
13360_T_G,26,9.916589715254474,0.019288623636516136,Lym_P,0.0134,0.0009,1.0
182_C_T,14,9.883241728558062,0.01958514774764523,Mye_P,0.006,0.0,1.0
1261_C_T,15,9.867461931436054,0.01972701535790227,Lym_P,0.016,0.0009,1.0
3700_G_C,12,9.844923588007447,0.019931397711603356,Mye,0.0071,0.0003,1.0
12770_A_C,16,9.66331988449511,0.02165590589535476,Mye_P,0.0094,0.0008,1.0
1809_T_A,16,9.608837402315771,0.02220126142978247,Lym_P,0.0107,0.0,1.0
1322_C_T,20,9.567984682262647,0.022619008348958115,Mye_P,0.0094,0.0012,1.0
6278_T_G,10,9.567136059097834,0.022627767383103712,Mye,0.0024,0.0,1.0
15536_A_C,21,9.521334220644633,0.023105479889790618,Lym,0.0047,0.0009,1.0
14798_T_C,6016,9.459841456432741,0.02376243997732242,Lym,1.0,0.9983,1.0
7484_A_G,25,9.456821512123156,0.02379517146249551,Mye,0.0119,0.0022,1.0
3699_C_G,21,9.448748097277075,0.023882892005198306,Mye,0.0107,0.0017,1.0
3791_T_C,19,9.441478657032775,0.023962148434051377,Lym_P,0.0107,0.0,1.0
4617_C_G,24,9.433079301125872,0.024054045279211907,Mye,0.0119,0.0019,1.0
329_G_C,20,9.408452914378358,0.024325478271537748,Lym_P,0.0134,0.0009,1.0
429_G_C,15,9.352012324720505,0.024958951045682347,Lym_P,0.008,0.0,1.0
14065_A_C,17,9.33098746524982,0.02519903995255873,Lym_P,0.0053,0.0,1.0
9272_C_G,26,9.330178639122323,0.025208321262272022,Mye,0.0071,0.0026,1.0
16223_C_T,15,9.302760856732021,0.025524931541236376,Lym_P,0.0107,0.0,1.0
3891_A_G,20,9.297838204896038,0.025582187851286273,Mye,0.0095,0.0017,1.0
5237_G_A,18,9.275707264263076,0.025841156376763635,Mye,0.0071,0.0,1.0
9534_C_T,27,9.240960598805941,0.026252942937207077,Mye,0.0119,0.0025,1.0
13070_C_T,12,9.220855991717173,0.026494135002936816,Lym_P,0.0107,0.0,1.0
8655_C_T,12,9.169442364665258,0.02712085801302556,Lym_P,0.0053,0.0,1.0
13205_T_A,12,9.166539179313418,0.027156677391154387,Mye,0.0059,0.0006,1.0
9908_C_A,14,9.089491285257253,0.02812441215470151,Lym_P,0.008,0.0008,1.0
5738_G_C,16,9.039138388450908,0.028775020843424804,Mye,0.0071,0.0009,1.0
11380_A_G,17,8.995316877327895,0.02935321604625623,Mye_P,0.0068,0.0,1.0
14011_G_A,101,8.990173965867712,0.02942181468498094,Lym_P,0.0241,0.0119,1.0
11469_A_C,13,8.983473206110176,0.029511428183031062,Mye,0.0071,0.0,1.0
12972_A_G,21,8.950640504645548,0.029954397574434386,Mye,0.0107,0.0017,1.0
15140_G_A,12,8.948579941815268,0.02998241413607421,Lym,0.0028,0.0,1.0
12239_C_G,50,8.944551400585055,0.030037262548343182,Lym_P,0.0187,0.0036,1.0
16541_A_G,17,8.935114155343229,0.0301661350591513,Lym,0.0036,0.0,1.0
4546_G_T,14,8.927120835431225,0.03027571293060962,Mye,0.0071,0.0,1.0
405_T_C,18,8.785289882273105,0.03228607210440843,Mye,0.0071,0.0,1.0
1945_A_C,16,8.738861919861904,0.032972097174949214,Lym_P,0.0053,0.0009,1.0
13377_C_A,29,8.727277473033723,0.03314548048904135,Mye,0.0119,0.0026,1.0
2114_C_T,10,8.681124004426607,0.03384515005003541,Mye_P,0.006,0.0,1.0
4612_T_A,23,8.679330440040246,0.03387262932080388,Mye,0.0095,0.0,1.0
3888_C_T,16,8.676662535111234,0.033913544756510414,Mye,0.0071,0.0,1.0
9753_G_T,15,8.625633066086863,0.03470550613803619,Lym_P,0.008,0.0011,1.0
11578_C_G,26,8.571926504579437,0.035558536243216095,Mye,0.0119,0.0028,1.0
16037_A_G,19,8.51824162565697,0.036431685709916964,Lym_P,0.0134,0.0012,1.0
2814_G_T,19,8.50006147097406,0.036732094828249226,Mye,0.0095,0.0014,1.0
10704_G_C,20,8.498775732195611,0.03675343176768784,Lym_P,0.008,0.0009,1.0
1393_G_A,41,8.48502689728042,0.0369823530307257,Mye_P,0.0154,0.0044,1.0
14569_G_A,33,8.424955481964957,0.03799899664121224,Mye,0.0095,0.0027,1.0
515_A_C,17,8.370462085940744,0.03894480924254917,Lym_P,0.016,0.0014,1.0
13466_G_A,12,8.369136481009349,0.0389681010334545,Mye_P,0.0068,0.0,1.0
13378_C_A,25,8.349077118257412,0.039322221897639856,Mye,0.0095,0.0017,1.0
174_C_T,13,8.297187224560304,0.040252901366577436,Mye_P,0.0051,0.0,1.0
13367_G_A,11,8.252940651636607,0.04106344176816062,Lym_P,0.008,0.0,1.0
11228_T_C,14,8.179344557858258,0.042447021819557104,Lym_P,0.0134,0.0012,1.0
15728_C_T,10,8.153142236763358,0.04295050627445857,Mye,0.0047,0.0,1.0
8001_A_T,23,8.11294422534354,0.04373425830536578,Mye,0.0107,0.0019,1.0
2091_A_G,15,8.112363511614177,0.04374568217477621,Mye,0.0071,0.0,1.0
6577_G_A,83,8.106054744667972,0.04386997656980127,Mye,0.0273,0.0088,1.0
8000_G_T,17,8.062556527809392,0.04473638871023263,Mye,0.0083,0.0017,1.0
12101_T_C,20,8.061947887324948,0.04474862932614634,Lym_P,0.0107,0.0009,1.0
3701_C_T,23,8.011630506147128,0.04577194873181079,Mye,0.0107,0.0017,1.0
16232_C_T,13,8.010320443535562,0.04579889406779434,Mye_P,0.0068,0.0,1.0
15_C_T,16,7.996274157955924,0.04608877040362727,Mye_P,0.0086,0.0008,1.0
198_C_T,19,7.982432089828222,0.04637618015908593,Mye_P,0.0077,0.0,1.0
16534_A_C,20,7.955349428144416,0.04694356814864518,Lym_P,0.008,0.0009,1.0
11055_T_C,18,7.920255185025638,0.047688863298056466,Lym_P,0.0107,0.0009,1.0
1619_C_T,23,7.902901419827117,0.04806164874050466,Mye_P,0.0094,0.0017,1.0
5748_A_G,33,7.880178115408398,0.04855407141904669,Lym_P,0.008,0.0043,1.0
3893_C_T,19,7.83813132323877,0.049478222387509964,Mye,0.0071,0.0,1.0
6555_A_T,34,7.814559529814289,0.05000377320074969,Lym_P,0.0214,0.0036,1.0
3095_G_A,19,7.79523891348029,0.05043858727041944,Mye,0.0083,0.0011,1.0
9449_C_T,16,7.779035906511041,0.050806072648278244,Mye_P,0.0077,0.0,1.0
15927_G_A,16,7.767625019016066,0.051066433821314615,Mye,0.0071,0.0,1.0
1328_G_C,26,7.7128856223503135,0.052333567560686335,Mye_P,0.0094,0.0,1.0
12796_C_A,36,7.697275501328193,0.052700485326332716,Mye,0.0142,0.003,1.0
15639_T_C,31,7.696762497382622,0.0527125858903062,Mye,0.0119,0.0027,1.0
13794_A_G,25,7.691237138953397,0.052843087501942276,Mye,0.0107,0.0027,1.0
1536_A_G,34,7.671358550731554,0.053315195723999884,Mye_P,0.0137,0.0028,1.0
10179_T_G,18,7.6075134398682,0.054859380289730114,Mye,0.0071,0.0,1.0
7624_T_C,16,7.607310517568038,0.05486435685596387,Mye,0.0083,0.0011,1.0
7490_A_G,20,7.594334080522287,0.05518350974234506,Mye_P,0.0068,0.0,1.0
15113_A_C,28,7.5680606225130305,0.05583523171033173,Mye,0.0119,0.0022,1.0
14727_T_G,11,7.522778256259244,0.05697606060822648,Lym_P,0.008,0.0003,1.0
16239_C_T,13,7.491136561183055,0.057786629506562104,Lym_P,0.008,0.0,1.0
11190_A_T,20,7.483596511448468,0.057981429089140356,Mye,0.0095,0.0022,1.0
6278_T_A,20,7.448203274679145,0.0589043742830268,Mye_P,0.0077,0.0011,1.0
13821_C_T,16,7.446048682802257,0.05896101732776442,Mye,0.0071,0.0,1.0
3886_A_G,20,7.4357014064572695,0.059233778770369505,Mye,0.0095,0.0019,1.0
3094_G_T,21,7.421316012464615,0.05961502287947114,Mye,0.0083,0.0011,1.0
3653_T_C,32,7.406017706320483,0.06002307289319394,Mye_P,0.0111,0.0027,1.0
9535_C_G,29,7.366407146218535,0.06109222954581773,Mye,0.0119,0.0028,1.0
1171_A_G,20,7.35826440395175,0.06131429340205063,Mye_P,0.0077,0.0011,1.0
9803_A_T,11,7.335752221550024,0.06193231260855593,Mye_P,0.0034,0.0,1.0
6981_A_C,20,7.302672142508243,0.06285141849416084,Lym_P,0.0134,0.0012,1.0
11415_C_A,18,7.287566145497493,0.06327551177351112,Mye,0.0083,0.0014,1.0
2274_A_T,15,7.285272008285773,0.06334016061490277,Mye,0.0059,0.0,1.0
11093_G_C,15,7.252277550535297,0.06427705525752635,Lym_P,0.008,0.0,1.0
1556_C_T,53,7.212136692299282,0.06543498833175827,Mye_P,0.018,0.0047,1.0
13757_C_T,14,7.200173778650452,0.06578396996312194,Mye_P,0.0034,0.0,1.0
14721_G_C,11,7.196361679035817,0.06589555459206625,Lym_P,0.008,0.0006,1.0
670_C_A,17,7.189409792131528,0.06609951656597825,Mye_P,0.006,0.0,1.0
8006_C_G,18,7.177775723551747,0.06644221776175599,Lym_P,0.008,0.0009,1.0
5764_C_T,316,7.171876542768587,0.06661664482683184,Mye,0.0759,0.0405,1.0
189_A_G,39,7.155637492430344,0.06709909435141817,Mye,0.0095,0.0027,1.0
15784_T_C,58,7.153576344441717,0.06716057083112846,Lym_P,0.0214,0.0061,1.0
3904_C_A,24,7.153252201653913,0.06717024378117095,Mye_P,0.0077,0.0,1.0
944_T_A,30,7.151310386701368,0.06722821895540462,Mye,0.0107,0.0039,1.0
6249_G_A,16,7.146808137649259,0.0673628253214448,Lym_P,0.008,0.0012,1.0
3696_C_T,14,7.138394554126023,0.06761507076534695,Mye,0.0071,0.0011,1.0
863_C_T,15,7.09721870020644,0.06886279630757161,Lym_P,0.008,0.0006,1.0
672_A_C,36,7.086606867554053,0.06918795338618845,Mye,0.0142,0.0033,1.0
6057_C_A,16,7.085400761909995,0.06922500353301173,Mye,0.0071,0.0008,1.0
16042_G_A,13,7.06333746680653,0.06990615876779308,Mye_P,0.006,0.0008,1.0
944_T_G,12,7.044784761928213,0.07048394619450349,Lym,0.0028,0.0,1.0
11845_A_G,12,7.03418175177714,0.07081622727961942,Mye,0.0059,0.0,1.0
15162_C_A,14,7.0328549321362175,0.07085791413859953,Lym_P,0.0134,0.0012,1.0
1657_C_G,22,7.027096461479971,0.07103911256156518,Lym_P,0.016,0.0024,1.0
12375_T_C,11,6.990248163141587,0.07220924707604483,Mye,0.0059,0.0,1.0
4769_A_T,10,6.972569537668704,0.07277723278315291,Mye_P,0.0043,0.0,1.0
5894_A_C,16,6.948704882827542,0.073550818317779,Lym_P,0.008,0.0,1.0
3077_C_T,26,6.93732080682571,0.07392263267773017,Mye_P,0.0086,0.0022,1.0
13196_T_G,17,6.925562000473235,0.07430859253545984,Mye,0.0059,0.0,1.0
15266_A_C,17,6.912395876589471,0.07474305510031516,Mye_P,0.0043,0.0,1.0
13211_C_T,16,6.902342418638625,0.0750764554319382,Lym_P,0.0134,0.0014,1.0
10917_C_G,16,6.8982777335478715,0.07521165896190132,Lym_P,0.0107,0.0008,1.0
10557_C_G,17,6.8936762615439875,0.07536500142653105,Mye,0.0071,0.0009,1.0
7102_T_G,21,6.85929008759615,0.07652050540562455,Mye,0.0095,0.0022,1.0
9432_C_G,11,6.824698917687471,0.07770014723259437,Mye,0.0047,0.0,1.0
10604_T_C,171,6.787268293694524,0.07899639003875955,Mye_P,0.0377,0.0237,1.0
8881_T_G,17,6.746688398828866,0.08042526025718887,Lym_P,0.008,0.0014,1.0
1588_G_A,27,6.73336306520639,0.08089987529003352,Mye,0.0107,0.0028,1.0
1489_G_A,11,6.725592307438859,0.08117789577019945,Lym_P,0.0053,0.0008,1.0
12317_T_G,21,6.6878568431791905,0.08254113677073285,Lym_P,0.0053,0.0009,1.0
7210_T_A,42,6.6821863860666895,0.08274788683021558,Mye,0.0154,0.0041,1.0
15453_T_C,14,6.6701885809999055,0.08318698424362776,Lym_P,0.0053,0.0,1.0
1345_G_T,19,6.6527638915470675,0.08382869615232083,Mye_P,0.0077,0.0,1.0
3566_C_G,33,6.645843267119972,0.08408488820179758,Mye,0.0107,0.0027,1.0
2538_C_T,29,6.630811160528651,0.08464395730576028,Mye_P,0.0111,0.0022,1.0
875_T_C,25,6.605213637666907,0.08560422133603389,Mye,0.0107,0.0028,1.0
10273_T_C,19,6.588605782419961,0.08623284971818328,Lym_P,0.008,0.0,1.0
11758_C_T,14,6.582740823451303,0.08645590599691856,Mye_P,0.006,0.0,1.0
16172_T_C,19,6.569059641046863,0.08697839034413536,Mye_P,0.006,0.0017,1.0
15199_C_G,19,6.562354933172401,0.08723555163615619,Mye,0.0083,0.0017,1.0
3697_G_A,37,6.547812831899876,0.08779583615230292,Mye_P,0.0128,0.0027,1.0
889_G_T,18,6.524356322323655,0.08870688407439613,Lym_P,0.0107,0.0008,1.0
6920_C_A,27,6.515190686330243,0.08906534213615148,Lym_P,0.0107,0.0028,1.0
9534_C_G,19,6.508821479039398,0.08931525511842048,Mye_P,0.0077,0.0,1.0
7232_C_T,16,6.492424863901022,0.08996172782144063,Mye_P,0.0043,0.0,1.0
2847_C_G,30,6.488893581446462,0.09010154425566136,Mye,0.0095,0.0034,1.0
1368_T_C,85,6.483506691877096,0.09031523363355873,Mye_P,0.0248,0.0088,1.0
11228_T_A,26,6.470392064554574,0.09083750967409708,Mye,0.0107,0.0022,1.0
1292_A_G,30,6.43094525202747,0.09242599839524156,Mye_P,0.012,0.0024,1.0
862_A_T,16,6.376175298394401,0.0946758648737354,Lym_P,0.0107,0.0006,1.0
14961_A_G,14,6.349929097133298,0.0957725756089578,Lym_P,0.0107,0.0009,1.0
3229_T_G,19,6.340158997580147,0.09618393162374957,Mye,0.0083,0.0019,1.0
11556_T_G,77,6.3318753280926785,0.09653403198590574,Lym_P,0.0294,0.0074,1.0
2173_G_A,10,6.308709801631608,0.09751960394244698,Lym_P,0.0053,0.0,1.0
6139_G_A,14,6.295646272344015,0.09807963983006471,Mye,0.0059,0.0,1.0
1625_A_T,18,6.2910140039103055,0.09827896623290647,Mye,0.0083,0.0014,1.0
10341_A_G,20,6.25395416948902,0.09988770225109529,Mye,0.0083,0.0017,1.0
11445_T_G,15,6.242950022818945,0.10037022621179253,Mye,0.0059,0.0,1.0
11875_T_C,10,6.2300626290724495,0.10093817110166232,Lym_P,0.008,0.0008,1.0
9549_C_G,19,6.215690787306698,0.1015751692839586,Lym_P,0.0134,0.0014,1.0
1063_A_T,14,6.215040527775358,0.10160408145015054,Lym_P,0.008,0.0008,1.0
5784_C_A,20,6.214565221405792,0.10162521975138053,Mye,0.0083,0.0014,1.0
13798_C_G,35,6.2065771668003435,0.101981103905924,Mye,0.013,0.0033,1.0
1330_C_G,14,6.206307450863449,0.10199314112632807,Mye_P,0.006,0.0008,1.0
12806_G_A,13,6.197311691780101,0.10239539616842862,Lym_P,0.008,0.0008,1.0
16086_T_C,22,6.184986401633523,0.10294900417272372,Mye_P,0.0068,0.0,1.0
15107_C_G,21,6.179824365302352,0.10318171557807256,Lym_P,0.0107,0.0019,1.0
8174_T_C,20,6.165215488066053,0.10384303779236144,Mye,0.0083,0.0017,1.0
2005_C_T,18,6.156849384433144,0.10422358545954595,Mye_P,0.0043,0.0,1.0
8525_A_G,18,6.1542245637779445,0.10434325533047677,Mye,0.0036,0.0,1.0
2094_G_A,12,6.1426294120674925,0.10487347391854715,Mye_P,0.0034,0.0,1.0
9885_T_C,26,6.128360836208401,0.1055294836173214,Mye,0.0083,0.0022,1.0
16070_A_C,14,6.115347980938793,0.1061311847995809,Lym_P,0.008,0.0,1.0
12760_A_G,13,6.1119307222624855,0.10628973907062961,Mye_P,0.006,0.0,1.0
16218_C_T,17,6.099269652128953,0.10687916724964869,Mye_P,0.0034,0.0,1.0
9417_C_G,14,6.076679841612076,0.10793860060850773,Mye,0.0059,0.0,1.0
15198_C_G,15,6.061151943477057,0.1086726590860415,Mye,0.0071,0.0014,1.0
892_A_T,20,6.059424395667634,0.10875462096993223,Mye,0.0083,0.0011,1.0
6157_T_C,17,6.058719186724403,0.10878809594062544,Mye_P,0.0043,0.0,1.0
5149_C_G,18,6.030111390463503,0.11015439538142723,Mye,0.0071,0.0014,1.0
150_C_T,55,6.028390260694778,0.11023711722117309,Mye_P,0.0103,0.0027,1.0
2192_A_G,21,6.005473792162547,0.11134421669230958,Mye,0.0071,0.0019,1.0
12876_C_A,15,5.984166290869894,0.11238311573015693,Mye,0.0059,0.0011,1.0
3699_C_A,30,5.957775247007135,0.11368272046716205,Mye,0.0095,0.0027,1.0
2811_G_A,14,5.955461392214431,0.11379734638737923,Lym_P,0.0107,0.0008,1.0
2129_G_A,16,5.93754993346036,0.11468840355034816,Mye,0.0059,0.0,1.0
1464_G_C,16,5.936999951093753,0.11471586917875312,Mye_P,0.006,0.0,1.0
942_A_T,15,5.930355305212231,0.11504819361866538,Mye,0.0059,0.0017,1.0
12633_C_T,30,5.928838114853534,0.11512420299330905,Lym_P,0.016,0.0034,1.0
5881_G_C,22,5.924621290004893,0.11533571266785633,Lym_P,0.0134,0.0012,1.0
6580_G_A,14,5.913918646629128,0.11587420854241934,Mye,0.0059,0.0011,1.0
16086_T_A,23,5.901151304267842,0.11651972789487065,Mye,0.0083,0.0027,1.0
13359_G_A,11,5.8928136879499675,0.11694313058279882,Mye_P,0.0034,0.0,1.0
15966_A_G,18,5.889885215222932,0.11709219307818781,Mye,0.0083,0.0017,1.0
1347_G_C,16,5.8843917135932315,0.11737230762323111,Mye_P,0.006,0.0,1.0
6912_G_A,71,5.861923328901753,0.1185246438884879,Mye,0.0214,0.008,1.0
5670_A_G,17,5.825526146672303,0.12041427820375382,Lym_P,0.008,0.0014,1.0
15170_G_A,16,5.82103937783566,0.12064919711097973,Mye_P,0.006,0.0,1.0
7713_T_C,13,5.809732244124888,0.12124315716542791,Lym_P,0.008,0.0,1.0
12820_G_A,28,5.791816536385795,0.12218997357533087,Mye_P,0.0103,0.0025,1.0
9533_C_T,15,5.75306792545112,0.12426192864316903,Mye_P,0.006,0.0,1.0
6438_T_G,21,5.7228587116554195,0.12590043463224937,Mye,0.0071,0.0017,1.0
11274_G_A,34,5.699251505948382,0.12719515066742568,Lym_P,0.0134,0.0036,1.0
2623_A_G,15,5.692972096875337,0.12754166662782412,Mye_P,0.0068,0.0008,1.0
5986_T_G,14,5.687068409461148,0.12786826816540053,Mye_P,0.006,0.0,1.0
5746_G_A,14,5.668907121615121,0.12887797542005705,Mye_P,0.0051,0.0,1.0
1727_A_C,24,5.665281024555725,0.1290804804877334,Mye_P,0.0068,0.0,1.0
9505_C_G,24,5.660330145093951,0.12935745876128574,Lym_P,0.008,0.0017,1.0
15969_C_T,23,5.658019902804142,0.12948689918638737,Lym,0.0044,0.0012,1.0
5556_G_T,21,5.637804920467261,0.13062478831260887,Mye_P,0.0068,0.0,1.0
1552_G_A,14,5.636651482739353,0.13069000045671325,Mye,0.0059,0.0,1.0
16059_A_G,20,5.617436831941035,0.13178090470725645,Mye_P,0.0068,0.0,1.0
15389_T_C,16,5.603970602006086,0.1325505957443556,Lym_P,0.0053,0.0,1.0
12812_A_C,24,5.589660066039471,0.13337322473779378,Mye_P,0.0077,0.0019,1.0
6569_C_A,10,5.585608373885975,0.1336070121810069,Mye,0.0047,0.0,1.0
1660_G_C,15,5.578471866664557,0.13401974383859835,Mye,0.0071,0.0017,1.0
5740_C_T,59,5.5715892637553,0.13441893786240042,Mye,0.019,0.0072,1.0
4832_C_G,27,5.5694588929132465,0.13454272895078564,Lym_P,0.0107,0.0017,1.0
5045_A_G,20,5.56919411469724,0.1345581221813042,Mye,0.0071,0.0014,1.0
9918_G_A,73,5.5487492143578265,0.1357517751536737,Mye,0.0225,0.0083,1.0
4564_G_A,13,5.529598898381892,0.136878954853032,Mye,0.0047,0.0,1.0
1266_A_G,18,5.526557918753753,0.13705876066471495,Lym_P,0.008,0.0011,1.0
6485_A_G,16,5.5202647507485665,0.13743157247482893,Lym_P,0.0107,0.0014,1.0
6870_T_G,14,5.515090347764982,0.13773882827493966,Lym_P,0.008,0.0009,1.0
6584_C_A,17,5.514880222366855,0.13775131926767284,Mye,0.0071,0.0019,1.0
9433_A_T,12,5.4925531675736465,0.13908469947788213,Mye,0.0047,0.0,1.0
12180_A_T,19,5.472532017892576,0.1402907685467929,Lym_P,0.008,0.0014,1.0
9912_G_A,12,5.46241537086064,0.14090395628978536,Mye,0.0047,0.0,1.0
5752_A_G,46,5.420520362149432,0.1434704216389163,Lym_P,0.0214,0.006,1.0
7614_A_T,11,5.410379782023199,0.1440982492055648,Lym_P,0.0053,0.0003,1.0
15244_A_T,17,5.399344842733598,0.1447844033972084,Lym_P,0.008,0.0014,1.0
4974_G_A,13,5.38322470391401,0.14579231643897575,Mye_P,0.0051,0.0,1.0
4578_A_G,12,5.340586311819067,0.14849038105455517,Lym_P,0.008,0.0009,1.0
860_A_G,17,5.30349650279166,0.15087566917179437,Lym_P,0.0107,0.0008,1.0
5799_A_C,16,5.288915614465111,0.15182325927806634,Mye,0.0047,0.0017,1.0
2854_T_C,14,5.277801878169953,0.15254929628280745,Mye,0.0047,0.0,1.0
6121_T_C,21,5.276189536950653,0.15265489906046753,Mye,0.0071,0.0017,1.0
3212_C_A,10,5.27217983613869,0.1529178199485921,Mye,0.0047,0.0,1.0
11176_G_A,15,5.269675075987266,0.15308227695970547,Lym_P,0.0053,0.0,1.0
6918_C_A,18,5.26569875594808,0.15334369631357764,Mye_P,0.006,0.0019,1.0
7880_T_C,30,5.2653946367826165,0.15336370767580318,Mye,0.0095,0.0025,1.0
14458_C_T,11,5.265104277262338,0.15338281593922568,Mye,0.0036,0.0,1.0
7599_C_G,17,5.246035077027017,0.1546426720547479,Lym_P,0.008,0.0014,1.0
4532_G_T,16,5.227084576390553,0.15590435494837762,Lym_P,0.008,0.0017,1.0
12628_T_G,66,5.211911266047423,0.15692155366226868,Mye,0.0202,0.0083,1.0
4973_T_A,27,5.203300753728342,0.15750157107965754,Mye_P,0.0094,0.0025,1.0
13879_T_C,24,5.1988149670442,0.15780454079166403,Mye_P,0.0086,0.0012,1.0
11229_C_G,24,5.174323077542681,0.15946843170984176,Mye,0.0095,0.0019,1.0
9497_T_A,14,5.167750687817943,0.1599177415314937,Mye,0.0047,0.0,1.0
12868_G_A,22,5.144625110276934,0.16150817840088746,Mye,0.0071,0.0,1.0
7601_C_G,20,5.112145332329277,0.1637671016003955,Lym_P,0.0107,0.0019,1.0
1944_C_T,13,5.111366974262154,0.1638215983772764,Mye_P,0.0043,0.0,1.0
12238_C_A,16,5.0983007590800185,0.16473898104109247,Mye,0.0059,0.0008,1.0
2810_G_A,12,5.098174291594006,0.1647478839262583,Mye,0.0024,0.0,1.0
15973_A_G,10,5.084729325091359,0.16569694980878474,Mye,0.0047,0.0,1.0
1405_C_T,32,5.076420498945367,0.16628602878048698,Mye_P,0.0111,0.0036,1.0
5859_T_C,14,5.063421618358916,0.1672115740851509,Mye_P,0.0043,0.0,1.0
3500_C_G,12,5.0616527298513745,0.1673378959903784,Mye,0.0047,0.0,1.0
7882_A_C,16,5.043146916828988,0.16866484209783655,Lym_P,0.0134,0.0008,1.0
15976_T_C,54,5.039546711739035,0.1689241382527625,Lym,0.0113,0.0043,1.0
15679_A_T,11,5.017794448438451,0.17049877496652638,Lym_P,0.0053,0.0009,1.0
880_C_T,38,5.011492667338189,0.17095752647091453,Lym_P,0.0241,0.0033,1.0
16390_G_A,31,5.0097910058293,0.17108160106939047,Lym_P,0.016,0.0034,1.0
13443_T_C,13,4.9968755365291315,0.17202607588239172,Lym,0.0028,0.0,1.0
9809_A_C,13,4.985015287424204,0.17289769273031738,Lym_P,0.008,0.0009,1.0
8742_A_C,14,4.974145362927004,0.17370016703295024,Lym,0.0033,0.0,1.0
12870_C_A,33,4.964048109181078,0.17444872712954967,Mye,0.0107,0.003,1.0
3892_A_C,21,4.954158263189072,0.17518484241934063,Mye,0.0083,0.0019,1.0
2492_G_A,12,4.939000119072489,0.1763187381861547,Mye,0.0047,0.0,1.0
11440_G_T,25,4.937739951497008,0.17641331327482002,Mye,0.0095,0.003,1.0
3847_T_C,16,4.934645853028144,0.1766457258446413,Mye,0.0059,0.0,1.0
8175_C_A,20,4.912835119882175,0.17829219058546228,Mye,0.0083,0.0022,1.0
12508_G_A,21,4.910770316549929,0.17844880250697515,Mye,0.0071,0.0022,1.0
1353_A_T,16,4.897139022998857,0.1794859501777643,Mye,0.0071,0.0011,1.0
1371_T_A,14,4.892064875910364,0.17987345986404432,Lym_P,0.0053,0.0,1.0
3810_A_C,12,4.864977294426012,0.18195540276900235,Lym_P,0.008,0.0009,1.0
12794_T_C,15,4.864237690684774,0.1820125633946102,Mye_P,0.006,0.0,1.0
16179_C_T,14,4.8569433335308645,0.18257721155749584,Mye_P,0.006,0.0006,1.0
1887_A_G,15,4.837767148787975,0.18406944161948813,Mye,0.0059,0.0009,1.0
2848_A_T,17,4.835903233010697,0.18421509198773806,Mye,0.0036,0.0017,1.0
891_C_G,23,4.826093740199781,0.1849834034525504,Lym_P,0.0107,0.0014,1.0
15497_G_A,11,4.790614582859973,0.18778731188252126,Lym,0.0025,0.0,1.0
6022_A_G,15,4.778026447895144,0.18879165006967227,Lym_P,0.008,0.0014,1.0
5471_G_A,12,4.761915254152427,0.19008438733774005,Mye_P,0.0043,0.0,1.0
9735_C_G,15,4.761020770683103,0.190156400715271,Mye,0.0059,0.0009,1.0
3927_A_G,17,4.74984007158568,0.1910586896854278,Mye_P,0.0051,0.0,1.0
7483_C_G,15,4.746909373957692,0.19129585824807308,Mye,0.0059,0.0017,1.0
7907_T_G,13,4.743609836754331,0.19156320387171483,Lym_P,0.0107,0.0011,1.0
7999_T_C,18,4.73071521492966,0.19261133699689836,Lym_P,0.008,0.0017,1.0
1348_G_T,12,4.720411357116859,0.19345272039952366,Mye_P,0.0051,0.0,1.0
13178_G_A,25,4.703531055995484,0.19483852087587147,Mye,0.0083,0.0033,1.0
7124_A_G,18,4.7007080574714735,0.19507117742454663,Mye_P,0.0051,0.0,1.0
5794_T_C,22,4.699562990507559,0.19516562149211253,Mye,0.0071,0.0017,1.0
10197_G_A,15,4.687077855326379,0.19619815037604288,Lym_P,0.008,0.0009,1.0
3244_G_A,48,4.676121925880921,0.1971083994096941,Mye_P,0.0128,0.0027,1.0
1977_T_C,21,4.663252003521336,0.19818268717683243,Mye_P,0.006,0.0,1.0
9499_T_C,14,4.652022432517754,0.19912449715753489,Mye_P,0.0051,0.0,1.0
5807_A_C,12,4.639959714615657,0.2001408175135211,Mye,0.0047,0.0,1.0
5147_G_A,12,4.630080938086081,0.20097672343819792,Lym_P,0.0053,0.0,1.0
15584_A_G,13,4.616079766345223,0.202167009883572,Mye,0.0059,0.0008,1.0
6036_G_C,18,4.600382202897833,0.20350929683148353,Mye,0.0071,0.0019,1.0
8214_T_C,19,4.566385630741564,0.20644472758689827,Mye,0.0059,0.0,1.0
7413_A_C,24,4.5528216707202205,0.20762683022852432,Lym_P,0.008,0.0012,1.0
4422_C_G,14,4.550137323814539,0.20786151440210582,Mye,0.0059,0.0014,1.0
13711_G_A,23,4.54526721938953,0.20828792049883155,Mye,0.0059,0.0,1.0
1284_T_C,31,4.542581944162293,0.20852337866597878,Mye_P,0.0111,0.0033,1.0
13105_A_G,13,4.542188342176814,0.20855791235094842,Lym_P,0.0053,0.0009,1.0
7618_C_A,21,4.536279160641925,0.20907700713765487,Lym_P,0.0053,0.003,1.0
9988_C_T,13,4.533508742280958,0.2093207878257672,Mye_P,0.0034,0.0,1.0
13800_C_G,31,4.514310803268188,0.21101734290627772,Mye,0.0095,0.0039,1.0
1415_G_A,17,4.503602642270835,0.21196916491507722,Mye,0.0059,0.0014,1.0
881_A_T,16,4.494786385508604,0.21275580157704435,Mye_P,0.0068,0.0008,1.0
1451_T_G,28,4.485523991568073,0.21358515449108256,Mye_P,0.0103,0.0028,1.0
1883_G_A,18,4.474179371853523,0.2146050241853213,Mye_P,0.0051,0.0,1.0
9325_T_C,12,4.450599976596493,0.21673920951439465,Lym_P,0.008,0.0008,1.0
12802_A_C,13,4.407236570859936,0.22071532629266233,Mye_P,0.0026,0.0,1.0
5999_T_G,25,4.401712129622524,0.2212266855023458,Mye,0.0095,0.0022,1.0
8424_T_C,22,4.396959220616509,0.22166750374865615,Lym,0.005,0.0012,1.0
15596_G_A,12,4.384828707559137,0.22279624794031644,Lym_P,0.0107,0.0008,1.0
3910_G_A,26,4.384488684570272,0.22282796330466312,Mye,0.0095,0.0022,1.0
13101_A_T,25,4.373948245494773,0.2238131807956671,Lym_P,0.0134,0.0028,1.0
6015_C_G,10,4.366534323010654,0.224508565444642,Mye,0.0047,0.0008,1.0
7507_A_G,17,4.362893499558737,0.22485078279399565,Mye,0.0059,0.0014,1.0
8079_T_C,15,4.353503289775574,0.22573563002612385,Lym,0.0033,0.0,1.0
8533_G_A,16,4.35238421489197,0.22584129499245992,Lym_P,0.008,0.0011,1.0
12763_G_A,27,4.327800711910697,0.2281740307625284,Mye_P,0.0086,0.0022,1.0
3715_G_A,12,4.3022652365228,0.23062055764335193,Mye_P,0.0034,0.0,1.0
16048_G_A,13,4.294518592197193,0.2313675099510992,Lym_P,0.008,0.0009,1.0
9646_C_G,12,4.281364584660366,0.23264094932051158,Mye,0.0047,0.0,1.0
9752_C_G,20,4.275379489908744,0.23322249490605923,Lym_P,0.0107,0.0011,1.0
9963_T_A,24,4.263372636437282,0.23439317587964018,Lym_P,0.008,0.0024,1.0
7508_C_G,20,4.263118710615004,0.23441799206806108,Mye_P,0.0077,0.0017,1.0
5021_T_C,18,4.2523339744634825,0.23547421400841437,Mye,0.0059,0.0009,1.0
11642_G_A,15,4.2470193731628285,0.2359963134103771,Mye,0.0047,0.0,1.0
15046_A_C,12,4.2462892917831425,0.23606811854875548,Lym_P,0.0053,0.0,1.0
5795_T_C,18,4.2402744492118245,0.23666045491703336,Mye,0.0059,0.0017,1.0
9501_T_G,26,4.23656266097197,0.23702666838550418,Lym_P,0.0053,0.0017,1.0
3095_G_C,20,4.218897573851365,0.23877667710161493,Lym_P,0.0107,0.0011,1.0
11690_G_A,14,4.1973806577017,0.24092426189321672,Lym_P,0.0107,0.0011,1.0
1169_G_A,15,4.193109154621794,0.24135269559967384,Lym_P,0.0053,0.0009,1.0
709_G_A,24,4.1810454554914145,0.2425664591033355,Lym_P,0.0053,0.0024,1.0
16292_C_T,16,4.179287338776078,0.2427438139088432,Mye,0.0047,0.0,1.0
7560_T_A,13,4.160401118408828,0.24465650842094802,Mye_P,0.0051,0.0,1.0
7337_G_A,28,4.148665224457375,0.245851988184858,Mye_P,0.0094,0.0033,1.0
9539_A_G,30,4.142975448031507,0.246433498102389,Mye,0.0107,0.0033,1.0
11689_C_G,16,4.142429553050903,0.2464893560047653,Lym_P,0.0107,0.0017,1.0
1333_G_A,25,4.138902958063227,0.24685048847450503,Mye,0.0083,0.0025,1.0
10178_C_G,20,4.10982385535533,0.24984673222160503,Mye,0.0071,0.0017,1.0
6137_T_G,15,4.094394952342157,0.2514499314052858,Lym_P,0.0053,0.0008,1.0
15633_T_C,17,4.094032588146632,0.2514876967435211,Lym,0.0041,0.0,1.0
15982_A_C,35,4.090939013778495,0.25181031744891713,Mye,0.0119,0.0036,1.0
13100_C_G,27,4.0829522066201775,0.2526449856347558,Lym_P,0.0134,0.0028,1.0
9645_G_T,13,4.073749266671996,0.2536098727392506,Mye,0.0047,0.0,1.0
16131_T_C,10,4.0670574393002425,0.2543135876474618,Mye_P,0.0043,0.0008,1.0
6440_C_T,23,4.0254054605752,0.25873383485480117,Mye_P,0.0077,0.0022,1.0
5903_G_A,11,4.016172739647914,0.2597230535871077,Lym_P,0.0027,0.0009,1.0
16040_C_T,16,3.9968841337877166,0.2618007838320239,Mye_P,0.006,0.0014,1.0
1080_A_C,32,3.986665337681927,0.26290763734534955,Mye,0.0095,0.003,1.0
7228_A_G,14,3.984436240586888,0.2631496465463849,Mye_P,0.0043,0.0,1.0
11844_C_T,27,3.9777728058754747,0.2638742897558067,Lym_P,0.0107,0.003,1.0
7890_A_T,11,3.9750023735174977,0.26417610445877093,Mye,0.0036,0.0,1.0
13121_G_T,31,3.9641214519925256,0.2653645187028649,Mye,0.0071,0.0044,1.0
13369_T_C,39,3.9627363234774293,0.26551614971263554,Lym_P,0.0241,0.0039,1.0
64_C_T,12,3.918927140973125,0.2703526602683839,Lym_P,0.0027,0.0,1.0
1719_G_A,16,3.9147849984785523,0.2708140516219313,Mye_P,0.0068,0.0011,1.0
4812_G_A,13,3.9065308514083483,0.27173560126382945,Mye,0.0047,0.0,1.0
12804_T_C,13,3.895280217216964,0.27299626469158905,Mye,0.0047,0.0,1.0
6273_A_G,15,3.893602321250029,0.2731847296027317,Mye,0.0047,0.0,1.0
9445_G_A,18,3.8884375196403482,0.273765589304405,Mye_P,0.0051,0.0,1.0
3944_T_A,46,3.8791994013533895,0.2748073374691572,Mye,0.0119,0.0063,1.0
11060_T_C,13,3.8574753189642195,0.2772711960779935,Lym_P,0.0107,0.0014,1.0
6248_T_C,11,3.8402409022714323,0.27924000804571464,Lym_P,0.0053,0.0012,1.0
15617_G_A,23,3.839560953662783,0.2793179412034918,Mye,0.0083,0.0027,1.0
3735_A_G,14,3.838507803253208,0.27943868803581945,Mye_P,0.0043,0.0,1.0
11164_A_T,32,3.8354827253264716,0.27978578382569763,Lym_P,0.0107,0.003,1.0
4424_A_T,17,3.8042284521469867,0.2833946738056798,Lym_P,0.008,0.0017,1.0
15244_A_G,14,3.7884772290783815,0.2852292702225065,Mye,0.0059,0.0014,1.0
7539_C_A,10,3.786241957500607,0.2854904827223216,Mye,0.0024,0.0,1.0
2062_A_G,32,3.7680685089915755,0.28762220973384184,Lym_P,0.0107,0.0028,1.0
7897_G_A,26,3.7555536531826874,0.2890984865218857,Lym_P,0.0134,0.0033,1.0
1352_C_G,14,3.747030267320497,0.2901078093123124,Mye,0.0059,0.0011,1.0
14985_G_A,27,3.7401289862596627,0.29092735923924856,Mye_P,0.0094,0.0024,1.0
8027_G_A,21,3.719321543171361,0.293410883571145,Lym_P,0.008,0.0022,1.0
2369_A_G,10,3.6994252866567763,0.2958033850077829,Mye,0.0036,0.0008,1.0
7346_A_G,51,3.696106487433781,0.29620416045790826,Lym_P,0.0187,0.0061,1.0
10769_C_A,14,3.684751015234781,0.29757911227667916,Mye,0.0059,0.0011,1.0
5737_C_A,18,3.6801449789425362,0.29813844772880843,Mye,0.0071,0.0017,1.0
4544_C_T,14,3.6768490218163095,0.29853926955925647,Mye,0.0059,0.0014,1.0
1291_T_C,13,3.653374700884683,0.3014079273227524,Mye_P,0.0034,0.0,1.0
9538_A_T,16,3.6527705808387623,0.30148207675368077,Lym_P,0.008,0.0014,1.0
14560_G_A,15,3.644178037259394,0.3025384841943648,Mye,0.0059,0.0017,1.0
12266_A_G,11,3.6311931011378533,0.30414117358812187,Mye,0.0036,0.0,1.0
1354_A_C,12,3.629775145197897,0.30431664463443303,Mye_P,0.0043,0.0,1.0
11517_T_C,37,3.6242534130374224,0.30500081450214117,Mye,0.0095,0.0027,1.0
854_T_C,12,3.6182706086862595,0.3057436588901333,Mye_P,0.0043,0.0,1.0
2814_G_A,12,3.6151353638049386,0.30613358372540317,Mye_P,0.0034,0.0,1.0
2878_G_A,12,3.6148234795412293,0.3061723964057854,Mye_P,0.0026,0.0,1.0
2809_C_A,13,3.606499011239009,0.3072099604908775,Mye_P,0.0034,0.0,1.0
6279_T_G,17,3.603194271081861,0.3076227306533772,Mye,0.0059,0.0014,1.0
12501_G_A,13,3.5984769085607695,0.3082127951545598,Lym,0.0025,0.0,1.0
13380_C_T,21,3.583528192955498,0.3100892835181613,Mye,0.0071,0.0026,1.0
7626_C_G,56,3.5825029605136933,0.31021835039738704,Mye,0.0166,0.0061,1.0
2833_A_G,15,3.5787142084160166,0.3106957317256085,Lym_P,0.0107,0.0012,1.0
3443_T_A,25,3.5712199972544454,0.3116419206622952,Lym_P,0.0134,0.0034,1.0
866_A_C,44,3.5598002603039163,0.3130886474696551,Mye,0.013,0.005,1.0
7347_G_C,25,3.5332800408450566,0.3164713931313455,Lym_P,0.0134,0.003,1.0
3242_G_A,15,3.527460053183603,0.3172180691162933,Mye_P,0.0043,0.0,1.0
14604_A_T,15,3.5076598130501395,0.319770026769654,Mye,0.0059,0.0014,1.0
5018_A_T,13,3.4861497914287156,0.32256289414340267,Lym_P,0.008,0.0006,1.0
3920_C_T,14,3.4778038223776946,0.3236523213683951,Mye,0.0036,0.0,1.0
16465_C_G,17,3.4761361851285812,0.32387039225340103,Mye,0.0059,0.0017,1.0
6035_A_T,15,3.4692969225981756,0.32476609367428266,Mye,0.0059,0.0017,1.0
907_A_T,19,3.441361119614669,0.32844739999634454,Lym_P,0.008,0.0014,1.0
12489_A_G,16,3.4207636001151798,0.33118515263829756,Mye,0.0036,0.0017,1.0
4514_A_G,15,3.418764040420797,0.3314519922034007,Mye,0.0036,0.0,1.0
14820_C_G,15,3.414250896926376,0.3320549615785829,Lym_P,0.0053,0.0011,1.0
16301_C_T,12,3.4023865399497026,0.333644670360295,Mye,0.0036,0.0,1.0
7060_T_C,13,3.400708567867582,0.3338700405176349,Mye,0.0047,0.0011,1.0
7849_C_G,10,3.3910466407215836,0.3351703433940828,Lym_P,0.008,0.0008,1.0
4884_A_G,11,3.3909332017937857,0.33518563634599075,Mye_P,0.0043,0.0008,1.0
5994_A_C,20,3.3899855291474523,0.33531341808302884,Mye_P,0.0068,0.0017,1.0
5782_T_G,26,3.387555427534892,0.33564128185122233,Lym_P,0.0053,0.0017,1.0
1654_T_C,20,3.3848282504638405,0.3360095608702848,Mye_P,0.006,0.0019,1.0
152_T_C,15,3.381917414262034,0.33640303184296416,Lym_P,0.0053,0.0009,1.0
9498_T_A,20,3.3682361387672017,0.33825780218553714,Lym_P,0.008,0.0017,1.0
4557_T_G,20,3.3594634446208147,0.3394518198740035,Mye,0.0047,0.0017,1.0
13212_C_A,15,3.3476322779557677,0.3410679503736586,Mye_P,0.006,0.0012,1.0
8856_G_C,6017,3.3456399762897355,0.3413407580682979,Lym,1.0,0.9991,1.0
15326_A_G,6017,3.3456399762897355,0.3413407580682979,Lym,1.0,0.9991,1.0
13740_T_C,6017,3.3456399762897355,0.3413407580682979,Lym,1.0,0.9991,1.0
16311_T_C,6017,3.3456399762897355,0.3413407580682979,Lym,1.0,0.9991,1.0
1438_A_G,6017,3.3456399762897355,0.3413407580682979,Lym,1.0,0.9991,1.0
8860_A_G,6017,3.3456399762897355,0.3413407580682979,Lym,1.0,0.9991,1.0
14434_C_T,12,3.3436065191021385,0.34161939777009903,Mye_P,0.0043,0.0,1.0
15968_T_G,18,3.336230649970304,0.342631762904106,Lym,0.0036,0.0017,1.0
9868_G_A,17,3.3024609418733917,0.34730027428983473,Mye_P,0.006,0.0017,1.0
13141_A_G,17,3.3015748137501646,0.3474235201174077,Mye_P,0.0051,0.0012,1.0
2664_T_C,12,3.3005490631794885,0.3475662326715899,Lym_P,0.0053,0.0011,1.0
5747_A_G,35,3.2954768320088306,0.34827268181927573,Mye,0.0095,0.0051,1.0
7385_A_T,21,3.289439016156109,0.3491152439609341,Mye,0.0059,0.0026,1.0
11649_T_G,12,3.284552619018399,0.3497984258770625,Mye,0.0036,0.0,1.0
9917_C_A,17,3.2839332479095447,0.3498851049694524,Lym_P,0.008,0.0012,1.0
3228_T_G,13,3.277215593262582,0.35082642015005105,Mye,0.0047,0.0009,1.0
5738_G_A,24,3.272551199730458,0.35148131459428256,Lym_P,0.0107,0.0019,1.0
4939_T_C,16,3.2685689917447576,0.35204126813039305,Lym_P,0.008,0.0011,1.0
4966_G_A,16,3.2676349498238437,0.35217271943740475,Mye_P,0.0068,0.0014,1.0
13759_G_A,16,3.254414685338503,0.35403783158695096,Mye_P,0.0043,0.0,1.0
2016_C_G,20,3.2440267740816466,0.35550936026074736,Mye_P,0.0077,0.0017,1.0
8577_A_G,16,3.2254532287456357,0.35815365673320376,Mye_P,0.0043,0.0,1.0
2421_G_A,34,3.224041828690588,0.35835529039120945,Mye_P,0.0103,0.0036,1.0
8859_C_A,25,3.205647320797084,0.360992131926209,Lym,0.0044,0.0027,1.0
12867_C_A,18,3.1975840300906953,0.362153273175532,Lym_P,0.008,0.0012,1.0
5209_C_G,61,3.1925092768281047,0.36288570644974233,Lym_P,0.0214,0.0069,1.0
2778_T_C,19,3.192393411117621,0.36290244412498784,Lym_P,0.008,0.0017,1.0
16348_C_T,16,3.185837863021277,0.3638505276483338,Mye_P,0.0068,0.0012,1.0
6192_A_C,21,3.1661190310864527,0.3667152038779898,Lym_P,0.0053,0.0017,1.0
7790_C_A,18,3.1629497222194516,0.3671774354902946,Lym_P,0.008,0.0017,1.0
3586_C_G,30,3.1565383453971663,0.36811404307520224,Lym_P,0.0107,0.0033,1.0
8086_A_G,17,3.1539873840827966,0.3684872718281237,Mye_P,0.0068,0.0017,1.0
3567_C_A,20,3.1487905426722875,0.36924862322401303,Mye_P,0.0068,0.0017,1.0
3906_T_G,39,3.139536240355767,0.37060775009288566,Mye_P,0.012,0.0044,1.0
15933_G_A,18,3.1384229254642264,0.3707715454454091,Lym,0.0036,0.0017,1.0
12274_A_G,12,3.127249493219523,0.372418869036516,Lym_P,0.0053,0.0011,1.0
6425_T_C,83,3.1136711728993305,0.3744291942086014,Lym_P,0.0321,0.0107,1.0
15696_T_G,17,3.1129270004906004,0.3745396401459865,Mye_P,0.0068,0.0011,1.0
7356_G_A,14,3.109915037629918,0.3749869439479617,Mye,0.0047,0.0009,1.0
7794_C_T,16,3.106867964108517,0.3754399272861132,Lym_P,0.008,0.0014,1.0
7564_A_G,35,3.102929117451879,0.37602617709234587,Mye,0.0107,0.0033,1.0
2819_G_T,11,3.1009483465338974,0.37632128679724036,Mye_P,0.0043,0.0008,1.0
3943_A_G,48,3.092649839605656,0.3775598131202832,Mye,0.0119,0.0066,1.0
16407_C_T,11,3.0924231838242235,0.3775936896187086,Mye_P,0.0043,0.0006,1.0
9379_G_A,16,3.0915281331339486,0.3777274913547672,Lym_P,0.0107,0.0012,1.0
11915_T_C,25,3.0899333236741313,0.37796600092317384,Mye_P,0.0077,0.0024,1.0
1346_A_T,16,3.0739473499436087,0.38036387690426243,Mye_P,0.0068,0.0014,1.0
7328_C_T,23,3.0564730608959394,0.3829998325997034,Mye_P,0.0086,0.0022,1.0
7986_G_T,15,3.041189953123336,0.38531799230918284,Mye,0.0059,0.0017,1.0
6572_C_A,13,3.0299789659928535,0.38702606528848005,Lym_P,0.0053,0.0014,1.0
1282_G_C,19,3.010724381451297,0.38997464127697284,Mye_P,0.006,0.0022,1.0
13758_C_T,11,3.001273016785177,0.3914289437637393,Mye,0.0036,0.0,1.0
3917_A_G,38,2.9940740211454226,0.39253974833951,Lym_P,0.0107,0.0036,1.0
8392_G_A,12,2.9880264927376743,0.3934749420202318,Mye_P,0.0034,0.0,1.0
5858_T_C,14,2.972075374574274,0.3959506730062988,Lym_P,0.008,0.0012,1.0
14363_A_T,16,2.969676426017884,0.39632414303649444,Lym_P,0.0053,0.0014,1.0
3047_G_A,13,2.9648417160578333,0.397077717418855,Mye_P,0.0034,0.0,1.0
2864_T_C,11,2.960082590153604,0.39782069071414494,Mye_P,0.0026,0.0,1.0
14945_G_A,14,2.954422491629572,0.39870584517795504,Lym_P,0.008,0.0014,1.0
6056_C_T,16,2.9400916449206704,0.4009543942823469,Lym_P,0.0053,0.0011,1.0
11374_A_G,11,2.9388283626817326,0.4011531174976961,Mye,0.0047,0.0008,1.0
13062_A_C,11,2.936938950453765,0.401450489965666,Mye,0.0047,0.0008,1.0
5527_A_T,15,2.9307244646371373,0.4024298884792181,Mye_P,0.006,0.0011,1.0
12823_G_A,11,2.9293166638283594,0.4026520356214709,Mye,0.0036,0.0,1.0
15621_T_C,12,2.928577976216559,0.40276863972459764,Mye,0.0047,0.0008,1.0
3313_A_G,10,2.9035295937344188,0.4067394125498276,Lym,0.0019,0.0,1.0
8813_C_G,11,2.895681578909148,0.40799024184715804,Mye,0.0047,0.0011,1.0
6584_C_T,12,2.882980231386739,0.41002142183592727,Mye,0.0047,0.0008,1.0
4953_A_C,65,2.878643788798854,0.41071683156492245,Mye,0.0166,0.0088,1.0
2010_T_C,15,2.866343866506469,0.41269465719825027,Mye,0.0036,0.0009,1.0
1267_T_C,38,2.860728542070092,0.41360023818996816,Mye,0.0107,0.0044,1.0
14994_A_C,23,2.8574284845449256,0.4141332092343254,Lym_P,0.0053,0.0012,1.0
15235_A_T,18,2.8544968657146796,0.41460715584708596,Mye,0.0059,0.0022,1.0
7027_C_T,21,2.8501288029673333,0.4153141660238888,Lym_P,0.008,0.0017,1.0
4815_C_T,13,2.8429898137038094,0.41647183515507014,Mye,0.0047,0.0017,1.0
6748_T_C,18,2.839240054856674,0.417080975756171,Lym_P,0.0053,0.0017,1.0
8860_A_T,38,2.8384163164481038,0.41721488952378494,Mye_P,0.0111,0.0036,1.0
11150_G_C,16,2.8352797383990946,0.4177251248050169,Mye,0.0059,0.0017,1.0
2064_A_G,14,2.833620906865008,0.41799518072890174,Lym_P,0.0053,0.0011,1.0
15831_T_C,17,2.832015646215723,0.4182566534054176,Lym_P,0.008,0.0017,1.0
1416_A_T,14,2.823149917956613,0.4197031932666756,Lym_P,0.008,0.0008,1.0
3568_C_G,19,2.8118519120694714,0.42155259576568405,Mye_P,0.006,0.0017,1.0
15177_C_T,14,2.806666369507724,0.4224036893533153,Lym_P,0.008,0.0017,1.0
9329_G_C,21,2.7918196866430094,0.42484831327601424,Lym_P,0.0107,0.0024,1.0
14418_C_A,29,2.7906866775126105,0.4250353514115718,Mye,0.0095,0.003,1.0
14419_C_T,39,2.7885850626026922,0.42538246789446055,Mye,0.0119,0.0044,1.0
13491_C_T,19,2.777530980369704,0.4272120866372481,Lym_P,0.0107,0.0019,1.0
7041_G_C,15,2.7769321735787287,0.42731138330074736,Mye_P,0.0051,0.0014,1.0
12891_C_T,12,2.769510302294833,0.4285436889500993,Lym_P,0.008,0.0011,1.0
15289_T_G,13,2.758052723297027,0.43045181621057704,Lym_P,0.0053,0.0014,1.0
12630_G_A,14,2.7493351996748174,0.43190829457404334,Lym_P,0.0053,0.0017,1.0
7874_A_T,30,2.745806561127324,0.4324989908927417,Mye_P,0.0103,0.0025,1.0
8335_A_G,11,2.7410410515080343,0.4332977925766279,Lym_P,0.0053,0.0008,1.0
6260_G_T,23,2.7290968751643163,0.43530521060945737,Mye_P,0.0077,0.0025,1.0
2333_G_A,13,2.7237593708993018,0.43620472683116607,Mye,0.0036,0.0,1.0
12967_A_C,19,2.7169398965073697,0.4373562082687442,Lym_P,0.0134,0.0019,1.0
4817_A_C,24,2.708584437363527,0.4387704298681424,Mye_P,0.0086,0.0024,1.0
1670_A_G,15,2.6920642428429744,0.44157757818140475,Lym_P,0.008,0.0012,1.0
1357_A_C,17,2.69170422801173,0.4416389153060305,Mye_P,0.0068,0.0014,1.0
1369_T_C,60,2.688974933893519,0.44210414148208765,Mye_P,0.018,0.0061,1.0
15785_T_C,64,2.6873293142433567,0.44238484098003583,Lym_P,0.0214,0.0074,1.0
5473_T_C,11,2.681191805091288,0.4434330183979258,Lym_P,0.008,0.0011,1.0
13179_C_G,34,2.6334948830128724,0.45164769685808237,Mye,0.0083,0.0027,1.0
4783_A_C,17,2.60788632052342,0.4561086501809656,Mye,0.0059,0.0017,1.0
143_G_A,12,2.601242805015886,0.45727170876451784,Mye_P,0.0026,0.0,1.0
9451_G_T,12,2.57377884585415,0.4621050084776429,Mye_P,0.0051,0.0011,1.0
11456_G_A,26,2.5529020914399325,0.46580630618355034,Mye,0.0071,0.0026,1.0
5765_C_A,226,2.549846146541995,0.4663500806487356,Lym_P,0.0615,0.0281,1.0
11921_T_G,16,2.547417759904903,0.46678254774157935,Mye,0.0036,0.0,1.0
1658_T_C,17,2.5404494328495844,0.4680252964731709,Lym_P,0.0107,0.0019,1.0
15697_T_G,17,2.5379963955842015,0.46846340265122444,Mye_P,0.006,0.0014,1.0
14363_A_G,46,2.5374065722725163,0.4685687921624577,Mye_P,0.0146,0.0055,1.0
16312_A_C,40,2.536758289529814,0.46868464891891304,Mye_P,0.0137,0.0044,1.0
13071_C_G,18,2.5364204388636438,0.4687450363489255,Lym_P,0.008,0.0012,1.0
7775_G_A,12,2.5359964725180646,0.4688208248388691,Mye,0.0036,0.0,1.0
879_T_C,53,2.5197330850435264,0.4717354264108974,Mye,0.0142,0.0072,1.0
13391_A_G,34,2.504243865752528,0.474524609979066,Lym,0.0063,0.0024,1.0
5733_C_T,22,2.4959457532055467,0.47602422212187856,Mye,0.0071,0.0028,1.0
8173_C_G,17,2.495228619469515,0.4761539958319677,Mye,0.0059,0.0022,1.0
7619_G_C,22,2.494074003052674,0.47636299572811625,Mye_P,0.0068,0.0022,1.0
12881_T_G,13,2.4898780410579775,0.4771231256464631,Mye,0.0036,0.0,1.0
11594_C_G,31,2.488691623093473,0.47733822729721853,Lym_P,0.0134,0.0028,1.0
13120_C_A,26,2.4853362454488774,0.4779469820563781,Mye,0.0059,0.0036,1.0
8743_G_A,21,2.473133530583141,0.48016602839648936,Lym_P,0.008,0.0024,1.0
853_C_T,13,2.470874014580147,0.4805778046081437,Mye,0.0036,0.0,1.0
13967_C_G,14,2.463638124746325,0.4818983437624269,Mye,0.0047,0.0017,1.0
1663_C_A,12,2.4590900859096223,0.4827298083161349,Mye_P,0.0026,0.0,1.0
2025_C_T,19,2.4455383487714073,0.4852139699021082,Mye,0.0047,0.0025,1.0
9786_G_A,19,2.421168619334651,0.48970625596336514,Mye_P,0.0043,0.0012,1.0
10946_A_C,21,2.4133337586360994,0.49115737423446315,Lym_P,0.0053,0.0017,1.0
12821_C_T,22,2.4058899288307316,0.4925391560758955,Mye_P,0.0077,0.0019,1.0
4108_T_C,20,2.3852499990282467,0.49638623667815074,Lym_P,0.0053,0.0017,1.0
5484_A_C,14,2.3848320674116223,0.4964643739313851,Mye_P,0.0043,0.0012,1.0
6299_A_G,35,2.3791339436563135,0.4975306514004033,Lym_P,0.0134,0.0041,1.0
12608_C_A,14,2.3785966237862226,0.49763128983159644,Lym_P,0.008,0.0017,1.0
5729_A_G,17,2.375996430543921,0.4981185197930218,Lym_P,0.0053,0.0017,1.0
16463_A_G,18,2.372523199046924,0.49876991408469207,Lym_P,0.008,0.0017,1.0
5766_C_G,200,2.3664506308912223,0.4999103793725209,Lym_P,0.0508,0.0242,1.0
7879_A_T,13,2.365462611921032,0.5000961246519364,Lym_P,0.008,0.0011,1.0
14823_A_T,19,2.361736603589094,0.5007970821844228,Lym_P,0.008,0.0014,1.0
9446_A_G,15,2.3455243476706755,0.5038557918530895,Mye_P,0.0051,0.0012,1.0
7345_A_G,54,2.341210263641642,0.5046721168606862,Lym_P,0.0187,0.0074,1.0
9930_T_C,23,2.335984583895595,0.5056622887824989,Mye_P,0.0077,0.0025,1.0
13382_A_G,14,2.3357375570519423,0.5057091325625107,Mye,0.0036,0.0,1.0
7235_C_G,21,2.331290837028405,0.506552931360454,Lym_P,0.0053,0.0026,1.0
1659_T_A,15,2.327717090932424,0.507231853741426,Mye,0.0047,0.0017,1.0
8066_C_T,14,2.3189884704958104,0.5088929836272016,Lym_P,0.0053,0.0012,1.0
11914_G_A,16,2.317371112281478,0.509201233918652,Lym,0.0033,0.0,1.0
12992_C_T,15,2.3067414271874895,0.5112306588798226,Lym_P,0.0053,0.0011,1.0
12045_C_T,13,2.2927526739657367,0.513910723903166,Mye_P,0.0043,0.0014,1.0
4057_T_C,22,2.289896607286323,0.5144592116057782,Mye_P,0.006,0.0025,1.0
3677_A_G,12,2.281111065404474,0.5161491805391922,Mye_P,0.0043,0.0008,1.0
1344_T_C,25,2.276260933588958,0.5170839305189985,Lym_P,0.0107,0.0028,1.0
9911_C_T,19,2.274532736292116,0.5174173076589079,Lym_P,0.0107,0.0022,1.0
12541_G_A,18,2.2717135842233347,0.5179614814573084,Lym_P,0.0053,0.0012,1.0
13366_G_T,19,2.268409867758635,0.5185997361586281,Lym_P,0.0107,0.0024,1.0
183_A_G,16,2.2568971182773794,0.5208285260775607,Lym,0.0028,0.0024,1.0
10687_T_C,11,2.256484455859834,0.5209085476044226,Mye_P,0.0034,0.0011,1.0
13122_C_T,28,2.248570382062155,0.5224449856981019,Mye,0.0071,0.0036,1.0
4784_A_T,18,2.2477049857920974,0.5226131987312539,Mye,0.0059,0.0019,1.0
7340_G_A,29,2.2471749786846544,0.5227162398153617,Mye_P,0.0068,0.0027,1.0
1664_G_A,22,2.243294823159033,0.5234710600283614,Mye,0.0071,0.0022,1.0
15255_T_A,18,2.2417285339541024,0.5237759858147124,Mye,0.0059,0.0022,1.0
123_A_C,39,2.229719143676334,0.5261183735119899,Mye_P,0.0086,0.0047,1.0
1265_C_T,11,2.225553538381803,0.5269326750151944,Mye_P,0.0051,0.0008,1.0
13133_T_C,13,2.208121370906582,0.5303504864504809,Lym_P,0.008,0.0011,1.0
13497_A_C,26,2.1963345280066164,0.5326707157193382,Mye,0.0059,0.0026,1.0
15952_C_A,14,2.1837418514615194,0.5351578149909109,Mye,0.0047,0.0011,1.0
11390_G_T,28,2.169665527434802,0.5379480042398652,Lym_P,0.0053,0.0034,1.0
7186_A_G,18,2.1683529901147836,0.5382087144575955,Lym_P,0.0053,0.0017,1.0
13269_A_G,12,2.1664769884318673,0.5385815060753383,Lym_P,0.0053,0.0014,1.0
1990_G_A,17,2.1605461889642754,0.5397612895927368,Lym_P,0.008,0.0019,1.0
4961_A_G,24,2.1572271577874176,0.5404223482981707,Mye_P,0.0068,0.0027,1.0
16065_G_A,15,2.1293194914815103,0.5460040412979434,Lym_P,0.0053,0.0019,1.0
15108_T_C,21,2.123986625177224,0.5470753687151728,Lym_P,0.008,0.0022,1.0
16145_G_A,16,2.1196898781298614,0.5479396490955417,Lym_P,0.0053,0.0014,1.0
9559_C_T,12,2.11250501208076,0.5493870599057533,Lym_P,0.008,0.0011,1.0
8323_T_C,26,2.1110915854602013,0.5496721212801203,Lym_P,0.0107,0.0022,1.0
1386_T_C,10,2.0955348181572617,0.5528166281145153,Mye_P,0.0034,0.0008,1.0
11711_G_A,22,2.0937047795027866,0.5531873788473327,Mye,0.0059,0.0027,1.0
1520_T_C,25,2.0918702248603154,0.5535592223945676,Mye_P,0.0068,0.0027,1.0
7621_T_C,15,2.0910516497054914,0.5537251958099223,Mye,0.0047,0.0014,1.0
16278_C_T,26,2.090124131542211,0.5539133012306201,Mye_P,0.0077,0.0027,1.0
8405_A_C,14,2.0869171532424673,0.5545640434276653,Mye,0.0036,0.0009,1.0
5600_A_C,15,2.060262578061213,0.5599936493532289,Mye,0.0047,0.0017,1.0
1356_A_T,16,2.0599726647259047,0.5600529112310773,Mye_P,0.006,0.0014,1.0
13434_A_G,14,2.0555306708342016,0.5609614623931567,Lym_P,0.008,0.0014,1.0
9756_T_G,37,2.046544792717782,0.5628025741532139,Mye,0.0095,0.0044,1.0
3016_G_A,10,2.04188764690835,0.5637584409645451,Mye,0.0036,0.0011,1.0
13929_C_T,12,2.0414133592714165,0.563855851021239,Mye_P,0.0034,0.0014,1.0
6126_A_T,11,2.0388522007037864,0.5643820700388102,Mye,0.0036,0.0014,1.0
3264_T_C,14,2.0377741434459153,0.5646036718299774,Lym_P,0.0053,0.0012,1.0
5857_A_G,26,2.0364200773993844,0.5648820952484839,Mye_P,0.0051,0.0027,1.0
3231_T_G,20,2.0305101301332797,0.5660984231271216,Lym_P,0.0107,0.0017,1.0
6763_T_C,29,2.023794446590898,0.5674827954355792,Mye_P,0.0094,0.003,1.0
12764_G_A,29,2.020346480463729,0.5681944744576983,Mye,0.0071,0.0027,1.0
1681_G_A,24,2.011101881451509,0.5701056679605414,Lym_P,0.008,0.0026,1.0
263_A_G,6014,2.0103745357853597,0.570256225473373,Lym_P,1.0,0.9988,1.0
5704_C_T,22,2.010040665596648,0.5703253444229561,Mye,0.0071,0.0022,1.0
14220_A_C,37,1.9968464350496333,0.5730614966446752,Lym_P,0.016,0.0044,1.0
8299_G_T,32,1.9940495505695708,0.5736426607279081,Mye,0.0095,0.0039,1.0
1201_A_G,25,1.9898729944686693,0.5745112609096741,Mye,0.0071,0.0033,1.0
7615_A_C,31,1.9766930199065769,0.577258220962686,Mye_P,0.0094,0.0036,1.0
16039_G_T,11,1.9737470889918427,0.5778734357580244,Mye_P,0.0026,0.0,1.0
5022_A_G,13,1.9697564913249153,0.5787075271734279,Lym_P,0.0053,0.0008,1.0
2598_A_G,12,1.9627466827118099,0.5801746605633842,Lym_P,0.0053,0.0011,1.0
2740_A_G,17,1.9599066878303688,0.5807697824236577,Lym_P,0.0053,0.0022,1.0
10013_C_A,46,1.9563037175539648,0.5815253818107624,Lym_P,0.0187,0.005,1.0
14831_G_A,18,1.9553773028473813,0.5817197731239152,Mye,0.0059,0.0022,1.0
2042_T_C,14,1.94890865534191,0.5830783269412463,Mye_P,0.0051,0.0012,1.0
16035_G_A,13,1.9402623401762185,0.584897580253469,Lym,0.0028,0.0009,1.0
9985_G_A,23,1.9312084228624826,0.5868066855180045,Lym_P,0.008,0.0022,1.0
10398_A_G,6016,1.9191049688934925,0.5893653289127085,Lym_P,1.0,0.9991,1.0
1334_G_A,36,1.9183398226608688,0.5895273290218832,Mye_P,0.0103,0.0041,1.0
5483_T_C,22,1.9116035517500904,0.590954841475624,Lym_P,0.008,0.0026,1.0
10654_C_G,14,1.9068163719562108,0.5919707086832784,Mye,0.0047,0.0014,1.0
882_A_G,27,1.9019789380184875,0.5929984154143946,Lym_P,0.016,0.0022,1.0
13931_T_A,16,1.8985832469496984,0.5937205303844062,Mye,0.0047,0.0017,1.0
15981_C_T,33,1.8844804556036934,0.5967257813813946,Lym_P,0.0107,0.0033,1.0
4169_T_C,21,1.8830044331390923,0.5970408929278204,Lym_P,0.008,0.0026,1.0
14132_T_C,19,1.8820745486382862,0.597239467147554,Lym_P,0.0053,0.0022,1.0
3022_G_A,18,1.8772976741933007,0.5982602370816221,Lym_P,0.0053,0.0012,1.0
6917_G_C,16,1.8763228932403138,0.598468678063947,Lym_P,0.0053,0.0019,1.0
13450_T_C,17,1.8721478651293637,0.599361976279392,Lym_P,0.008,0.0012,1.0
11852_G_A,26,1.8694008067655545,0.5999502170967932,Lym_P,0.008,0.0033,1.0
5800_A_G,19,1.8630263706526762,0.601316653157115,Lym_P,0.0053,0.0024,1.0
5850_T_G,46,1.8539548026244574,0.6032647312882282,Lym_P,0.0187,0.005,1.0
11711_G_C,15,1.8507621101413463,0.6039513175774935,Lym_P,0.008,0.0017,1.0
4443_A_G,17,1.850193651844478,0.6040736170144634,Lym_P,0.008,0.0014,1.0
662_T_C,47,1.8398138807093574,0.6063095501426472,Lym,0.0091,0.0027,1.0
3908_C_T,43,1.8381300530870703,0.6066727683044524,Lym_P,0.0134,0.0041,1.0
5996_A_C,14,1.8098955677480717,0.6127839205376957,Lym_P,0.0053,0.0012,1.0
15333_A_T,14,1.8062851898951067,0.6135681640387478,Lym_P,0.008,0.0011,1.0
204_T_C,40,1.8046865737823055,0.6139156162001125,Mye_P,0.0094,0.0053,1.0
5741_G_T,16,1.8030407359418064,0.6142734611910448,Lym_P,0.0053,0.0012,1.0
8297_C_G,24,1.8019030845388215,0.6145208908295394,Mye,0.0071,0.0025,1.0
6293_T_C,28,1.801721517673002,0.6145603858975983,Lym_P,0.0107,0.003,1.0
3665_G_T,17,1.7867247455627364,0.6178280322508536,Lym_P,0.0053,0.0019,1.0
16038_A_G,17,1.7765063913802237,0.620060704145287,Mye,0.0047,0.0017,1.0
909_G_T,23,1.756562342743166,0.6244327585496805,Mye,0.0071,0.0025,1.0
12775_G_A,18,1.7542974226730905,0.624930458873237,Lym_P,0.008,0.0017,1.0
5730_C_T,14,1.7457466604475655,0.6268116115374287,Mye_P,0.0051,0.0011,1.0
12882_C_T,31,1.743939754513633,0.6272095683265124,Mye_P,0.0086,0.003,1.0
5852_T_A,57,1.736772717364829,0.628789561213998,Lym_P,0.0214,0.0061,1.0
5686_A_G,17,1.7353551898580122,0.6291023440540624,Mye_P,0.006,0.0017,1.0
12771_G_A,12,1.733692184163857,0.6294694123540987,Mye_P,0.0026,0.0,1.0
2679_T_G,13,1.7169389747638206,0.633174463504673,Mye_P,0.0043,0.0011,1.0
13585_T_C,15,1.710184038088073,0.6346720293910857,Lym_P,0.008,0.0014,1.0
6753_G_C,15,1.7039695834666304,0.6360516272410408,Mye_P,0.006,0.0012,1.0
1367_A_G,17,1.6967987785513685,0.6376457348927873,Lym_P,0.0107,0.0014,1.0
5208_A_G,29,1.6952140861111502,0.6379983376273324,Mye,0.0083,0.0036,1.0
15944_T_C,16,1.68635539983066,0.6399715513032753,Lym_P,0.0053,0.0019,1.0
1673_T_C,18,1.6796498682751917,0.6414675326749824,Mye,0.0047,0.0025,1.0
2111_C_T,12,1.6777571520193533,0.6418901591823565,Lym_P,0.0053,0.0012,1.0
13174_T_A,17,1.6707861545038156,0.6434481122283386,Lym_P,0.008,0.0024,1.0
3834_G_A,11,1.6581678374141688,0.6462737299696233,Lym,0.0022,0.0,1.0
2363_A_G,14,1.6501808834469216,0.6480659128542712,Mye_P,0.0043,0.0014,1.0
3945_C_A,48,1.6479213588206676,0.6485734376789409,Lym_P,0.0107,0.0063,1.0
9839_C_T,17,1.647539199164811,0.6486592990620188,Mye,0.0036,0.0017,1.0
3666_G_T,18,1.633618772005775,0.6517912394123564,Lym_P,0.0053,0.0019,1.0
13589_T_C,78,1.6259235114580406,0.6535262264637554,Mye,0.019,0.0102,1.0
7028_C_A,16,1.6227629294256474,0.6542395628158038,Mye_P,0.0068,0.0011,1.0
6583_A_G,31,1.6185925916378778,0.6551814608334123,Lym_P,0.016,0.003,1.0
2817_G_A,35,1.5962632546314808,0.6602373982081677,Mye_P,0.0094,0.0047,1.0
10588_T_G,17,1.5910232652569505,0.6614269427532173,Mye_P,0.0051,0.0017,1.0
12372_G_A,6016,1.5860127367235535,0.6625654801501262,Lym_P,1.0,0.9991,1.0
5632_C_T,16,1.5833948224311882,0.6631607658677521,Lym_P,0.0053,0.0012,1.0
6698_A_G,15,1.5792423308414243,0.6641055867772938,Mye_P,0.0043,0.0012,1.0
7395_T_G,20,1.5768901956267314,0.6646410901563482,Mye_P,0.006,0.0024,1.0
12215_T_C,36,1.569775763130167,0.6662622117167216,Lym_P,0.0107,0.0055,1.0
7383_T_G,38,1.5631978573117067,0.667762942065836,Lym_P,0.0134,0.0058,1.0
2143_G_A,16,1.5614604543389703,0.6681596230844771,Mye,0.0047,0.0019,1.0
3882_G_A,20,1.5563821796501998,0.6693197962293188,Mye,0.0059,0.0022,1.0
13034_T_C,17,1.5528396924548815,0.670129730356923,Mye,0.0036,0.0025,1.0
1457_G_T,16,1.5500133929737672,0.6707762858927736,Lym_P,0.0053,0.0017,1.0
3644_T_C,43,1.5486654267235735,0.671084766299263,Mye_P,0.0128,0.0052,1.0
16010_T_G,17,1.546066116687797,0.6716798230857143,Lym_P,0.008,0.0019,1.0
9005_T_C,13,1.5434661315134122,0.6722753077511767,Mye,0.0036,0.0017,1.0
15884_G_A,14,1.5363172961805276,0.6739140364021359,Lym,0.0028,0.0,1.0
1662_C_A,15,1.5330540468315519,0.674662752637682,Mye,0.0047,0.0017,1.0
15525_A_C,13,1.5294946333545454,0.6754799048648518,Lym_P,0.0053,0.0017,1.0
15980_C_A,12,1.5069549339232822,0.6806660680167747,Mye_P,0.0034,0.0014,1.0
11887_G_A,23,1.4950561895532815,0.6834118284171202,Mye_P,0.0051,0.0027,1.0
15256_A_T,13,1.4935972899064325,0.6837488590164928,Lym_P,0.0053,0.0017,1.0
196_T_C,54,1.4762248975547436,0.6877683816744984,Lym_P,0.0187,0.0071,1.0
513_G_A,47,1.467067504886245,0.689891720916656,Lym_P,0.0187,0.005,1.0
12772_G_A,12,1.4653747329005853,0.6902845669595588,Mye_P,0.0034,0.0014,1.0
9381_C_G,14,1.4451177333685337,0.6949937888034108,Lym_P,0.008,0.0014,1.0
3587_C_G,36,1.442652259419674,0.6955679596250002,Lym_P,0.0134,0.0036,1.0
13368_G_A,11,1.437553761798597,0.6967560092131864,Mye,0.0036,0.0008,1.0
7127_C_T,20,1.431041855561034,0.6982747508211442,Mye,0.0059,0.0019,1.0
4665_G_A,20,1.4235903101845793,0.7000144674816116,Lym_P,0.008,0.0025,1.0
11410_T_A,32,1.416045371736061,0.7017779547220482,Mye,0.0083,0.0044,1.0
1355_G_C,21,1.400674202018024,0.7053767021022567,Mye_P,0.0077,0.0019,1.0
1895_C_T,15,1.400116184238982,0.7055074971961608,Mye_P,0.0043,0.0017,1.0
6221_T_C,18,1.3857282254203938,0.7088834982867231,Lym_P,0.0053,0.0024,1.0
1189_T_C,6012,1.3825111422514311,0.7096392886689933,Lym_P,1.0,0.9986,1.0
7492_C_T,22,1.3661448893782335,0.7134893867457336,Mye_P,0.006,0.0025,1.0
9920_C_A,22,1.3605049706233672,0.7148181273609816,Lym_P,0.0107,0.0019,1.0
6710_A_G,19,1.359781290005003,0.7149886955282534,Lym_P,0.0053,0.0019,1.0
5225_A_G,14,1.3564635965113894,0.7157708692083427,Lym_P,0.0027,0.0012,1.0
6716_A_T,34,1.3544573155045327,0.7162440321648986,Lym_P,0.0134,0.0044,1.0
5750_A_G,28,1.3541886943118584,0.7163073934478628,Lym_P,0.0107,0.0033,1.0
9606_A_C,15,1.3541285064530655,0.7163215906223994,Lym_P,0.0053,0.0017,1.0
3902_A_G,29,1.3483741534233218,0.7176794474591619,Mye_P,0.0086,0.0033,1.0
7628_C_G,20,1.3077256657853127,0.7272993630534728,Lym_P,0.0053,0.003,1.0
14364_G_A,29,1.3040455288258386,0.7281726502451806,Lym_P,0.008,0.003,1.0
2002_G_A,11,1.2970556840302834,0.7298323518005709,Mye,0.0036,0.0014,1.0
7529_A_G,22,1.296520682346852,0.7299594401557785,Mye_P,0.0068,0.0024,1.0
15351_A_G,16,1.2954086547661348,0.7302236244814924,Lym_P,0.0053,0.0017,1.0
14605_A_G,25,1.2876172987757286,0.7320755508098094,Mye,0.0071,0.003,1.0
7749_T_G,15,1.2868456302579716,0.732259056868494,Lym_P,0.0053,0.0012,1.0
13211_C_A,23,1.285030332632516,0.732690804551215,Lym_P,0.008,0.0019,1.0
9444_C_G,18,1.2830298793978727,0.7331666900337956,Lym_P,0.0053,0.0025,1.0
9501_T_C,14,1.2795549497279524,0.7339935863096445,Mye_P,0.0034,0.0012,1.0
6672_A_G,11,1.2795160451364893,0.7340028458513346,Lym_P,0.0053,0.0014,1.0
12172_A_C,14,1.2758845630464748,0.7348673345206841,Lym_P,0.0053,0.0012,1.0
11925_C_T,15,1.2561111638763123,0.7395803385776107,Mye_P,0.0051,0.0014,1.0
12741_C_G,22,1.2512907388493204,0.7407307535997331,Lym_P,0.0053,0.0033,1.0
9616_T_C,41,1.2502787174120726,0.7409723478556542,Mye_P,0.0111,0.0047,1.0
7063_T_C,45,1.2434442364290135,0.7426045423767873,Mye_P,0.0111,0.0059,1.0
11147_T_C,16,1.230692543899778,0.7456527730646185,Mye_P,0.0051,0.0019,1.0
2818_C_T,11,1.2280841554993458,0.7462767500115399,Mye_P,0.0034,0.0012,1.0
12975_A_G,30,1.2260836181448553,0.7467554197295266,Mye,0.0083,0.0033,1.0
12818_G_C,41,1.2137087561311546,0.7497182984027755,Mye,0.0095,0.0058,1.0
13140_A_T,18,1.2126362882747799,0.7499752306172418,Lym_P,0.008,0.0022,1.0
9584_C_T,14,1.2087700849723717,0.7509016607007017,Lym_P,0.0027,0.0022,1.0
1488_C_T,13,1.2001132860392545,0.7529771411119138,Mye_P,0.0043,0.0011,1.0
9923_C_A,10,1.1990073968470085,0.753242388736401,Mye_P,0.0034,0.0008,1.0
4950_T_C,20,1.1842825989419339,0.7567764093326955,Lym_P,0.008,0.0019,1.0
7493_C_T,16,1.1771786471276755,0.7584828561868152,Mye,0.0047,0.0019,1.0
7632_T_G,19,1.1756270549513772,0.7588556880594488,Mye_P,0.0043,0.0027,1.0
11534_T_C,13,1.1702904204284437,0.7601383551626216,Lym_P,0.0053,0.0011,1.0
12889_G_A,17,1.1550832643681872,0.7637961023099898,Mye,0.0036,0.0025,1.0
3707_G_T,37,1.1417919261255634,0.7669961114799084,Mye,0.0095,0.005,1.0
1034_T_C,17,1.1413491014518797,0.7671027721627337,Lym_P,0.0053,0.0022,1.0
7126_C_T,19,1.1338106764139297,0.7689189522570057,Mye_P,0.0051,0.0022,1.0
4716_C_G,31,1.1325706265420195,0.769217787266399,Mye_P,0.0086,0.0036,1.0
4570_A_G,13,1.1296905264752581,0.7699119352592327,Lym_P,0.0027,0.0019,1.0
15576_C_T,14,1.1283899106438184,0.7702254412382525,Lym_P,0.0053,0.0011,1.0
8093_T_G,13,1.120957461192802,0.7720174293207843,Mye,0.0036,0.0014,1.0
4252_C_T,17,1.1207102814442464,0.772077037738275,Lym_P,0.0053,0.0022,1.0
523_A_C,20,1.1173990826580393,0.7728756229414787,Mye_P,0.0051,0.0025,1.0
1348_G_A,23,1.1126038830432776,0.7740323604468483,Mye,0.0059,0.0027,1.0
593_T_C,12,1.1099767262559226,0.7746662245341572,Mye_P,0.0034,0.0012,1.0
8109_T_C,17,1.1031355150362856,0.7763172122239295,Mye_P,0.0043,0.0024,1.0
5646_C_T,18,1.0774574609831689,0.7825185388822733,Lym_P,0.0053,0.0017,1.0
6147_C_T,26,1.0706964358075197,0.7841523698124208,Mye_P,0.006,0.0033,1.0
9256_C_A,11,1.0680532274066934,0.7847912134908259,Mye,0.0036,0.0011,1.0
7750_C_T,16,1.0677367352833471,0.7848677109120401,Mye_P,0.006,0.0014,1.0
10939_C_T,12,1.060292605598164,0.7866672012215097,Lym_P,0.0053,0.0017,1.0
2162_C_T,13,1.0602449891292736,0.7866787129569,Mye_P,0.0034,0.0017,1.0
4681_T_A,23,1.053461633710583,0.7883188073431485,Mye_P,0.006,0.0025,1.0
8155_G_A,25,1.0506670363461126,0.7889945751971046,Lym_P,0.0053,0.0036,1.0
8322_T_C,21,1.0389894160971949,0.79181883188946,Lym_P,0.0053,0.003,1.0
8386_C_A,21,1.023224900128298,0.7956324606928927,Lym_P,0.0107,0.0019,1.0
6320_T_C,43,1.022521785832339,0.7958025718488868,Lym_P,0.016,0.0041,1.0
8743_G_C,15,1.017337904674548,0.7970567957338847,Lym_P,0.0053,0.0017,1.0
6242_C_T,14,1.0160376254489165,0.7973714035662729,Lym_P,0.0053,0.0012,1.0
971_A_T,26,1.008601871755161,0.7991705685393522,Lym_P,0.0107,0.0033,1.0
13767_C_A,17,1.0021081335012525,0.8007418504992398,Mye_P,0.0051,0.0022,1.0
12201_T_G,21,0.9992190376732992,0.8014409269116065,Mye_P,0.0068,0.0019,1.0
2819_G_A,41,0.9798219854092736,0.8061342783646968,Mye_P,0.0103,0.0055,1.0
8298_T_G,37,0.977871179554711,0.8066062626726644,Lym_P,0.0107,0.0041,1.0
13331_A_C,14,0.9724461932725603,0.8079187437745767,Mye,0.0036,0.0017,1.0
15219_C_T,13,0.9365881782955512,0.8165904519857484,Mye_P,0.0034,0.0012,1.0
1468_T_C,80,0.9355894392801929,0.8168318598955397,Lym_P,0.0241,0.0099,1.0
2256_T_C,19,0.9295063295728028,0.8183020405409562,Mye_P,0.0043,0.0027,1.0
11734_A_G,11,0.9220210201145846,0.8201106394969677,Lym_P,0.0027,0.0012,1.0
13175_T_C,57,0.9097152806707527,0.8230826777151099,Lym_P,0.0134,0.0074,1.0
2071_T_C,14,0.9085641720538433,0.823360600716227,Mye,0.0036,0.0019,1.0
3951_C_G,24,0.9068777452796439,0.8237677414951087,Mye_P,0.0068,0.0025,1.0
16009_T_G,23,0.8976917268080342,0.825984812545315,Lym_P,0.008,0.003,1.0
6581_A_T,28,0.8824150257892143,0.829669260163748,Mye,0.0071,0.0036,1.0
9532_C_G,12,0.8796104784999557,0.830345272079383,Mye,0.0036,0.0014,1.0
15699_G_A,13,0.87266641860964,0.8320185122504268,Lym_P,0.0027,0.0012,1.0
14822_A_T,14,0.8652074282253466,0.8338148844386749,Lym_P,0.0053,0.0011,1.0
10371_G_A,13,0.8584214303645012,0.8354482729013688,Lym_P,0.0053,0.0011,1.0
10776_T_C,16,0.8460333949483356,0.8384276778285508,Lym_P,0.0053,0.0017,1.0
15583_A_G,18,0.8439383500046347,0.8389312268171891,Lym_P,0.008,0.0017,1.0
497_C_T,6016,0.8280786731159182,0.8427398639413994,Lym_P,1.0,0.9994,1.0
11678_T_C,18,0.8042459367039783,0.8484511940704619,Mye,0.0047,0.0025,1.0
9585_C_T,19,0.7991201295935753,0.8496774752128178,Lym_P,0.008,0.0025,1.0
146_T_C,16,0.7937185610409188,0.8509688734442378,Mye_P,0.0043,0.0022,1.0
11439_G_T,16,0.79188872267693,0.8514061442090588,Lym_P,0.0053,0.0022,1.0
2570_C_G,20,0.7865063534712249,0.8526917384916067,Mye_P,0.006,0.0024,1.0
10768_A_T,13,0.7814128700015317,0.8539074674782619,Mye,0.0036,0.0014,1.0
2439_T_G,17,0.7777318446255777,0.8547855289260657,Lym_P,0.0053,0.0024,1.0
8268_A_T,17,0.7761377366807665,0.8551656402373021,Lym_P,0.0053,0.0017,1.0
1370_T_G,17,0.7675336177752854,0.8572157438512065,Lym_P,0.008,0.0019,1.0
9484_T_C,15,0.7664025274854396,0.8574850529103399,Mye,0.0036,0.0022,1.0
865_A_C,36,0.7643872416422823,0.8579647709487583,Lym_P,0.0107,0.0041,1.0
2569_C_G,43,0.7488381889816083,0.8616609308084202,Lym_P,0.016,0.005,1.0
6761_C_G,12,0.7393148626692039,0.8639200124945973,Lym_P,0.0027,0.0012,1.0
5150_C_A,55,0.733079266197251,0.8653971513470076,Lym_P,0.0187,0.0074,1.0
15924_A_G,17,0.7326236848087149,0.8655050081004805,Mye,0.0036,0.0026,1.0
12007_G_A,13,0.7305045218897419,0.8660065917900301,Mye,0.0036,0.0017,1.0
11582_A_G,17,0.7220553247117891,0.8680044592365133,Lym_P,0.008,0.0017,1.0
4951_C_A,18,0.7173348369345263,0.8691192440283335,Lym_P,0.008,0.0022,1.0
16291_C_T,22,0.7111292393660733,0.8705831701699793,Lym_P,0.0053,0.0024,1.0
7040_T_G,24,0.6865329076906619,0.8763668809856495,Lym_P,0.0053,0.0036,1.0
10938_C_T,13,0.68028329832336,0.8778314238850187,Mye,0.0036,0.0017,1.0
8387_G_T,18,0.6739214541357512,0.8793200601445523,Lym_P,0.0053,0.0022,1.0
5977_G_C,14,0.6732768799691655,0.8794707602387681,Lym_P,0.0053,0.0019,1.0
9351_A_G,13,0.6646201386513155,0.8814923782384333,Lym_P,0.0053,0.0017,1.0
6233_A_G,16,0.6433044024287256,0.8864511213405721,Mye_P,0.0043,0.0019,1.0
4346_G_C,19,0.6185514919567936,0.8921726091579762,Mye_P,0.0043,0.0024,1.0
15043_G_A,66,0.6157930417751913,0.8928075905367063,Lym_P,0.0214,0.0077,1.0
14079_A_G,15,0.6130700436815744,0.8934338753428624,Mye,0.0036,0.0019,1.0
2022_G_A,17,0.6035876138919889,0.8956105821936697,Lym_P,0.0053,0.0022,1.0
514_C_A,25,0.6027198187921954,0.8958094516473555,Mye_P,0.0086,0.0025,1.0
15366_A_C,51,0.5921447127352621,0.8982282839567047,Lym_P,0.0134,0.0071,1.0
5993_C_T,20,0.5853129732352045,0.8997862466760893,Lym_P,0.0053,0.0025,1.0
973_C_T,47,0.5831481151036542,0.9002791564979519,Mye_P,0.0111,0.0058,1.0
13366_G_A,19,0.5602013671003476,0.9054797735993829,Lym_P,0.0053,0.0025,1.0
8108_A_G,13,0.5487352471606073,0.9080612024616166,Mye,0.0036,0.0017,1.0
1187_T_G,20,0.5476547626434467,0.908303839494468,Mye_P,0.006,0.0019,1.0
2020_T_C,15,0.5450412448473116,0.9088902909390931,Mye,0.0036,0.0019,1.0
9429_G_A,15,0.5439788338064204,0.9091285046218515,Lym_P,0.0053,0.0022,1.0
9380_G_C,14,0.5324483136272704,0.9117069681134325,Lym_P,0.008,0.0014,1.0
16044_T_C,20,0.531090853815158,0.9120096778867683,Lym_P,0.0053,0.0028,1.0
7349_C_T,12,0.5309006763968966,0.9120520724607577,Lym_P,0.0053,0.0014,1.0
9891_T_G,24,0.5278239509368632,0.9127374430806718,Mye,0.0059,0.003,1.0
2984_A_T,20,0.5225640680340575,0.9139069445942346,Lym_P,0.0053,0.0028,1.0
5641_T_C,13,0.5178209401061906,0.9149591436707557,Mye_P,0.0043,0.0014,1.0
9562_C_T,13,0.4805548489784428,0.9231421811929358,Lym_P,0.0027,0.0017,1.0
5768_G_A,16,0.4727571817123817,0.9248344551692839,Mye,0.0036,0.0022,1.0
6519_A_G,15,0.46944857377289395,0.9255502922280563,Lym_P,0.0053,0.0014,1.0
2092_C_A,18,0.46462861744799966,0.9265907215552364,Mye_P,0.0043,0.0025,1.0
972_G_T,27,0.46305484525908014,0.926929811413144,Lym_P,0.0107,0.0033,1.0
6035_A_C,21,0.4616969747660278,0.9272221339483674,Lym_P,0.0053,0.0025,1.0
5302_T_C,12,0.45375302514173654,0.9289276382475159,Lym_P,0.0027,0.0012,1.0
2056_G_A,18,0.4520407043959551,0.9292942019232612,Lym_P,0.0053,0.0024,1.0
976_A_C,39,0.4435514129374951,0.9311058807500336,Lym_P,0.0107,0.0047,1.0
515_A_G,66,0.423736427830363,0.9352966138567503,Mye_P,0.0163,0.0088,1.0
9919_C_A,26,0.42350501604715873,0.9353452317414706,Lym_P,0.008,0.0025,1.0
14184_C_T,16,0.41355704060580933,0.9374279066983013,Mye,0.0036,0.0025,1.0
14063_T_C,15,0.4107882596504737,0.9380049863469195,Mye,0.0036,0.0022,1.0
7282_T_C,14,0.4059452195875508,0.9390116318277708,Mye,0.0036,0.0019,1.0
13782_C_A,11,0.3991478051393642,0.9404184820589729,Mye_P,0.0034,0.0011,1.0
5249_T_A,14,0.3911412569281083,0.9420663628706181,Lym_P,0.0027,0.0022,1.0
16047_G_A,11,0.37385853802084057,0.9455881576474977,Lym_P,0.0027,0.0012,1.0
1082_A_G,21,0.3682787781232264,0.9467145106922563,Lym_P,0.0053,0.0025,1.0
16499_A_G,11,0.36436199965146443,0.9475019613176001,Lym_P,0.0053,0.0008,1.0
3642_C_T,39,0.3593313114485568,0.9485094132927258,Mye_P,0.0094,0.0052,1.0
4638_A_G,17,0.34372218218902617,0.9516062676209405,Lym_P,0.0053,0.0022,1.0
1413_T_C,15,0.33597493553384083,0.9531264626602175,Lym_P,0.0027,0.0024,1.0
7654_T_C,16,0.3193965650157793,0.9563401727930212,Mye,0.0036,0.0025,1.0
8010_T_G,15,0.3146277250200171,0.9572543299944379,Lym_P,0.0053,0.0017,1.0
2741_A_G,16,0.31029484649664596,0.9580808117141133,Mye,0.0036,0.0025,1.0
16042_G_T,25,0.3063542871581717,0.9588290140317125,Mye_P,0.006,0.0033,1.0
9647_T_C,25,0.3015556443295395,0.9597356405590338,Lym_P,0.008,0.0033,1.0
2700_G_A,17,0.2904652675414354,0.9618116173087723,Lym_P,0.0053,0.0022,1.0
6268_C_T,10,0.2765773262339337,0.9643717281883859,Lym_P,0.0027,0.0014,1.0
12219_A_G,106,0.27197593073856297,0.9652099013313287,Lym_P,0.0241,0.0143,1.0
9255_C_G,10,0.25864494555548845,0.9676088522911439,Lym_P,0.0027,0.0011,1.0
9987_T_A,11,0.2542649043645895,0.9683872533056845,Lym_P,0.0027,0.0014,1.0
2063_G_A,10,0.25124481902093976,0.9689210711516645,Lym_P,0.0027,0.0011,1.0
5751_A_G,28,0.22498628374341934,0.9734582945987055,Lym_P,0.008,0.0036,1.0
8187_G_C,23,0.2166039995823894,0.974865356045909,Mye_P,0.006,0.0028,1.0
11194_A_C,17,0.21369251905315423,0.9753491638580938,Mye,0.0036,0.0026,1.0
9986_G_A,12,0.18912289017518447,0.979325836121536,Lym_P,0.0027,0.0017,1.0
14813_A_C,15,0.17225986493150458,0.9819381494172391,Lym_P,0.0053,0.0019,1.0
292_T_A,16,0.16024192771646995,0.9837369798086599,Mye_P,0.0034,0.0024,1.0
4550_T_G,13,0.15904111567999735,0.9839137023631476,Mye_P,0.0034,0.0017,1.0
4823_T_G,18,0.13549116443073217,0.9872620123630541,Mye,0.0036,0.0027,1.0
11308_C_T,22,0.12815519791075758,0.9882567780516829,Lym_P,0.008,0.0022,1.0
6518_C_G,18,0.08412889723774697,0.9936714827863542,Lym_P,0.0053,0.0019,1.0
1289_G_A,15,0.075095496561147,0.9946484868783803,Lym_P,0.0053,0.0017,1.0
14365_C_G,25,0.0427744018961107,0.9976771105881209,Lym_P,0.008,0.003,1.0
15041_G_T,58,0.03563742915298462,0.9982297282223593,Lym_P,0.0187,0.0069,1.0
9793_C_T,21,-3.3177537162996487,1.0,Mye,0.0083,0.0,1.0
