pos	n_partitions	T_obs	null_q95	empirical_p	licensed	shuffleable_frac	enough_pooled_depth	top	feasible_0.005	feasible_0.01	feasible_0.02	feasible_0.05	feasible_0.1	per_cluster	sample	ref	alt_allele	region	region_class	artifact_prone
2492	7	1.5341108484376553e-05	1.2370263122147648e-05	0.023333333333333334	True	1.0	False	Dopaminergic	False	False	False	False	False	"{""Astrocyte"": {""vaf"": 0.00346, ""n"": 21, ""pooled_depth"": 71.0, ""callable"": false}, ""Dopaminergic"": {""vaf"": 0.01246, ""n"": 154, ""pooled_depth"": 687.0, ""callable"": true}, ""Microglia"": {""vaf"": 0.00603, ""n"": 129, ""pooled_depth"": 293.0, ""callable"": false}, ""Neuron"": {""vaf"": 0.00527, ""n"": 83, ""pooled_depth"": 362.0, ""callable"": false}, ""OPC"": {""vaf"": 0.00322, ""n"": 47, ""pooled_depth"": 90.0, ""callable"": false}, ""Oligodendrocyte"": {""vaf"": 0.00328, ""n"": 156, ""pooled_depth"": 390.0, ""callable"": false}, ""Vascular"": {""vaf"": 0.00398, ""n"": 73, ""pooled_depth"": 2803.0, ""callable"": false}}"	SN2960	G	T	MT-RNR2	rRNA	True
3107	7	6.17931161605937e-06	3.6798982309590436e-05	0.94	False	1.0	False	Vascular	False	False	False	False	False	"{""Astrocyte"": {""vaf"": 0.02108, ""n"": 25, ""pooled_depth"": 81.0, ""callable"": false}, ""Dopaminergic"": {""vaf"": 0.01947, ""n"": 151, ""pooled_depth"": 797.0, ""callable"": true}, ""Microglia"": {""vaf"": 0.02016, ""n"": 130, ""pooled_depth"": 314.0, ""callable"": true}, ""Neuron"": {""vaf"": 0.0213, ""n"": 78, ""pooled_depth"": 391.0, ""callable"": true}, ""OPC"": {""vaf"": 0.021, ""n"": 48, ""pooled_depth"": 88.0, ""callable"": false}, ""Oligodendrocyte"": {""vaf"": 0.02102, ""n"": 154, ""pooled_depth"": 419.0, ""callable"": true}, ""Vascular"": {""vaf"": 0.0218, ""n"": 72, ""pooled_depth"": 3415.0, ""callable"": true}}"	SN2960	C	T	MT-RNR2	rRNA	True
3130	7	7.058960289872559e-06	1.7138457809356902e-05	0.43666666666666665	False	1.0	False	Oligodendrocyte	False	False	False	False	False	"{""Astrocyte"": {""vaf"": 0.00905, ""n"": 26, ""pooled_depth"": 74.0, ""callable"": false}, ""Dopaminergic"": {""vaf"": 0.00681, ""n"": 157, ""pooled_depth"": 805.0, ""callable"": false}, ""Microglia"": {""vaf"": 0.00901, ""n"": 129, ""pooled_depth"": 298.0, ""callable"": false}, ""Neuron"": {""vaf"": 0.00928, ""n"": 78, ""pooled_depth"": 386.0, ""callable"": true}, ""OPC"": {""vaf"": 0.00635, ""n"": 56, ""pooled_depth"": 102.0, ""callable"": false}, ""Oligodendrocyte"": {""vaf"": 0.01018, ""n"": 161, ""pooled_depth"": 418.0, ""callable"": true}, ""Vascular"": {""vaf"": 0.00513, ""n"": 75, ""pooled_depth"": 3526.0, ""callable"": false}}"	SN2960	A	C	MT-RNR2	rRNA	True
3371	7	9.57299504161534e-06	2.1515713261324877e-05	0.36333333333333334	False	1.0	False	Astrocyte	False	False	False	False	False	"{""Astrocyte"": {""vaf"": 0.01724, ""n"": 24, ""pooled_depth"": 69.0, ""callable"": false}, ""Dopaminergic"": {""vaf"": 0.01204, ""n"": 151, ""pooled_depth"": 741.0, ""callable"": true}, ""Microglia"": {""vaf"": 0.00757, ""n"": 134, ""pooled_depth"": 337.0, ""callable"": false}, ""Neuron"": {""vaf"": 0.01273, ""n"": 85, ""pooled_depth"": 379.0, ""callable"": true}, ""OPC"": {""vaf"": 0.00701, ""n"": 44, ""pooled_depth"": 90.0, ""callable"": false}, ""Oligodendrocyte"": {""vaf"": 0.00929, ""n"": 162, ""pooled_depth"": 464.0, ""callable"": false}, ""Vascular"": {""vaf"": 0.01155, ""n"": 72, ""pooled_depth"": 2942.0, ""callable"": true}}"	SN2960	T	C	MT-ND1	coding	False
3572	7	1.1024145694656788e-05	5.519372911512054e-05	0.8566666666666667	False	1.0	False	Neuron	False	False	False	False	False	"{""Astrocyte"": {""vaf"": 0.01047, ""n"": 23, ""pooled_depth"": 60.0, ""callable"": false}, ""Dopaminergic"": {""vaf"": 0.01135, ""n"": 140, ""pooled_depth"": 563.0, ""callable"": true}, ""Microglia"": {""vaf"": 0.01483, ""n"": 125, ""pooled_depth"": 301.0, ""callable"": true}, ""Neuron"": {""vaf"": 0.01737, ""n"": 79, ""pooled_depth"": 333.0, ""callable"": true}, ""OPC"": {""vaf"": 0.01438, ""n"": 56, ""pooled_depth"": 110.0, ""callable"": false}, ""Oligodendrocyte"": {""vaf"": 0.01171, ""n"": 159, ""pooled_depth"": 367.0, ""callable"": true}, ""Vascular"": {""vaf"": 0.0124, ""n"": 69, ""pooled_depth"": 2267.0, ""callable"": true}}"	SN2960	T	A	MT-ND1	coding	False
3578	7	7.789103710333003e-05	0.00012595172434561443	0.30333333333333334	False	1.0	False	Oligodendrocyte	False	False	False	False	False	"{""Astrocyte"": {""vaf"": 0.04385, ""n"": 25, ""pooled_depth"": 87.0, ""callable"": true}, ""Dopaminergic"": {""vaf"": 0.0462, ""n"": 157, ""pooled_depth"": 739.0, ""callable"": true}, ""Microglia"": {""vaf"": 0.04686, ""n"": 142, ""pooled_depth"": 383.0, ""callable"": true}, ""Neuron"": {""vaf"": 0.02988, ""n"": 90, ""pooled_depth"": 430.0, ""callable"": true}, ""OPC"": {""vaf"": 0.04184, ""n"": 59, ""pooled_depth"": 129.0, ""callable"": true}, ""Oligodendrocyte"": {""vaf"": 0.05358, ""n"": 180, ""pooled_depth"": 504.0, ""callable"": true}, ""Vascular"": {""vaf"": 0.0406, ""n"": 72, ""pooled_depth"": 2851.0, ""callable"": true}}"	SN2960	T	A	MT-ND1	coding	False
3590	7	3.606302306055502e-05	4.628643495433534e-05	0.13333333333333333	False	1.0	False	OPC	False	False	False	False	False	"{""Astrocyte"": {""vaf"": 0.02421, ""n"": 24, ""pooled_depth"": 80.0, ""callable"": false}, ""Dopaminergic"": {""vaf"": 0.02397, ""n"": 153, ""pooled_depth"": 667.0, ""callable"": true}, ""Microglia"": {""vaf"": 0.02889, ""n"": 140, ""pooled_depth"": 345.0, ""callable"": true}, ""Neuron"": {""vaf"": 0.01352, ""n"": 83, ""pooled_depth"": 381.0, ""callable"": false}, ""OPC"": {""vaf"": 0.03024, ""n"": 62, ""pooled_depth"": 122.0, ""callable"": true}, ""Oligodendrocyte"": {""vaf"": 0.01904, ""n"": 173, ""pooled_depth"": 473.0, ""callable"": true}, ""Vascular"": {""vaf"": 0.02089, ""n"": 75, ""pooled_depth"": 2662.0, ""callable"": true}}"	SN2960	T	A	MT-ND1	coding	False
3599	7	1.0111289307573907e-05	2.730954683922681e-05	0.61	False	1.0	False	Astrocyte	False	False	False	False	False	"{""Astrocyte"": {""vaf"": 0.0195, ""n"": 27, ""pooled_depth"": 95.0, ""callable"": true}, ""Dopaminergic"": {""vaf"": 0.01063, ""n"": 160, ""pooled_depth"": 734.0, ""callable"": true}, ""Microglia"": {""vaf"": 0.01497, ""n"": 150, ""pooled_depth"": 391.0, ""callable"": true}, ""Neuron"": {""vaf"": 0.01106, ""n"": 90, ""pooled_depth"": 426.0, ""callable"": false}, ""OPC"": {""vaf"": 0.01417, ""n"": 64, ""pooled_depth"": 143.0, ""callable"": false}, ""Oligodendrocyte"": {""vaf"": 0.01111, ""n"": 178, ""pooled_depth"": 513.0, ""callable"": true}, ""Vascular"": {""vaf"": 0.01071, ""n"": 75, ""pooled_depth"": 2968.0, ""callable"": true}}"	SN2960	T	A	MT-ND1	coding	False
3653	7	6.6586717101624384e-06	1.1035337722931696e-05	0.32666666666666666	False	1.0	False	Dopaminergic	False	False	False	False	False	"{""Astrocyte"": {""vaf"": 0.00377, ""n"": 26, ""pooled_depth"": 73.0, ""callable"": false}, ""Dopaminergic"": {""vaf"": 0.00841, ""n"": 152, ""pooled_depth"": 699.0, ""callable"": true}, ""Microglia"": {""vaf"": 0.00218, ""n"": 141, ""pooled_depth"": 345.0, ""callable"": false}, ""Neuron"": {""vaf"": 0.00334, ""n"": 90, ""pooled_depth"": 421.0, ""callable"": false}, ""OPC"": {""vaf"": 0.00558, ""n"": 54, ""pooled_depth"": 131.0, ""callable"": false}, ""Oligodendrocyte"": {""vaf"": 0.00607, ""n"": 159, ""pooled_depth"": 426.0, ""callable"": false}, ""Vascular"": {""vaf"": 0.00564, ""n"": 75, ""pooled_depth"": 2786.0, ""callable"": false}}"	SN2960	T	G	MT-ND1	coding	False
3943	7	1.4293000036779828e-05	1.8518476711830294e-05	0.12666666666666668	False	1.0	False	Dopaminergic	False	False	False	False	False	"{""Astrocyte"": {""vaf"": 0.00379, ""n"": 21, ""pooled_depth"": 66.0, ""callable"": false}, ""Dopaminergic"": {""vaf"": 0.01291, ""n"": 147, ""pooled_depth"": 674.0, ""callable"": true}, ""Microglia"": {""vaf"": 0.00362, ""n"": 136, ""pooled_depth"": 354.0, ""callable"": false}, ""Neuron"": {""vaf"": 0.00682, ""n"": 87, ""pooled_depth"": 401.0, ""callable"": false}, ""OPC"": {""vaf"": 0.00318, ""n"": 59, ""pooled_depth"": 112.0, ""callable"": false}, ""Oligodendrocyte"": {""vaf"": 0.00316, ""n"": 161, ""pooled_depth"": 429.0, ""callable"": false}, ""Vascular"": {""vaf"": 0.00915, ""n"": 69, ""pooled_depth"": 2880.0, ""callable"": true}}"	SN2960	A	C	MT-ND1	coding	False
4142	7	1.0229934330784763e-05	2.4613143374325375e-05	0.5133333333333333	False	1.0	False	OPC	False	False	False	False	False	"{""Astrocyte"": {""vaf"": 0.00719, ""n"": 23, ""pooled_depth"": 52.0, ""callable"": false}, ""Dopaminergic"": {""vaf"": 0.00854, ""n"": 130, ""pooled_depth"": 485.0, ""callable"": false}, ""Microglia"": {""vaf"": 0.00842, ""n"": 119, ""pooled_depth"": 257.0, ""callable"": false}, ""Neuron"": {""vaf"": 0.0078, ""n"": 78, ""pooled_depth"": 291.0, ""callable"": false}, ""OPC"": {""vaf"": 0.01404, ""n"": 46, ""pooled_depth"": 85.0, ""callable"": false}, ""Oligodendrocyte"": {""vaf"": 0.01166, ""n"": 139, ""pooled_depth"": 309.0, ""callable"": true}, ""Vascular"": {""vaf"": 0.0064, ""n"": 67, ""pooled_depth"": 2269.0, ""callable"": false}}"	SN2960	G	T	MT-ND1	coding	False
4325	7	4.377286209943328e-05	0.0007219926372238798	1.0	False	1.0	False	Vascular	False	False	False	False	False	"{""Astrocyte"": {""vaf"": 0.00198, ""n"": 23, ""pooled_depth"": 54.0, ""callable"": false}, ""Dopaminergic"": {""vaf"": 0.0019, ""n"": 134, ""pooled_depth"": 586.0, ""callable"": false}, ""Microglia"": {""vaf"": 0.00426, ""n"": 106, ""pooled_depth"": 207.0, ""callable"": false}, ""Neuron"": {""vaf"": 0.00064, ""n"": 78, ""pooled_depth"": 376.0, ""callable"": false}, ""OPC"": {""vaf"": 0.00165, ""n"": 47, ""pooled_depth"": 85.0, ""callable"": false}, ""Oligodendrocyte"": {""vaf"": 0.00078, ""n"": 135, ""pooled_depth"": 293.0, ""callable"": false}, ""Vascular"": {""vaf"": 0.01452, ""n"": 74, ""pooled_depth"": 2883.0, ""callable"": true}}"	SN2960	A	G	tRNA/intergenic	tRNA	True
4519	7	7.791010846980178e-06	2.46670446615321e-05	0.56	False	1.0	False	OPC	False	False	False	False	False	"{""Astrocyte"": {""vaf"": 0.00585, ""n"": 16, ""pooled_depth"": 32.0, ""callable"": false}, ""Dopaminergic"": {""vaf"": 0.00894, ""n"": 124, ""pooled_depth"": 417.0, ""callable"": false}, ""Microglia"": {""vaf"": 0.00322, ""n"": 103, ""pooled_depth"": 179.0, ""callable"": false}, ""Neuron"": {""vaf"": 0.00818, ""n"": 71, ""pooled_depth"": 225.0, ""callable"": false}, ""OPC"": {""vaf"": 0.01036, ""n"": 32, ""pooled_depth"": 50.0, ""callable"": false}, ""Oligodendrocyte"": {""vaf"": 0.00558, ""n"": 112, ""pooled_depth"": 220.0, ""callable"": false}, ""Vascular"": {""vaf"": 0.00675, ""n"": 68, ""pooled_depth"": 1934.0, ""callable"": false}}"	SN2960	C	G	MT-ND2	coding	False
4572	7	6.641751862605759e-06	1.7252229306412627e-05	0.5833333333333334	False	1.0	False	Dopaminergic	False	False	False	False	False	"{""Astrocyte"": {""vaf"": 0.00254, ""n"": 13, ""pooled_depth"": 34.0, ""callable"": false}, ""Dopaminergic"": {""vaf"": 0.00711, ""n"": 107, ""pooled_depth"": 312.0, ""callable"": false}, ""Microglia"": {""vaf"": 0.00187, ""n"": 69, ""pooled_depth"": 113.0, ""callable"": false}, ""Neuron"": {""vaf"": 0.0043, ""n"": 56, ""pooled_depth"": 175.0, ""callable"": false}, ""OPC"": {""vaf"": 0.00254, ""n"": 22, ""pooled_depth"": 34.0, ""callable"": false}, ""Oligodendrocyte"": {""vaf"": 0.00151, ""n"": 99, ""pooled_depth"": 187.0, ""callable"": false}, ""Vascular"": {""vaf"": 0.00533, ""n"": 63, ""pooled_depth"": 1604.0, ""callable"": false}}"	SN2960	A	C	MT-ND2	coding	False
5316	7	1.9024648243017122e-05	0.0002547794124844375	1.0	False	1.0	False	Vascular	False	False	False	False	False	"{""Astrocyte"": {""vaf"": 0.00078, ""n"": 25, ""pooled_depth"": 72.0, ""callable"": false}, ""Dopaminergic"": {""vaf"": 0.00016, ""n"": 147, ""pooled_depth"": 761.0, ""callable"": false}, ""Microglia"": {""vaf"": 0.00033, ""n"": 140, ""pooled_depth"": 315.0, ""callable"": false}, ""Neuron"": {""vaf"": 0.00029, ""n"": 83, ""pooled_depth"": 380.0, ""callable"": false}, ""OPC"": {""vaf"": 0.00072, ""n"": 43, ""pooled_depth"": 88.0, ""callable"": false}, ""Oligodendrocyte"": {""vaf"": 0.00025, ""n"": 155, ""pooled_depth"": 455.0, ""callable"": false}, ""Vascular"": {""vaf"": 0.00877, ""n"": 72, ""pooled_depth"": 3442.0, ""callable"": true}}"	SN2960	G	A	MT-ND2	coding	False
6069	7	1.3417500132646344e-05	2.374475570267507e-05	0.20666666666666667	False	1.0	False	Oligodendrocyte	False	False	False	False	False	"{""Astrocyte"": {""vaf"": 0.01068, ""n"": 23, ""pooled_depth"": 52.0, ""callable"": false}, ""Dopaminergic"": {""vaf"": 0.00463, ""n"": 145, ""pooled_depth"": 513.0, ""callable"": false}, ""Microglia"": {""vaf"": 0.00248, ""n"": 135, ""pooled_depth"": 271.0, ""callable"": false}, ""Neuron"": {""vaf"": 0.00723, ""n"": 82, ""pooled_depth"": 280.0, ""callable"": false}, ""OPC"": {""vaf"": 0.0045, ""n"": 46, ""pooled_depth"": 88.0, ""callable"": false}, ""Oligodendrocyte"": {""vaf"": 0.01286, ""n"": 138, ""pooled_depth"": 331.0, ""callable"": true}, ""Vascular"": {""vaf"": 0.00652, ""n"": 72, ""pooled_depth"": 2318.0, ""callable"": false}}"	SN2960	G	T	MT-CO1	coding	False
6090	7	1.0036299787524854e-05	2.6176370303140468e-05	0.34	False	1.0	False	Vascular	False	False	False	False	False	"{""Astrocyte"": {""vaf"": 0.0025, ""n"": 15, ""pooled_depth"": 39.0, ""callable"": false}, ""Dopaminergic"": {""vaf"": 0.00446, ""n"": 127, ""pooled_depth"": 383.0, ""callable"": false}, ""Microglia"": {""vaf"": 0.00146, ""n"": 114, ""pooled_depth"": 209.0, ""callable"": false}, ""Neuron"": {""vaf"": 0.00137, ""n"": 79, ""pooled_depth"": 238.0, ""callable"": false}, ""OPC"": {""vaf"": 0.00228, ""n"": 39, ""pooled_depth"": 63.0, ""callable"": false}, ""Oligodendrocyte"": {""vaf"": 0.00547, ""n"": 127, ""pooled_depth"": 275.0, ""callable"": false}, ""Vascular"": {""vaf"": 0.00792, ""n"": 66, ""pooled_depth"": 1895.0, ""callable"": true}}"	SN2960	T	C	MT-CO1	coding	False
6246	7	6.8318436061696035e-06	9.879735389100367e-06	0.21	False	1.0	False	Dopaminergic	False	False	False	False	False	"{""Astrocyte"": {""vaf"": 0.00306, ""n"": 27, ""pooled_depth"": 83.0, ""callable"": false}, ""Dopaminergic"": {""vaf"": 0.00846, ""n"": 151, ""pooled_depth"": 705.0, ""callable"": true}, ""Microglia"": {""vaf"": 0.0031, ""n"": 168, ""pooled_depth"": 401.0, ""callable"": false}, ""Neuron"": {""vaf"": 0.00752, ""n"": 87, ""pooled_depth"": 424.0, ""callable"": false}, ""OPC"": {""vaf"": 0.00273, ""n"": 56, ""pooled_depth"": 122.0, ""callable"": false}, ""Oligodendrocyte"": {""vaf"": 0.00289, ""n"": 156, ""pooled_depth"": 449.0, ""callable"": false}, ""Vascular"": {""vaf"": 0.00474, ""n"": 75, ""pooled_depth"": 3133.0, ""callable"": false}}"	SN2960	T	G	MT-CO1	coding	False
6342	7	1.1372115776169949e-05	1.9607656507639874e-05	0.25666666666666665	False	1.0	False	Astrocyte	False	False	False	False	False	"{""Astrocyte"": {""vaf"": 0.0169, ""n"": 29, ""pooled_depth"": 71.0, ""callable"": false}, ""Dopaminergic"": {""vaf"": 0.00827, ""n"": 139, ""pooled_depth"": 601.0, ""callable"": false}, ""Microglia"": {""vaf"": 0.00653, ""n"": 146, ""pooled_depth"": 325.0, ""callable"": false}, ""Neuron"": {""vaf"": 0.00624, ""n"": 83, ""pooled_depth"": 344.0, ""callable"": false}, ""OPC"": {""vaf"": 0.00358, ""n"": 51, ""pooled_depth"": 107.0, ""callable"": false}, ""Oligodendrocyte"": {""vaf"": 0.00323, ""n"": 162, ""pooled_depth"": 438.0, ""callable"": false}, ""Vascular"": {""vaf"": 0.00467, ""n"": 71, ""pooled_depth"": 2631.0, ""callable"": false}}"	SN2960	A	C	MT-CO1	coding	False
6462	7	2.8785582754326826e-05	0.00029383407878859715	1.0	False	1.0	False	Vascular	False	False	False	False	False	"{""Astrocyte"": {""vaf"": 0.00112, ""n"": 24, ""pooled_depth"": 78.0, ""callable"": false}, ""Dopaminergic"": {""vaf"": 0.00024, ""n"": 152, ""pooled_depth"": 770.0, ""callable"": false}, ""Microglia"": {""vaf"": 0.00041, ""n"": 154, ""pooled_depth"": 407.0, ""callable"": false}, ""Neuron"": {""vaf"": 0.00219, ""n"": 87, ""pooled_depth"": 444.0, ""callable"": false}, ""OPC"": {""vaf"": 0.00088, ""n"": 50, ""pooled_depth"": 128.0, ""callable"": false}, ""Oligodendrocyte"": {""vaf"": 0.00035, ""n"": 166, ""pooled_depth"": 492.0, ""callable"": false}, ""Vascular"": {""vaf"": 0.01087, ""n"": 77, ""pooled_depth"": 3037.0, ""callable"": true}}"	SN2960	T	C	MT-CO1	coding	False
6464	7	7.641369887493292e-06	1.52575803954191e-05	0.2866666666666667	False	1.0	False	Microglia	False	False	False	False	False	"{""Astrocyte"": {""vaf"": 0.00868, ""n"": 23, ""pooled_depth"": 73.0, ""callable"": false}, ""Dopaminergic"": {""vaf"": 0.00513, ""n"": 150, ""pooled_depth"": 733.0, ""callable"": false}, ""Microglia"": {""vaf"": 0.01016, ""n"": 154, ""pooled_depth"": 410.0, ""callable"": true}, ""Neuron"": {""vaf"": 0.00866, ""n"": 87, ""pooled_depth"": 420.0, ""callable"": false}, ""OPC"": {""vaf"": 0.00543, ""n"": 48, ""pooled_depth"": 123.0, ""callable"": false}, ""Oligodendrocyte"": {""vaf"": 0.00805, ""n"": 166, ""pooled_depth"": 476.0, ""callable"": false}, ""Vascular"": {""vaf"": 0.00506, ""n"": 76, ""pooled_depth"": 2925.0, ""callable"": false}}"	SN2960	C	G	MT-CO1	coding	False
6474	7	9.470077312688507e-06	1.9731376675110473e-05	0.44333333333333336	False	1.0	False	Neuron	False	False	False	False	False	"{""Astrocyte"": {""vaf"": 0.00909, ""n"": 24, ""pooled_depth"": 80.0, ""callable"": false}, ""Dopaminergic"": {""vaf"": 0.0096, ""n"": 154, ""pooled_depth"": 787.0, ""callable"": true}, ""Microglia"": {""vaf"": 0.00757, ""n"": 161, ""pooled_depth"": 429.0, ""callable"": false}, ""Neuron"": {""vaf"": 0.01188, ""n"": 88, ""pooled_depth"": 402.0, ""callable"": true}, ""OPC"": {""vaf"": 0.0061, ""n"": 50, ""pooled_depth"": 122.0, ""callable"": false}, ""Oligodendrocyte"": {""vaf"": 0.00819, ""n"": 166, ""pooled_depth"": 493.0, ""callable"": false}, ""Vascular"": {""vaf"": 0.00564, ""n"": 76, ""pooled_depth"": 2997.0, ""callable"": false}}"	SN2960	A	C	MT-CO1	coding	False
6513	7	5.847047535988121e-06	1.638027621030347e-05	0.5433333333333333	False	1.0	False	Microglia	False	False	False	False	False	"{""Astrocyte"": {""vaf"": 0.00897, ""n"": 26, ""pooled_depth"": 79.0, ""callable"": false}, ""Dopaminergic"": {""vaf"": 0.00824, ""n"": 156, ""pooled_depth"": 731.0, ""callable"": false}, ""Microglia"": {""vaf"": 0.00981, ""n"": 142, ""pooled_depth"": 341.0, ""callable"": true}, ""Neuron"": {""vaf"": 0.00941, ""n"": 85, ""pooled_depth"": 374.0, ""callable"": true}, ""OPC"": {""vaf"": 0.00663, ""n"": 54, ""pooled_depth"": 109.0, ""callable"": false}, ""Oligodendrocyte"": {""vaf"": 0.00875, ""n"": 161, ""pooled_depth"": 435.0, ""callable"": false}, ""Vascular"": {""vaf"": 0.00592, ""n"": 73, ""pooled_depth"": 3047.0, ""callable"": false}}"	SN2960	G	C	MT-CO1	coding	False
6544	7	8.966850374737837e-06	1.0304013074900039e-05	0.09666666666666666	False	1.0	False	Dopaminergic	False	False	False	False	False	"{""Astrocyte"": {""vaf"": 0.00776, ""n"": 24, ""pooled_depth"": 78.0, ""callable"": false}, ""Dopaminergic"": {""vaf"": 0.00992, ""n"": 162, ""pooled_depth"": 720.0, ""callable"": true}, ""Microglia"": {""vaf"": 0.00228, ""n"": 138, ""pooled_depth"": 345.0, ""callable"": false}, ""Neuron"": {""vaf"": 0.00702, ""n"": 81, ""pooled_depth"": 394.0, ""callable"": false}, ""OPC"": {""vaf"": 0.00394, ""n"": 50, ""pooled_depth"": 109.0, ""callable"": false}, ""Oligodendrocyte"": {""vaf"": 0.00352, ""n"": 168, ""pooled_depth"": 431.0, ""callable"": false}, ""Vascular"": {""vaf"": 0.00754, ""n"": 69, ""pooled_depth"": 3270.0, ""callable"": false}}"	SN2960	A	G	MT-CO1	coding	False
6837	7	1.5121187330806786e-05	3.128663306851967e-05	0.22666666666666666	False	1.0	False	Microglia	False	False	False	False	False	"{""Astrocyte"": {""vaf"": 0.00391, ""n"": 16, ""pooled_depth"": 43.0, ""callable"": false}, ""Dopaminergic"": {""vaf"": 0.00604, ""n"": 111, ""pooled_depth"": 317.0, ""callable"": false}, ""Microglia"": {""vaf"": 0.01279, ""n"": 88, ""pooled_depth"": 165.0, ""callable"": true}, ""Neuron"": {""vaf"": 0.00757, ""n"": 76, ""pooled_depth"": 229.0, ""callable"": false}, ""OPC"": {""vaf"": 0.00396, ""n"": 30, ""pooled_depth"": 41.0, ""callable"": false}, ""Oligodendrocyte"": {""vaf"": 0.00186, ""n"": 127, ""pooled_depth"": 222.0, ""callable"": false}, ""Vascular"": {""vaf"": 0.0041, ""n"": 64, ""pooled_depth"": 1742.0, ""callable"": false}}"	SN2960	A	C	MT-CO1	coding	False
7832	7	2.820077174224592e-06	1.2347618112262033e-05	0.8233333333333334	False	1.0	False	Dopaminergic	False	False	False	False	False	"{""Astrocyte"": {""vaf"": 0.00357, ""n"": 23, ""pooled_depth"": 69.0, ""callable"": false}, ""Dopaminergic"": {""vaf"": 0.00642, ""n"": 144, ""pooled_depth"": 653.0, ""callable"": false}, ""Microglia"": {""vaf"": 0.0049, ""n"": 145, ""pooled_depth"": 358.0, ""callable"": false}, ""Neuron"": {""vaf"": 0.00601, ""n"": 82, ""pooled_depth"": 390.0, ""callable"": false}, ""OPC"": {""vaf"": 0.00335, ""n"": 47, ""pooled_depth"": 98.0, ""callable"": false}, ""Oligodendrocyte"": {""vaf"": 0.00332, ""n"": 152, ""pooled_depth"": 403.0, ""callable"": false}, ""Vascular"": {""vaf"": 0.00602, ""n"": 70, ""pooled_depth"": 3045.0, ""callable"": false}}"	SN2960	A	C	MT-CO2	coding	False
7953	7	2.109833396694115e-05	2.3180593882194966e-05	0.09333333333333334	False	1.0	False	Neuron	False	False	False	False	False	"{""Astrocyte"": {""vaf"": 0.0074, ""n"": 19, ""pooled_depth"": 56.0, ""callable"": false}, ""Dopaminergic"": {""vaf"": 0.00983, ""n"": 132, ""pooled_depth"": 510.0, ""callable"": true}, ""Microglia"": {""vaf"": 0.01078, ""n"": 126, ""pooled_depth"": 265.0, ""callable"": true}, ""Neuron"": {""vaf"": 0.01856, ""n"": 73, ""pooled_depth"": 300.0, ""callable"": true}, ""OPC"": {""vaf"": 0.01121, ""n"": 41, ""pooled_depth"": 70.0, ""callable"": false}, ""Oligodendrocyte"": {""vaf"": 0.00511, ""n"": 145, ""pooled_depth"": 351.0, ""callable"": false}, ""Vascular"": {""vaf"": 0.0079, ""n"": 72, ""pooled_depth"": 2574.0, ""callable"": false}}"	SN2960	T	C	MT-CO2	coding	False
8077	7	4.8944507576983705e-06	9.887572699899287e-06	0.39	False	1.0	False	Dopaminergic	False	False	False	False	False	"{""Astrocyte"": {""vaf"": 0.00289, ""n"": 21, ""pooled_depth"": 47.0, ""callable"": false}, ""Dopaminergic"": {""vaf"": 0.00672, ""n"": 149, ""pooled_depth"": 618.0, ""callable"": false}, ""Microglia"": {""vaf"": 0.00548, ""n"": 120, ""pooled_depth"": 268.0, ""callable"": false}, ""Neuron"": {""vaf"": 0.00145, ""n"": 84, ""pooled_depth"": 347.0, ""callable"": false}, ""OPC"": {""vaf"": 0.00254, ""n"": 47, ""pooled_depth"": 89.0, ""callable"": false}, ""Oligodendrocyte"": {""vaf"": 0.00293, ""n"": 140, ""pooled_depth"": 383.0, ""callable"": false}, ""Vascular"": {""vaf"": 0.00557, ""n"": 69, ""pooled_depth"": 2952.0, ""callable"": false}}"	SN2960	T	G	MT-CO2	coding	False
8117	7	1.8156571461963522e-06	9.634804095953805e-06	0.9333333333333333	False	1.0	False	Vascular	False	False	False	False	False	"{""Astrocyte"": {""vaf"": 0.00343, ""n"": 15, ""pooled_depth"": 54.0, ""callable"": false}, ""Dopaminergic"": {""vaf"": 0.00422, ""n"": 149, ""pooled_depth"": 670.0, ""callable"": false}, ""Microglia"": {""vaf"": 0.00377, ""n"": 125, ""pooled_depth"": 274.0, ""callable"": false}, ""Neuron"": {""vaf"": 0.00552, ""n"": 82, ""pooled_depth"": 404.0, ""callable"": false}, ""OPC"": {""vaf"": 0.00315, ""n"": 55, ""pooled_depth"": 101.0, ""callable"": false}, ""Oligodendrocyte"": {""vaf"": 0.00443, ""n"": 149, ""pooled_depth"": 390.0, ""callable"": false}, ""Vascular"": {""vaf"": 0.0059, ""n"": 74, ""pooled_depth"": 3229.0, ""callable"": false}}"	SN2960	C	G	MT-CO2	coding	False
8383	7	2.1868439004726873e-05	7.089322170437598e-05	0.6266666666666667	False	1.0	False	Dopaminergic	False	False	False	False	False	"{""Astrocyte"": {""vaf"": 0.00322, ""n"": 19, ""pooled_depth"": 53.0, ""callable"": false}, ""Dopaminergic"": {""vaf"": 0.01349, ""n"": 148, ""pooled_depth"": 603.0, ""callable"": true}, ""Microglia"": {""vaf"": 0.00117, ""n"": 132, ""pooled_depth"": 321.0, ""callable"": false}, ""Neuron"": {""vaf"": 0.01256, ""n"": 85, ""pooled_depth"": 416.0, ""callable"": true}, ""OPC"": {""vaf"": 0.00251, ""n"": 45, ""pooled_depth"": 96.0, ""callable"": false}, ""Oligodendrocyte"": {""vaf"": 0.00107, ""n"": 145, ""pooled_depth"": 363.0, ""callable"": false}, ""Vascular"": {""vaf"": 0.00497, ""n"": 71, ""pooled_depth"": 3218.0, ""callable"": false}}"	SN2960	T	C	MT-ATP8	coding	False
8749	7	1.4864015840565854e-05	1.6641340675453998e-05	0.09666666666666666	False	1.0	False	Vascular	False	False	False	False	False	"{""Astrocyte"": {""vaf"": 0.00188, ""n"": 19, ""pooled_depth"": 39.0, ""callable"": false}, ""Dopaminergic"": {""vaf"": 0.00631, ""n"": 113, ""pooled_depth"": 388.0, ""callable"": false}, ""Microglia"": {""vaf"": 0.00097, ""n"": 107, ""pooled_depth"": 206.0, ""callable"": false}, ""Neuron"": {""vaf"": 0.00082, ""n"": 71, ""pooled_depth"": 271.0, ""callable"": false}, ""OPC"": {""vaf"": 0.00174, ""n"": 36, ""pooled_depth"": 53.0, ""callable"": false}, ""Oligodendrocyte"": {""vaf"": 0.00076, ""n"": 127, ""pooled_depth"": 301.0, ""callable"": false}, ""Vascular"": {""vaf"": 0.00864, ""n"": 69, ""pooled_depth"": 2212.0, ""callable"": true}}"	SN2960	T	C	MT-ATP6	coding	False
8860	7	7.27849325134393e-05	0.00029612086813590315	0.5866666666666667	False	1.0	False	Neuron	False	False	False	False	False	"{""Astrocyte"": {""vaf"": 0.00529, ""n"": 6, ""pooled_depth"": 7.0, ""callable"": false}, ""Dopaminergic"": {""vaf"": 0.00314, ""n"": 38, ""pooled_depth"": 43.0, ""callable"": false}, ""Microglia"": {""vaf"": 0.00354, ""n"": 27, ""pooled_depth"": 33.0, ""callable"": false}, ""Neuron"": {""vaf"": 0.01606, ""n"": 22, ""pooled_depth"": 34.0, ""callable"": false}, ""OPC"": {""vaf"": 0.00492, ""n"": 11, ""pooled_depth"": 11.0, ""callable"": false}, ""Oligodendrocyte"": {""vaf"": 0.00337, ""n"": 33, ""pooled_depth"": 37.0, ""callable"": false}, ""Vascular"": {""vaf"": 0.01212, ""n"": 39, ""pooled_depth"": 225.0, ""callable"": true}}"	SN2960	G	A	MT-ATP6	coding	False
8885	7	2.4658708901953266e-05	4.957250434654765e-05	0.44333333333333336	False	1.0	False	Vascular	False	False	False	False	False	"{""Astrocyte"": {""vaf"": 0.00314, ""n"": 14, ""pooled_depth"": 30.0, ""callable"": false}, ""Dopaminergic"": {""vaf"": 0.00463, ""n"": 81, ""pooled_depth"": 191.0, ""callable"": false}, ""Microglia"": {""vaf"": 0.00219, ""n"": 65, ""pooled_depth"": 104.0, ""callable"": false}, ""Neuron"": {""vaf"": 0.00615, ""n"": 48, ""pooled_depth"": 109.0, ""callable"": false}, ""OPC"": {""vaf"": 0.00304, ""n"": 29, ""pooled_depth"": 36.0, ""callable"": false}, ""Oligodendrocyte"": {""vaf"": 0.00191, ""n"": 87, ""pooled_depth"": 140.0, ""callable"": false}, ""Vascular"": {""vaf"": 0.01111, ""n"": 55, ""pooled_depth"": 897.0, ""callable"": true}}"	SN2960	A	G	MT-ATP6	coding	False
9076	7	9.642539724850008e-06	1.3674757024761066e-05	0.14666666666666667	False	1.0	False	Dopaminergic	False	False	False	False	False	"{""Astrocyte"": {""vaf"": 0.00359, ""n"": 23, ""pooled_depth"": 74.0, ""callable"": false}, ""Dopaminergic"": {""vaf"": 0.01092, ""n"": 139, ""pooled_depth"": 624.0, ""callable"": true}, ""Microglia"": {""vaf"": 0.00375, ""n"": 140, ""pooled_depth"": 330.0, ""callable"": false}, ""Neuron"": {""vaf"": 0.00329, ""n"": 84, ""pooled_depth"": 404.0, ""callable"": false}, ""OPC"": {""vaf"": 0.00322, ""n"": 54, ""pooled_depth"": 106.0, ""callable"": false}, ""Oligodendrocyte"": {""vaf"": 0.00832, ""n"": 157, ""pooled_depth"": 400.0, ""callable"": true}, ""Vascular"": {""vaf"": 0.00615, ""n"": 70, ""pooled_depth"": 3052.0, ""callable"": false}}"	SN2960	A	C	MT-ATP6	coding	False
9779	7	1.728916369263603e-06	1.3414803149852614e-05	0.9366666666666666	False	1.0	False	Dopaminergic	False	False	False	False	False	"{""Astrocyte"": {""vaf"": 0.00463, ""n"": 26, ""pooled_depth"": 72.0, ""callable"": false}, ""Dopaminergic"": {""vaf"": 0.0066, ""n"": 145, ""pooled_depth"": 621.0, ""callable"": false}, ""Microglia"": {""vaf"": 0.00553, ""n"": 136, ""pooled_depth"": 319.0, ""callable"": false}, ""Neuron"": {""vaf"": 0.00484, ""n"": 85, ""pooled_depth"": 455.0, ""callable"": false}, ""OPC"": {""vaf"": 0.00569, ""n"": 59, ""pooled_depth"": 118.0, ""callable"": false}, ""Oligodendrocyte"": {""vaf"": 0.00473, ""n"": 170, ""pooled_depth"": 481.0, ""callable"": false}, ""Vascular"": {""vaf"": 0.00484, ""n"": 71, ""pooled_depth"": 3762.0, ""callable"": false}}"	SN2960	C	G	MT-CO3	coding	False
11243	7	1.8723030115309362e-05	1.87965814424025e-05	0.05333333333333334	False	1.0	False	Astrocyte	False	False	False	False	False	"{""Astrocyte"": {""vaf"": 0.01503, ""n"": 24, ""pooled_depth"": 79.0, ""callable"": false}, ""Dopaminergic"": {""vaf"": 0.01464, ""n"": 142, ""pooled_depth"": 564.0, ""callable"": true}, ""Microglia"": {""vaf"": 0.00914, ""n"": 138, ""pooled_depth"": 351.0, ""callable"": false}, ""Neuron"": {""vaf"": 0.00807, ""n"": 86, ""pooled_depth"": 421.0, ""callable"": false}, ""OPC"": {""vaf"": 0.0081, ""n"": 60, ""pooled_depth"": 172.0, ""callable"": false}, ""Oligodendrocyte"": {""vaf"": 0.00682, ""n"": 181, ""pooled_depth"": 530.0, ""callable"": false}, ""Vascular"": {""vaf"": 0.00437, ""n"": 74, ""pooled_depth"": 3216.0, ""callable"": false}}"	SN2960	A	C	MT-ND4	coding	False
12234	7	1.0242043493333165e-05	1.27648803588054e-05	0.11333333333333333	False	1.0	False	Neuron	False	False	False	False	False	"{""Astrocyte"": {""vaf"": 0.00426, ""n"": 24, ""pooled_depth"": 57.0, ""callable"": false}, ""Dopaminergic"": {""vaf"": 0.00582, ""n"": 134, ""pooled_depth"": 513.0, ""callable"": false}, ""Microglia"": {""vaf"": 0.00396, ""n"": 137, ""pooled_depth"": 327.0, ""callable"": false}, ""Neuron"": {""vaf"": 0.01349, ""n"": 78, ""pooled_depth"": 350.0, ""callable"": true}, ""OPC"": {""vaf"": 0.00364, ""n"": 53, ""pooled_depth"": 95.0, ""callable"": false}, ""Oligodendrocyte"": {""vaf"": 0.00683, ""n"": 162, ""pooled_depth"": 413.0, ""callable"": false}, ""Vascular"": {""vaf"": 0.00681, ""n"": 73, ""pooled_depth"": 3056.0, ""callable"": false}}"	SN2960	A	T	tRNA/intergenic	tRNA	True
12351	7	3.688868107495753e-06	1.2308975513146105e-05	0.69	False	1.0	False	Dopaminergic	False	False	False	False	False	"{""Astrocyte"": {""vaf"": 0.00748, ""n"": 25, ""pooled_depth"": 89.0, ""callable"": false}, ""Dopaminergic"": {""vaf"": 0.00904, ""n"": 139, ""pooled_depth"": 546.0, ""callable"": true}, ""Microglia"": {""vaf"": 0.00699, ""n"": 148, ""pooled_depth"": 414.0, ""callable"": false}, ""Neuron"": {""vaf"": 0.0066, ""n"": 87, ""pooled_depth"": 465.0, ""callable"": false}, ""OPC"": {""vaf"": 0.00543, ""n"": 54, ""pooled_depth"": 114.0, ""callable"": false}, ""Oligodendrocyte"": {""vaf"": 0.00612, ""n"": 176, ""pooled_depth"": 538.0, ""callable"": false}, ""Vascular"": {""vaf"": 0.00592, ""n"": 73, ""pooled_depth"": 3273.0, ""callable"": false}}"	SN2960	T	G	MT-ND5	coding	False
12835	7	1.9577290608912107e-05	0.00037399070770775556	1.0	False	1.0	False	Vascular	False	False	False	False	False	"{""Astrocyte"": {""vaf"": 0.00147, ""n"": 25, ""pooled_depth"": 64.0, ""callable"": false}, ""Dopaminergic"": {""vaf"": 0.00195, ""n"": 143, ""pooled_depth"": 524.0, ""callable"": false}, ""Microglia"": {""vaf"": 0.00072, ""n"": 134, ""pooled_depth"": 283.0, ""callable"": false}, ""Neuron"": {""vaf"": 0.00243, ""n"": 82, ""pooled_depth"": 392.0, ""callable"": false}, ""OPC"": {""vaf"": 0.00143, ""n"": 46, ""pooled_depth"": 70.0, ""callable"": false}, ""Oligodendrocyte"": {""vaf"": 0.00054, ""n"": 161, ""pooled_depth"": 431.0, ""callable"": false}, ""Vascular"": {""vaf"": 0.00997, ""n"": 73, ""pooled_depth"": 3296.0, ""callable"": true}}"	SN2960	G	A	MT-ND5	coding	False
12849	7	5.16772133342904e-06	1.0590096081770588e-05	0.29333333333333333	False	1.0	False	Neuron	False	False	False	False	False	"{""Astrocyte"": {""vaf"": 0.00326, ""n"": 25, ""pooled_depth"": 62.0, ""callable"": false}, ""Dopaminergic"": {""vaf"": 0.00547, ""n"": 137, ""pooled_depth"": 494.0, ""callable"": false}, ""Microglia"": {""vaf"": 0.00186, ""n"": 136, ""pooled_depth"": 278.0, ""callable"": false}, ""Neuron"": {""vaf"": 0.00835, ""n"": 86, ""pooled_depth"": 366.0, ""callable"": true}, ""OPC"": {""vaf"": 0.00308, ""n"": 48, ""pooled_depth"": 79.0, ""callable"": false}, ""Oligodendrocyte"": {""vaf"": 0.00597, ""n"": 155, ""pooled_depth"": 434.0, ""callable"": false}, ""Vascular"": {""vaf"": 0.00514, ""n"": 74, ""pooled_depth"": 3073.0, ""callable"": false}}"	SN2960	A	G	MT-ND5	coding	False
13171	7	3.3054977675723114e-06	1.3278312679785806e-05	0.78	False	1.0	False	Oligodendrocyte	False	False	False	False	False	"{""Astrocyte"": {""vaf"": 0.00559, ""n"": 21, ""pooled_depth"": 62.0, ""callable"": false}, ""Dopaminergic"": {""vaf"": 0.00666, ""n"": 144, ""pooled_depth"": 567.0, ""callable"": false}, ""Microglia"": {""vaf"": 0.00699, ""n"": 148, ""pooled_depth"": 372.0, ""callable"": false}, ""Neuron"": {""vaf"": 0.00542, ""n"": 85, ""pooled_depth"": 449.0, ""callable"": false}, ""OPC"": {""vaf"": 0.00663, ""n"": 52, ""pooled_depth"": 119.0, ""callable"": false}, ""Oligodendrocyte"": {""vaf"": 0.00822, ""n"": 173, ""pooled_depth"": 479.0, ""callable"": true}, ""Vascular"": {""vaf"": 0.00538, ""n"": 75, ""pooled_depth"": 3242.0, ""callable"": false}}"	SN2960	T	G	MT-ND5	coding	False
13382	7	4.048102546490056e-06	9.014934668101205e-06	0.38333333333333336	False	1.0	False	Dopaminergic	False	False	False	False	False	"{""Astrocyte"": {""vaf"": 0.00745, ""n"": 22, ""pooled_depth"": 78.0, ""callable"": false}, ""Dopaminergic"": {""vaf"": 0.00829, ""n"": 150, ""pooled_depth"": 626.0, ""callable"": true}, ""Microglia"": {""vaf"": 0.00474, ""n"": 145, ""pooled_depth"": 385.0, ""callable"": false}, ""Neuron"": {""vaf"": 0.00517, ""n"": 88, ""pooled_depth"": 508.0, ""callable"": false}, ""OPC"": {""vaf"": 0.00689, ""n"": 52, ""pooled_depth"": 121.0, ""callable"": false}, ""Oligodendrocyte"": {""vaf"": 0.00523, ""n"": 176, ""pooled_depth"": 498.0, ""callable"": false}, ""Vascular"": {""vaf"": 0.00476, ""n"": 71, ""pooled_depth"": 3536.0, ""callable"": false}}"	SN2960	A	G	MT-ND5	coding	False
13488	7	2.0651904945391767e-05	0.0007162254251806998	1.0	False	1.0	False	Vascular	False	False	False	False	False	"{""Astrocyte"": {""vaf"": 0.00177, ""n"": 21, ""pooled_depth"": 73.0, ""callable"": false}, ""Dopaminergic"": {""vaf"": 0.0006, ""n"": 143, ""pooled_depth"": 513.0, ""callable"": false}, ""Microglia"": {""vaf"": 0.00089, ""n"": 125, ""pooled_depth"": 294.0, ""callable"": false}, ""Neuron"": {""vaf"": 0.00259, ""n"": 85, ""pooled_depth"": 388.0, ""callable"": false}, ""OPC"": {""vaf"": 0.0015, ""n"": 59, ""pooled_depth"": 113.0, ""callable"": false}, ""Oligodendrocyte"": {""vaf"": 0.00417, ""n"": 161, ""pooled_depth"": 423.0, ""callable"": false}, ""Vascular"": {""vaf"": 0.01067, ""n"": 73, ""pooled_depth"": 3634.0, ""callable"": true}}"	SN2960	T	C	MT-ND5	coding	False
13606	7	6.62176226097822e-06	1.1412652049653837e-05	0.23	False	1.0	False	Dopaminergic	False	False	False	False	False	"{""Astrocyte"": {""vaf"": 0.00441, ""n"": 23, ""pooled_depth"": 86.0, ""callable"": false}, ""Dopaminergic"": {""vaf"": 0.00815, ""n"": 147, ""pooled_depth"": 513.0, ""callable"": true}, ""Microglia"": {""vaf"": 0.00724, ""n"": 145, ""pooled_depth"": 342.0, ""callable"": false}, ""Neuron"": {""vaf"": 0.00654, ""n"": 82, ""pooled_depth"": 413.0, ""callable"": false}, ""OPC"": {""vaf"": 0.00643, ""n"": 48, ""pooled_depth"": 114.0, ""callable"": false}, ""Oligodendrocyte"": {""vaf"": 0.00247, ""n"": 158, ""pooled_depth"": 407.0, ""callable"": false}, ""Vascular"": {""vaf"": 0.00472, ""n"": 69, ""pooled_depth"": 3025.0, ""callable"": false}}"	SN2960	A	T	MT-ND5	coding	False
13645	7	2.9127477156634157e-06	1.3086326407289953e-05	0.81	False	1.0	False	Neuron	False	False	False	False	False	"{""Astrocyte"": {""vaf"": 0.00448, ""n"": 30, ""pooled_depth"": 71.0, ""callable"": false}, ""Dopaminergic"": {""vaf"": 0.00665, ""n"": 147, ""pooled_depth"": 534.0, ""callable"": false}, ""Microglia"": {""vaf"": 0.00553, ""n"": 140, ""pooled_depth"": 353.0, ""callable"": false}, ""Neuron"": {""vaf"": 0.00751, ""n"": 87, ""pooled_depth"": 433.0, ""callable"": false}, ""OPC"": {""vaf"": 0.00399, ""n"": 53, ""pooled_depth"": 123.0, ""callable"": false}, ""Oligodendrocyte"": {""vaf"": 0.00739, ""n"": 169, ""pooled_depth"": 446.0, ""callable"": false}, ""Vascular"": {""vaf"": 0.00625, ""n"": 75, ""pooled_depth"": 3153.0, ""callable"": false}}"	SN2960	T	G	MT-ND5	coding	False
13951	7	1.5334845482756468e-05	1.7417355605516685e-05	0.09333333333333334	False	1.0	False	Dopaminergic	False	False	False	False	False	"{""Astrocyte"": {""vaf"": 0.00965, ""n"": 24, ""pooled_depth"": 93.0, ""callable"": false}, ""Dopaminergic"": {""vaf"": 0.0115, ""n"": 157, ""pooled_depth"": 661.0, ""callable"": true}, ""Microglia"": {""vaf"": 0.00948, ""n"": 152, ""pooled_depth"": 423.0, ""callable"": false}, ""Neuron"": {""vaf"": 0.01141, ""n"": 87, ""pooled_depth"": 497.0, ""callable"": true}, ""OPC"": {""vaf"": 0.00912, ""n"": 60, ""pooled_depth"": 139.0, ""callable"": false}, ""Oligodendrocyte"": {""vaf"": 0.00866, ""n"": 178, ""pooled_depth"": 529.0, ""callable"": false}, ""Vascular"": {""vaf"": 0.00469, ""n"": 73, ""pooled_depth"": 3914.0, ""callable"": false}}"	SN2960	T	G	MT-ND5	coding	False
14000	7	1.0457899334821295e-05	1.3772670780662367e-05	0.12	False	1.0	False	Neuron	False	False	False	False	False	"{""Astrocyte"": {""vaf"": 0.00396, ""n"": 26, ""pooled_depth"": 88.0, ""callable"": false}, ""Dopaminergic"": {""vaf"": 0.00525, ""n"": 150, ""pooled_depth"": 593.0, ""callable"": false}, ""Microglia"": {""vaf"": 0.00393, ""n"": 147, ""pooled_depth"": 344.0, ""callable"": false}, ""Neuron"": {""vaf"": 0.01157, ""n"": 89, ""pooled_depth"": 429.0, ""callable"": true}, ""OPC"": {""vaf"": 0.0036, ""n"": 55, ""pooled_depth"": 115.0, ""callable"": false}, ""Oligodendrocyte"": {""vaf"": 0.01083, ""n"": 170, ""pooled_depth"": 471.0, ""callable"": true}, ""Vascular"": {""vaf"": 0.00642, ""n"": 67, ""pooled_depth"": 3254.0, ""callable"": false}}"	SN2960	T	C	MT-ND5	coding	False
14569	7	1.2665732582088616e-05	1.5470300963970355e-05	0.13	False	1.0	False	Neuron	False	False	False	False	False	"{""Astrocyte"": {""vaf"": 0.00424, ""n"": 21, ""pooled_depth"": 60.0, ""callable"": false}, ""Dopaminergic"": {""vaf"": 0.0102, ""n"": 147, ""pooled_depth"": 532.0, ""callable"": true}, ""Microglia"": {""vaf"": 0.00203, ""n"": 127, ""pooled_depth"": 276.0, ""callable"": false}, ""Neuron"": {""vaf"": 0.01388, ""n"": 84, ""pooled_depth"": 354.0, ""callable"": true}, ""OPC"": {""vaf"": 0.00385, ""n"": 46, ""pooled_depth"": 80.0, ""callable"": false}, ""Oligodendrocyte"": {""vaf"": 0.00695, ""n"": 152, ""pooled_depth"": 414.0, ""callable"": false}, ""Vascular"": {""vaf"": 0.00694, ""n"": 73, ""pooled_depth"": 3299.0, ""callable"": false}}"	SN2960	G	T	MT-ND6	coding	False
14989	7	1.5552994636795956e-05	2.4086678139943867e-05	0.24	False	1.0	False	Dopaminergic	False	False	False	False	False	"{""Astrocyte"": {""vaf"": 0.0082, ""n"": 23, ""pooled_depth"": 72.0, ""callable"": false}, ""Dopaminergic"": {""vaf"": 0.01607, ""n"": 160, ""pooled_depth"": 763.0, ""callable"": true}, ""Microglia"": {""vaf"": 0.0115, ""n"": 134, ""pooled_depth"": 314.0, ""callable"": true}, ""Neuron"": {""vaf"": 0.01259, ""n"": 86, ""pooled_depth"": 420.0, ""callable"": true}, ""OPC"": {""vaf"": 0.01015, ""n"": 45, ""pooled_depth"": 100.0, ""callable"": false}, ""Oligodendrocyte"": {""vaf"": 0.00906, ""n"": 149, ""pooled_depth"": 479.0, ""callable"": false}, ""Vascular"": {""vaf"": 0.00783, ""n"": 75, ""pooled_depth"": 3791.0, ""callable"": false}}"	SN2960	C	G	MT-CYB	coding	False
15038	7	3.037222798382039e-05	3.861643591104622e-05	0.11666666666666667	False	1.0	False	Dopaminergic	False	False	False	False	False	"{""Astrocyte"": {""vaf"": 0.00847, ""n"": 22, ""pooled_depth"": 74.0, ""callable"": false}, ""Dopaminergic"": {""vaf"": 0.02101, ""n"": 156, ""pooled_depth"": 686.0, ""callable"": true}, ""Microglia"": {""vaf"": 0.0104, ""n"": 138, ""pooled_depth"": 316.0, ""callable"": false}, ""Neuron"": {""vaf"": 0.01915, ""n"": 86, ""pooled_depth"": 404.0, ""callable"": true}, ""OPC"": {""vaf"": 0.01133, ""n"": 48, ""pooled_depth"": 99.0, ""callable"": false}, ""Oligodendrocyte"": {""vaf"": 0.00998, ""n"": 147, ""pooled_depth"": 437.0, ""callable"": false}, ""Vascular"": {""vaf"": 0.00986, ""n"": 72, ""pooled_depth"": 3384.0, ""callable"": true}}"	SN2960	A	C	MT-CYB	coding	False
15212	7	2.9103710247553764e-06	1.1226824099925688e-05	0.78	False	1.0	False	Oligodendrocyte	False	False	False	False	False	"{""Astrocyte"": {""vaf"": 0.00488, ""n"": 22, ""pooled_depth"": 80.0, ""callable"": false}, ""Dopaminergic"": {""vaf"": 0.00524, ""n"": 157, ""pooled_depth"": 799.0, ""callable"": false}, ""Microglia"": {""vaf"": 0.00559, ""n"": 130, ""pooled_depth"": 354.0, ""callable"": false}, ""Neuron"": {""vaf"": 0.0059, ""n"": 91, ""pooled_depth"": 474.0, ""callable"": false}, ""OPC"": {""vaf"": 0.00592, ""n"": 64, ""pooled_depth"": 132.0, ""callable"": false}, ""Oligodendrocyte"": {""vaf"": 0.00758, ""n"": 175, ""pooled_depth"": 503.0, ""callable"": true}, ""Vascular"": {""vaf"": 0.00452, ""n"": 70, ""pooled_depth"": 3670.0, ""callable"": false}}"	SN2960	A	C	MT-CYB	coding	False
15270	7	4.272985651417185e-06	1.025613854158369e-05	0.37666666666666665	False	1.0	False	OPC	False	False	False	False	False	"{""Astrocyte"": {""vaf"": 0.00505, ""n"": 30, ""pooled_depth"": 70.0, ""callable"": false}, ""Dopaminergic"": {""vaf"": 0.00569, ""n"": 157, ""pooled_depth"": 743.0, ""callable"": false}, ""Microglia"": {""vaf"": 0.00647, ""n"": 135, ""pooled_depth"": 321.0, ""callable"": false}, ""Neuron"": {""vaf"": 0.00748, ""n"": 79, ""pooled_depth"": 385.0, ""callable"": false}, ""OPC"": {""vaf"": 0.01112, ""n"": 52, ""pooled_depth"": 105.0, ""callable"": false}, ""Oligodendrocyte"": {""vaf"": 0.00508, ""n"": 168, ""pooled_depth"": 462.0, ""callable"": false}, ""Vascular"": {""vaf"": 0.0053, ""n"": 72, ""pooled_depth"": 3642.0, ""callable"": false}}"	SN2960	T	C	MT-CYB	coding	False
15497	7	1.9518400530112347e-05	0.00022378055153279207	1.0	False	1.0	False	Vascular	False	False	False	False	False	"{""Astrocyte"": {""vaf"": 0.00072, ""n"": 28, ""pooled_depth"": 86.0, ""callable"": false}, ""Dopaminergic"": {""vaf"": 0.00016, ""n"": 149, ""pooled_depth"": 765.0, ""callable"": false}, ""Microglia"": {""vaf"": 0.00027, ""n"": 151, ""pooled_depth"": 415.0, ""callable"": false}, ""Neuron"": {""vaf"": 0.00025, ""n"": 86, ""pooled_depth"": 447.0, ""callable"": false}, ""OPC"": {""vaf"": 0.00059, ""n"": 58, ""pooled_depth"": 129.0, ""callable"": false}, ""Oligodendrocyte"": {""vaf"": 0.00021, ""n"": 185, ""pooled_depth"": 558.0, ""callable"": false}, ""Vascular"": {""vaf"": 0.00877, ""n"": 72, ""pooled_depth"": 3553.0, ""callable"": true}}"	SN2960	G	A	MT-CYB	coding	False
