sample	n_coding_covered	max_bulk_vaf	top_pos	top_gene	n_2_10	n_10_20	n_ge20	n_hi	mixing_suspect	bulk_potential	top_variants
ATAC_RCC114	11340	0.4527	15601	MT-CYB	4	0	2	2	False	high	m.15601(MT-CYB) 45%, m.12613(MT-ND5) 41%, m.15038(MT-CYB) 4%, m.14989(MT-CYB) 4%
MN4	2519	0.3782	6424	MT-CO1	2	0	1	1	False	high	m.6424(MT-CO1) 38%, m.6422(MT-CO1) 3%, m.3578(MT-ND1) 2%, m.3590(MT-ND1) 1%
MS2	11341	0.349	14750	MT-CYB	3	0	1	1	False	high	m.14750(MT-CYB) 35%, m.8860(MT-ATP6) 5%, m.3578(MT-ND1) 2%, m.7953(MT-CO2) 2%
ATAC_RCC100	11341	0.3289	13386	MT-ND5	6	0	1	1	False	high	m.13386(MT-ND5) 33%, m.7953(MT-CO2) 3%, m.14851(MT-CYB) 2%, m.3578(MT-ND1) 2%
EW4_L3	4449	0.3259	7789	MT-CO2	0	0	2	2	False	high	m.7789(MT-CO2) 33%, m.3699(MT-ND1) 22%, m.4142(MT-ND1) 2%, m.6246(MT-CO1) 2%
FN1	2420	0.3231	5261	MT-ND2	1	0	1	1	False	high	m.5261(MT-ND2) 32%, m.3578(MT-ND1) 2%, m.3590(MT-ND1) 2%, m.3572(MT-ND1) 1%
GBM1M	6825	0.2373	8860	MT-ATP6	19	2	1	3	False	high	m.8860(MT-ATP6) 24%, m.6854(MT-CO1) 18%, m.8448(MT-ATP8) 17%, m.7028(MT-CO1) 9%
ATAC_RCC87	11341	0.2245	12374	MT-ND5	5	0	1	1	False	high	m.12374(MT-ND5) 22%, m.9918(MT-CO3) 10%, m.15200(MT-CYB) 7%, m.3578(MT-ND1) 4%
ATAC_RCC101	11331	0.1925	10680	MT-ND4L	10	1	0	1	False	high	m.10680(MT-ND4L) 19%, m.9916(MT-CO3) 8%, m.3578(MT-ND1) 4%, m.3590(MT-ND1) 3%
ATAC_RCC104	11341	0.1661	9829	MT-CO3	7	1	0	1	False	high	m.9829(MT-CO3) 17%, m.11886(MT-ND4) 5%, m.10290(MT-ND3) 5%, m.3578(MT-ND1) 3%
PDAC06	11341	0.1437	11180	MT-ND4	1	1	0	1	False	high	m.11180(MT-ND4) 14%, m.8860(MT-ATP6) 3%, m.15276(MT-CYB) 2%, m.8895(MT-ATP6) 2%
ATAC_RCC120	11329	0.1432	9124	MT-ATP6	17	1	0	1	False	high	m.9124(MT-ATP6) 14%, m.4749(MT-ND2) 4%, m.9095(MT-ATP6) 4%, m.4698(MT-ND2) 4%
ATAC_RCC81	11341	0.0989	10724	MT-ND4L	5	0	0	0	False	moderate	m.10724(MT-ND4L) 10%, m.14603(MT-ND6) 9%, m.3578(MT-ND1) 3%, m.3590(MT-ND1) 2%
FS3	10164	0.0965	4037	MT-ND1	2	0	0	0	False	moderate	m.4037(MT-ND1) 10%, m.3578(MT-ND1) 2%, m.7953(MT-CO2) 2%, m.8896(MT-ATP6) 2%
adultWT	247	0.096	6554	MT-CO1	3	0	0	0	False	moderate	m.6554(MT-CO1) 10%, m.13347(MT-ND5) 3%, m.11767(MT-ND4) 2%, m.6557(MT-CO1) 2%
MS3	10104	0.0913	6023	MT-CO1	4	0	0	0	False	moderate	m.6023(MT-CO1) 9%, m.8860(MT-ATP6) 4%, m.14569(MT-ND6) 2%, m.3578(MT-ND1) 2%
adultKO	181	0.0905	6554	MT-CO1	3	0	0	0	False	moderate	m.6554(MT-CO1) 9%, m.11767(MT-ND4) 5%, m.11768(MT-ND4) 5%, m.6647(MT-CO1) 1%
MPAL2_T2	7596	0.0789	7399	MT-CO1	8	0	0	0	False	moderate	m.7399(MT-CO1) 8%, m.3532(MT-ND1) 4%, m.9545(MT-CO3) 4%, m.4769(MT-ND2) 3%
MS1	1460	0.0783	4973	MT-ND2	2	0	0	0	False	moderate	m.4973(MT-ND2) 8%, m.3578(MT-ND1) 2%, m.3590(MT-ND1) 2%, m.4961(MT-ND2) 2%
MPAL5_T2	11341	0.0783	3532	MT-ND1	26	0	0	0	False	moderate	m.3532(MT-ND1) 8%, m.8144(MT-CO2) 7%, m.7399(MT-CO1) 7%, m.8143(MT-CO2) 6%
MN1	5891	0.0721	8959	MT-ATP6	2	0	0	0	False	moderate	m.8959(MT-ATP6) 7%, m.8860(MT-ATP6) 3%, m.8854(MT-ATP6) 1%, m.7953(MT-CO2) 1%
MPAL4_T1	956	0.0654	3532	MT-ND1	3	0	0	0	False	moderate	m.3532(MT-ND1) 7%, m.3572(MT-ND1) 3%, m.3565(MT-ND1) 3%, m.3458(MT-ND1) 2%
MN3	11341	0.0643	8860	MT-ATP6	3	0	0	0	False	moderate	m.8860(MT-ATP6) 6%, m.13545(MT-ND5) 3%, m.3578(MT-ND1) 2%, m.7953(MT-CO2) 2%
PDAC02	5883	0.0541	6637	MT-CO1	2	0	0	0	False	moderate	m.6637(MT-CO1) 5%, m.8860(MT-ATP6) 3%, m.3590(MT-ND1) 1%, m.7953(MT-CO2) 1%
ATAC_RCC103	11296	0.0515	4749	MT-ND2	9	0	0	0	False	moderate	m.4749(MT-ND2) 5%, m.4698(MT-ND2) 5%, m.3590(MT-ND1) 3%, m.8710(MT-ATP6) 3%
MS4	2334	0.0506	6238	MT-CO1	2	0	0	0	False	moderate	m.6238(MT-CO1) 5%, m.3578(MT-ND1) 2%, m.3590(MT-ND1) 1%, m.3371(MT-ND1) 1%
MN2	7799	0.0483	8860	MT-ATP6	2	0	0	0	False	low	m.8860(MT-ATP6) 5%, m.3578(MT-ND1) 2%, m.7953(MT-CO2) 2%, m.3590(MT-ND1) 1%
FS4	6615	0.0467	7609	MT-CO2	3	0	0	0	False	low	m.7609(MT-CO2) 5%, m.8860(MT-ATP6) 4%, m.3578(MT-ND1) 2%, m.7953(MT-CO2) 2%
SN_MULTI_2942	11341	0.046	3578	MT-ND1	2	0	0	0	False	low	m.3578(MT-ND1) 5%, m.3590(MT-ND1) 2%, m.3572(MT-ND1) 2%, m.7347(MT-CO1) 1%
FS2	6429	0.0455	10700	MT-ND4L	4	0	0	0	False	low	m.10700(MT-ND4L) 5%, m.10703(MT-ND4L) 4%, m.8860(MT-ATP6) 4%, m.3578(MT-ND1) 2%
SN_MULTI_2972	11341	0.0453	3578	MT-ND1	2	0	0	0	False	low	m.3578(MT-ND1) 5%, m.3590(MT-ND1) 3%, m.3572(MT-ND1) 2%, m.3599(MT-ND1) 1%
SN_MULTI_2960	11341	0.0423	3578	MT-ND1	2	0	0	0	False	low	m.3578(MT-ND1) 4%, m.3590(MT-ND1) 2%, m.3572(MT-ND1) 1%, m.15038(MT-CYB) 1%
ATAC_RCC84	11331	0.0407	3578	MT-ND1	6	0	0	0	False	low	m.3578(MT-ND1) 4%, m.7063(MT-CO1) 3%, m.3590(MT-ND1) 2%, m.7012(MT-CO1) 2%
ATAC_RCC116	11333	0.039	10828	MT-ND4	5	0	0	0	False	low	m.10828(MT-ND4) 4%, m.4749(MT-ND2) 4%, m.4698(MT-ND2) 3%, m.7022(MT-CO1) 2%
ATAC_RCC86	11341	0.0369	3578	MT-ND1	3	0	0	0	False	low	m.3578(MT-ND1) 4%, m.3590(MT-ND1) 4%, m.4057(MT-ND1) 3%, m.3599(MT-ND1) 2%
ATAC_RCC106	11341	0.0368	4057	MT-ND1	7	0	0	0	False	low	m.4057(MT-ND1) 4%, m.3578(MT-ND1) 3%, m.3590(MT-ND1) 3%, m.4749(MT-ND2) 3%
PDAC01	11120	0.0354	3578	MT-ND1	5	0	0	0	False	low	m.3578(MT-ND1) 4%, m.7953(MT-CO2) 3%, m.7626(MT-CO2) 2%, m.6070(MT-CO1) 2%
PDAC05	11152	0.0321	7953	MT-CO2	4	0	0	0	False	low	m.7953(MT-CO2) 3%, m.11781(MT-ND4) 2%, m.9736(MT-CO3) 2%, m.7436(MT-CO1) 2%
ATAC_RCC99	11341	0.0321	14904	MT-CYB	3	0	0	0	False	low	m.14904(MT-CYB) 3%, m.3578(MT-ND1) 3%, m.3590(MT-ND1) 3%, m.3572(MT-ND1) 2%
ATAC_RCC96	11341	0.032	14468	MT-ND6	5	0	0	0	False	low	m.14468(MT-ND6) 3%, m.3590(MT-ND1) 2%, m.3578(MT-ND1) 2%, m.12349(MT-ND5) 2%
ATAC_RCC119	11329	0.0307	15005	MT-CYB	4	0	0	0	False	low	m.15005(MT-CYB) 3%, m.14851(MT-CYB) 2%, m.3578(MT-ND1) 2%, m.15038(MT-CYB) 2%
ATAC_RCC94	11331	0.029	4749	MT-ND2	8	0	0	0	False	low	m.4749(MT-ND2) 3%, m.8885(MT-ATP6) 3%, m.3590(MT-ND1) 2%, m.3578(MT-ND1) 2%
ATAC_RCC115	11334	0.0266	14518	MT-ND6	7	0	0	0	False	low	m.14518(MT-ND6) 3%, m.7953(MT-CO2) 3%, m.15038(MT-CYB) 3%, m.11055(MT-ND4) 2%
Day25	709	0.026	3572	MT-ND1	1	0	0	0	False	low	m.3572(MT-ND1) 3%, m.3532(MT-ND1) 2%, m.3565(MT-ND1) 1%, m.3943(MT-ND1) 1%
FN2	956	0.0215	3578	MT-ND1	1	0	0	0	False	low	m.3578(MT-ND1) 2%, m.3590(MT-ND1) 1%, m.3943(MT-ND1) 1%, m.3572(MT-ND1) 1%
FS1	9696	0.0214	3578	MT-ND1	1	0	0	0	False	low	m.3578(MT-ND1) 2%, m.10947(MT-ND4) 2%, m.8860(MT-ATP6) 2%, m.3590(MT-ND1) 2%
PDAC03	13	0.02	8151	MT-CO2	1	0	0	0	False	low	m.8151(MT-CO2) 2%, m.8149(MT-CO2) 0%, m.8150(MT-CO2) 0%, m.8152(MT-CO2) 0%
EW4_L2	11341	0.4959	3348	MT-ND1	2	4	19	23	True	mixing_suspect	m.3348(MT-ND1) 50%, m.15043(MT-CYB) 49%, m.15530(MT-CYB) 49%, m.14766(MT-CYB) 49%
EW5_P1	7863	0.4944	11251	MT-ND4	10	5	9	14	True	mixing_suspect	m.11251(MT-ND4) 49%, m.4216(MT-ND1) 49%, m.7789(MT-CO2) 48%, m.11719(MT-ND4) 47%
EW5_P2	10355	0.4783	7028	MT-CO1	9	10	18	28	True	mixing_suspect	m.7028(MT-CO1) 48%, m.8598(MT-ATP6) 47%, m.14357(MT-ND6) 43%, m.12373(MT-ND5) 42%
EW4_L1	7001	0.4525	7028	MT-CO1	2	0	8	8	True	mixing_suspect	m.7028(MT-CO1) 45%, m.3348(MT-ND1) 44%, m.8473(MT-ATP8) 44%, m.7805(MT-CO2) 44%
FN4	11341	0.4378	5178	MT-ND2	4	14	32	46	True	mixing_suspect	m.5178(MT-ND2) 44%, m.13681(MT-ND5) 35%, m.14783(MT-CYB) 34%, m.9540(MT-CO3) 34%
EW_2_Mo	2332	0.3731	3396	MT-ND1	1	0	6	6	True	mixing_suspect	m.3396(MT-ND1) 37%, m.3564(MT-ND1) 37%, m.4216(MT-ND1) 34%, m.3348(MT-ND1) 30%
EW4_L5	11341	0.3689	13281	MT-ND5	35	1	14	15	True	mixing_suspect	m.13281(MT-ND5) 37%, m.4216(MT-ND1) 32%, m.12612(MT-ND5) 30%, m.3699(MT-ND1) 29%
EW4_L4	11341	0.2824	11377	MT-ND4	14	26	7	33	True	mixing_suspect	m.11377(MT-ND4) 28%, m.8602(MT-ATP6) 28%, m.10499(MT-ND4L) 27%, m.14133(MT-ND5) 26%
EW4_L6	11341	0.2011	13281	MT-ND5	41	11	1	12	True	mixing_suspect	m.13281(MT-ND5) 20%, m.4216(MT-ND1) 18%, m.12612(MT-ND5) 17%, m.11251(MT-ND4) 16%
RCC112	11341	0.0194	13112	MT-ND5	0	0	0	0	False	null	m.13112(MT-ND5) 2%, m.3578(MT-ND1) 1%, m.3590(MT-ND1) 1%, m.3605(MT-ND1) 1%
ATAC_RCC112	11341	0.0192	13112	MT-ND5	0	0	0	0	False	null	m.13112(MT-ND5) 2%, m.3590(MT-ND1) 1%, m.3578(MT-ND1) 1%, m.3605(MT-ND1) 1%
ATAC_RCC113	11341	0.0177	15831	MT-CYB	0	0	0	0	False	null	m.15831(MT-CYB) 2%, m.11440(MT-ND4) 1%, m.5054(MT-ND2) 1%, m.5973(MT-CO1) 1%
Cachexia	209	0.0164	6566	MT-CO1	0	0	0	0	False	null	m.6566(MT-CO1) 2%, m.6554(MT-CO1) 2%, m.13347(MT-ND5) 1%, m.11755(MT-ND4) 1%
WT	223	0.0139	6587	MT-CO1	0	0	0	0	False	null	m.6587(MT-CO1) 1%, m.6538(MT-CO1) 1%, m.13347(MT-ND5) 1%, m.11755(MT-ND4) 1%
FN3	1308	0.0124	3943	MT-ND1	0	0	0	0	False	null	m.3943(MT-ND1) 1%, m.3371(MT-ND1) 1%, m.3532(MT-ND1) 1%, m.4148(MT-ND1) 1%
WT2	93	0.0109	14473	MT-ND6	0	0	0	0	False	null	m.14473(MT-ND6) 1%, m.13295(MT-ND5) 0%, m.13296(MT-ND5) 0%, m.13297(MT-ND5) 0%
WT1	92	0.0057	14488	MT-ND6	0	0	0	0	False	null	m.14488(MT-ND6) 1%, m.13294(MT-ND5) 0%, m.13296(MT-ND5) 0%, m.13295(MT-ND5) 0%
Day12	0	0.0	0		0	0	0	0	False	null	
Day19	0	0.0	0		0	0	0	0	False	null	
Day7	0	0.0	0		0	0	0	0	False	null	
EW_1_Mo	0	0.0	0		0	0	0	0	False	null	
EW_3_Mo	0	0.0	0		0	0	0	0	False	null	
GBM2C	0	0.0	0		0	0	0	0	False	null	
MPAL1_T1	0	0.0	0		0	0	0	0	False	null	
P1695_ATAC_MM	0	0.0	0		0	0	0	0	False	null	
P1858_ATAC_MM	0	0.0	0		0	0	0	0	False	null	
P4520_ATAC_MM	0	0.0	0		0	0	0	0	False	null	
P4585_ATAC_MM	0	0.0	0		0	0	0	0	False	null	
