pos	n_partitions	T_obs	null_q95	empirical_p	licensed	shuffleable_frac	enough_pooled_depth	top	feasible_0.005	feasible_0.01	feasible_0.02	feasible_0.05	feasible_0.1	per_cluster	sample	ref	alt_allele
618	7	0.0002515952129055924	0.00029510685146589573	0.15	False	1.0	False	Endocrine	False	False	False	False	False	"{""Acinar"": {""vaf"": 0.0001, ""n"": 464, ""pooled_depth"": 1474.0, ""callable"": false}, ""Endocrine"": {""vaf"": 0.04604, ""n"": 142, ""pooled_depth"": 482.0, ""callable"": true}, ""Endothelial"": {""vaf"": 0.00069, ""n"": 99, ""pooled_depth"": 190.0, ""callable"": false}, ""Fibroblast/CAF"": {""vaf"": 0.00105, ""n"": 67, ""pooled_depth"": 118.0, ""callable"": false}, ""Malignant/ductal"": {""vaf"": 0.00165, ""n"": 619, ""pooled_depth"": 1276.0, ""callable"": false}, ""Myeloid"": {""vaf"": 0.00148, ""n"": 53, ""pooled_depth"": 78.0, ""callable"": false}, ""T/NK"": {""vaf"": 0.00137, ""n"": 47, ""pooled_depth"": 86.0, ""callable"": false}}"	PDAC02	T	C
2308	7	0.0005875217357380407	0.0005012879364020547	0.02666666666666667	True	1.0	False	Myeloid	False	False	False	False	False	"{""Acinar"": {""vaf"": 0.04038, ""n"": 382, ""pooled_depth"": 1029.0, ""callable"": true}, ""Endocrine"": {""vaf"": 0.03115, ""n"": 123, ""pooled_depth"": 345.0, ""callable"": true}, ""Endothelial"": {""vaf"": 0.02476, ""n"": 100, ""pooled_depth"": 157.0, ""callable"": true}, ""Fibroblast/CAF"": {""vaf"": 0.06251, ""n"": 64, ""pooled_depth"": 97.0, ""callable"": true}, ""Malignant/ductal"": {""vaf"": 0.06425, ""n"": 529, ""pooled_depth"": 1012.0, ""callable"": true}, ""Myeloid"": {""vaf"": 0.14652, ""n"": 44, ""pooled_depth"": 63.0, ""callable"": true}, ""T/NK"": {""vaf"": 0.06851, ""n"": 38, ""pooled_depth"": 72.0, ""callable"": true}}"	PDAC02	A	G
2907	7	3.807073891684989e-05	0.00023232085327214578	0.39	False	1.0	False	Acinar	False	False	False	False	False	"{""Acinar"": {""vaf"": 0.01235, ""n"": 404, ""pooled_depth"": 1139.0, ""callable"": true}, ""Endocrine"": {""vaf"": 0.00254, ""n"": 127, ""pooled_depth"": 384.0, ""callable"": false}, ""Endothelial"": {""vaf"": 0.00078, ""n"": 101, ""pooled_depth"": 176.0, ""callable"": false}, ""Fibroblast/CAF"": {""vaf"": 0.00109, ""n"": 55, ""pooled_depth"": 99.0, ""callable"": false}, ""Malignant/ductal"": {""vaf"": 0.00017, ""n"": 572, ""pooled_depth"": 1131.0, ""callable"": false}, ""Myeloid"": {""vaf"": 0.00135, ""n"": 47, ""pooled_depth"": 62.0, ""callable"": false}, ""T/NK"": {""vaf"": 0.0013, ""n"": 37, ""pooled_depth"": 68.0, ""callable"": false}}"	PDAC02	T	C
2925	7	9.030760127544113e-05	0.000600514673672141	0.31	False	1.0	False	Acinar	False	False	False	False	False	"{""Acinar"": {""vaf"": 0.01929, ""n"": 416, ""pooled_depth"": 1197.0, ""callable"": true}, ""Endocrine"": {""vaf"": 0.00258, ""n"": 133, ""pooled_depth"": 402.0, ""callable"": false}, ""Endothelial"": {""vaf"": 0.00077, ""n"": 106, ""pooled_depth"": 178.0, ""callable"": false}, ""Fibroblast/CAF"": {""vaf"": 0.00108, ""n"": 60, ""pooled_depth"": 112.0, ""callable"": false}, ""Malignant/ductal"": {""vaf"": 0.00015, ""n"": 586, ""pooled_depth"": 1152.0, ""callable"": false}, ""Myeloid"": {""vaf"": 0.00144, ""n"": 48, ""pooled_depth"": 70.0, ""callable"": false}, ""T/NK"": {""vaf"": 0.00146, ""n"": 38, ""pooled_depth"": 68.0, ""callable"": false}}"	PDAC02	T	C
3107	7	7.301923076012444e-05	7.055439984236697e-05	0.04666666666666667	True	1.0	False	Endocrine	False	False	False	False	False	"{""Acinar"": {""vaf"": 0.01417, ""n"": 412, ""pooled_depth"": 1091.0, ""callable"": true}, ""Endocrine"": {""vaf"": 0.03286, ""n"": 122, ""pooled_depth"": 358.0, ""callable"": true}, ""Endothelial"": {""vaf"": 0.01465, ""n"": 109, ""pooled_depth"": 165.0, ""callable"": false}, ""Fibroblast/CAF"": {""vaf"": 0.03044, ""n"": 57, ""pooled_depth"": 98.0, ""callable"": true}, ""Malignant/ductal"": {""vaf"": 0.01713, ""n"": 554, ""pooled_depth"": 1120.0, ""callable"": true}, ""Myeloid"": {""vaf"": 0.0173, ""n"": 45, ""pooled_depth"": 68.0, ""callable"": false}, ""T/NK"": {""vaf"": 0.01206, ""n"": 32, ""pooled_depth"": 54.0, ""callable"": false}}"	PDAC02	C	T
3130	7	7.949185291522034e-06	2.830147418020495e-05	0.72	False	1.0	False	Myeloid	False	False	False	False	False	"{""Acinar"": {""vaf"": 0.00702, ""n"": 407, ""pooled_depth"": 1090.0, ""callable"": false}, ""Endocrine"": {""vaf"": 0.00343, ""n"": 112, ""pooled_depth"": 339.0, ""callable"": false}, ""Endothelial"": {""vaf"": 0.00208, ""n"": 105, ""pooled_depth"": 172.0, ""callable"": false}, ""Fibroblast/CAF"": {""vaf"": 0.0027, ""n"": 59, ""pooled_depth"": 100.0, ""callable"": false}, ""Malignant/ductal"": {""vaf"": 0.00636, ""n"": 550, ""pooled_depth"": 1061.0, ""callable"": false}, ""Myeloid"": {""vaf"": 0.00791, ""n"": 42, ""pooled_depth"": 66.0, ""callable"": false}, ""T/NK"": {""vaf"": 0.00321, ""n"": 35, ""pooled_depth"": 61.0, ""callable"": false}}"	PDAC02	A	C
3361	7	3.647732361174309e-06	1.9467432836979768e-05	0.89	False	1.0	False	Myeloid	False	False	False	False	False	"{""Acinar"": {""vaf"": 0.0054, ""n"": 449, ""pooled_depth"": 1362.0, ""callable"": false}, ""Endocrine"": {""vaf"": 0.00524, ""n"": 125, ""pooled_depth"": 462.0, ""callable"": false}, ""Endothelial"": {""vaf"": 0.00412, ""n"": 121, ""pooled_depth"": 209.0, ""callable"": false}, ""Fibroblast/CAF"": {""vaf"": 0.00631, ""n"": 75, ""pooled_depth"": 158.0, ""callable"": false}, ""Malignant/ductal"": {""vaf"": 0.00615, ""n"": 635, ""pooled_depth"": 1311.0, ""callable"": false}, ""Myeloid"": {""vaf"": 0.00735, ""n"": 47, ""pooled_depth"": 80.0, ""callable"": false}, ""T/NK"": {""vaf"": 0.00701, ""n"": 51, ""pooled_depth"": 103.0, ""callable"": false}}"	PDAC02	T	G
3371	7	8.52837616383034e-06	2.1642907073987974e-05	0.4866666666666667	False	1.0	False	Acinar	False	False	False	False	False	"{""Acinar"": {""vaf"": 0.00715, ""n"": 434, ""pooled_depth"": 1315.0, ""callable"": false}, ""Endocrine"": {""vaf"": 0.00283, ""n"": 129, ""pooled_depth"": 436.0, ""callable"": false}, ""Endothelial"": {""vaf"": 0.00188, ""n"": 126, ""pooled_depth"": 221.0, ""callable"": false}, ""Fibroblast/CAF"": {""vaf"": 0.00226, ""n"": 72, ""pooled_depth"": 151.0, ""callable"": false}, ""Malignant/ductal"": {""vaf"": 0.00688, ""n"": 600, ""pooled_depth"": 1230.0, ""callable"": false}, ""Myeloid"": {""vaf"": 0.00289, ""n"": 51, ""pooled_depth"": 77.0, ""callable"": false}, ""T/NK"": {""vaf"": 0.0063, ""n"": 52, ""pooled_depth"": 90.0, ""callable"": false}}"	PDAC02	T	C
3572	7	1.638264567272761e-05	2.5971188503430102e-05	0.21666666666666667	False	1.0	False	Endocrine	False	False	False	False	False	"{""Acinar"": {""vaf"": 0.00571, ""n"": 447, ""pooled_depth"": 1282.0, ""callable"": false}, ""Endocrine"": {""vaf"": 0.01206, ""n"": 131, ""pooled_depth"": 431.0, ""callable"": true}, ""Endothelial"": {""vaf"": 0.01187, ""n"": 120, ""pooled_depth"": 188.0, ""callable"": true}, ""Fibroblast/CAF"": {""vaf"": 0.00437, ""n"": 65, ""pooled_depth"": 126.0, ""callable"": false}, ""Malignant/ductal"": {""vaf"": 0.00568, ""n"": 575, ""pooled_depth"": 1112.0, ""callable"": false}, ""Myeloid"": {""vaf"": 0.00487, ""n"": 62, ""pooled_depth"": 95.0, ""callable"": false}, ""T/NK"": {""vaf"": 0.00889, ""n"": 39, ""pooled_depth"": 85.0, ""callable"": false}}"	PDAC02	T	A
3578	7	4.37263519133807e-06	3.18675273857832e-05	0.9766666666666667	False	1.0	True	Acinar	False	False	True	True	True	"{""Acinar"": {""vaf"": 0.01146, ""n"": 484, ""pooled_depth"": 1639.0, ""callable"": true}, ""Endocrine"": {""vaf"": 0.00942, ""n"": 145, ""pooled_depth"": 510.0, ""callable"": true}, ""Endothelial"": {""vaf"": 0.00914, ""n"": 127, ""pooled_depth"": 213.0, ""callable"": false}, ""Fibroblast/CAF"": {""vaf"": 0.00993, ""n"": 73, ""pooled_depth"": 156.0, ""callable"": false}, ""Malignant/ductal"": {""vaf"": 0.00961, ""n"": 659, ""pooled_depth"": 1426.0, ""callable"": true}, ""Myeloid"": {""vaf"": 0.00906, ""n"": 67, ""pooled_depth"": 109.0, ""callable"": false}, ""T/NK"": {""vaf"": 0.0075, ""n"": 45, ""pooled_depth"": 102.0, ""callable"": false}}"	PDAC02	T	A
3590	7	1.666005543267289e-05	4.772934333747405e-05	0.6533333333333333	False	1.0	False	Endothelial	False	False	False	False	False	"{""Acinar"": {""vaf"": 0.01432, ""n"": 476, ""pooled_depth"": 1508.0, ""callable"": true}, ""Endocrine"": {""vaf"": 0.01121, ""n"": 137, ""pooled_depth"": 462.0, ""callable"": true}, ""Endothelial"": {""vaf"": 0.01895, ""n"": 122, ""pooled_depth"": 196.0, ""callable"": true}, ""Fibroblast/CAF"": {""vaf"": 0.01013, ""n"": 76, ""pooled_depth"": 137.0, ""callable"": false}, ""Malignant/ductal"": {""vaf"": 0.01589, ""n"": 623, ""pooled_depth"": 1277.0, ""callable"": true}, ""Myeloid"": {""vaf"": 0.00819, ""n"": 60, ""pooled_depth"": 92.0, ""callable"": false}, ""T/NK"": {""vaf"": 0.01162, ""n"": 42, ""pooled_depth"": 95.0, ""callable"": false}}"	PDAC02	T	A
3599	7	8.754383099462584e-06	1.6125022582902693e-05	0.31	False	1.0	True	Acinar	False	False	True	True	True	"{""Acinar"": {""vaf"": 0.00734, ""n"": 498, ""pooled_depth"": 1645.0, ""callable"": false}, ""Endocrine"": {""vaf"": 0.00623, ""n"": 148, ""pooled_depth"": 550.0, ""callable"": false}, ""Endothelial"": {""vaf"": 0.00436, ""n"": 138, ""pooled_depth"": 229.0, ""callable"": false}, ""Fibroblast/CAF"": {""vaf"": 0.00284, ""n"": 84, ""pooled_depth"": 164.0, ""callable"": false}, ""Malignant/ductal"": {""vaf"": 0.00249, ""n"": 669, ""pooled_depth"": 1437.0, ""callable"": false}, ""Myeloid"": {""vaf"": 0.00556, ""n"": 65, ""pooled_depth"": 113.0, ""callable"": false}, ""T/NK"": {""vaf"": 0.00329, ""n"": 46, ""pooled_depth"": 100.0, ""callable"": false}}"	PDAC02	T	A
3943	7	3.350105400779006e-05	3.564858755671537e-05	0.08	False	1.0	False	Endocrine	False	False	False	False	False	"{""Acinar"": {""vaf"": 0.00863, ""n"": 384, ""pooled_depth"": 1082.0, ""callable"": false}, ""Endocrine"": {""vaf"": 0.0182, ""n"": 114, ""pooled_depth"": 320.0, ""callable"": true}, ""Endothelial"": {""vaf"": 0.00831, ""n"": 104, ""pooled_depth"": 167.0, ""callable"": false}, ""Fibroblast/CAF"": {""vaf"": 0.00654, ""n"": 52, ""pooled_depth"": 102.0, ""callable"": false}, ""Malignant/ductal"": {""vaf"": 0.00529, ""n"": 511, ""pooled_depth"": 920.0, ""callable"": false}, ""Myeloid"": {""vaf"": 0.01221, ""n"": 46, ""pooled_depth"": 63.0, ""callable"": false}, ""T/NK"": {""vaf"": 0.01279, ""n"": 31, ""pooled_depth"": 53.0, ""callable"": false}}"	PDAC02	A	C
4142	7	3.7668632821958713e-05	7.388002985821657e-05	0.29	False	1.0	False	Malignant/ductal	False	False	False	False	False	"{""Acinar"": {""vaf"": 0.00512, ""n"": 312, ""pooled_depth"": 656.0, ""callable"": false}, ""Endocrine"": {""vaf"": 0.00575, ""n"": 102, ""pooled_depth"": 219.0, ""callable"": false}, ""Endothelial"": {""vaf"": 0.00878, ""n"": 70, ""pooled_depth"": 90.0, ""callable"": false}, ""Fibroblast/CAF"": {""vaf"": 0.00965, ""n"": 50, ""pooled_depth"": 68.0, ""callable"": false}, ""Malignant/ductal"": {""vaf"": 0.01516, ""n"": 422, ""pooled_depth"": 647.0, ""callable"": true}, ""Myeloid"": {""vaf"": 0.00602, ""n"": 30, ""pooled_depth"": 36.0, ""callable"": false}, ""T/NK"": {""vaf"": 0.00611, ""n"": 20, ""pooled_depth"": 33.0, ""callable"": false}}"	PDAC02	G	T
4412	7	7.140697044099514e-05	0.00033294479616995923	0.3566666666666667	False	1.0	False	Acinar	False	False	False	False	False	"{""Acinar"": {""vaf"": 0.01609, ""n"": 289, ""pooled_depth"": 574.0, ""callable"": true}, ""Endocrine"": {""vaf"": 0.00059, ""n"": 86, ""pooled_depth"": 181.0, ""callable"": false}, ""Endothelial"": {""vaf"": 0.00091, ""n"": 69, ""pooled_depth"": 97.0, ""callable"": false}, ""Fibroblast/CAF"": {""vaf"": 0.00109, ""n"": 47, ""pooled_depth"": 72.0, ""callable"": false}, ""Malignant/ductal"": {""vaf"": 0.00024, ""n"": 350, ""pooled_depth"": 519.0, ""callable"": false}, ""Myeloid"": {""vaf"": 0.00147, ""n"": 29, ""pooled_depth"": 39.0, ""callable"": false}, ""T/NK"": {""vaf"": 0.00155, ""n"": 27, ""pooled_depth"": 34.0, ""callable"": false}}"	PDAC02	G	A
6069	7	7.834600792711521e-06	3.5667312165526436e-05	0.8766666666666667	False	1.0	False	Acinar	False	False	False	False	False	"{""Acinar"": {""vaf"": 0.00794, ""n"": 336, ""pooled_depth"": 773.0, ""callable"": true}, ""Endocrine"": {""vaf"": 0.00627, ""n"": 99, ""pooled_depth"": 244.0, ""callable"": false}, ""Endothelial"": {""vaf"": 0.0056, ""n"": 95, ""pooled_depth"": 123.0, ""callable"": false}, ""Fibroblast/CAF"": {""vaf"": 0.00321, ""n"": 50, ""pooled_depth"": 78.0, ""callable"": false}, ""Malignant/ductal"": {""vaf"": 0.00446, ""n"": 407, ""pooled_depth"": 662.0, ""callable"": false}, ""Myeloid"": {""vaf"": 0.00363, ""n"": 34, ""pooled_depth"": 42.0, ""callable"": false}, ""T/NK"": {""vaf"": 0.00365, ""n"": 24, ""pooled_depth"": 40.0, ""callable"": false}}"	PDAC02	G	T
6246	7	8.097155199149099e-06	2.7461304995947477e-05	0.5966666666666667	False	1.0	False	Acinar	False	False	False	False	False	"{""Acinar"": {""vaf"": 0.0096, ""n"": 472, ""pooled_depth"": 1526.0, ""callable"": true}, ""Endocrine"": {""vaf"": 0.00464, ""n"": 155, ""pooled_depth"": 473.0, ""callable"": false}, ""Endothelial"": {""vaf"": 0.00666, ""n"": 127, ""pooled_depth"": 235.0, ""callable"": false}, ""Fibroblast/CAF"": {""vaf"": 0.006, ""n"": 71, ""pooled_depth"": 128.0, ""callable"": false}, ""Malignant/ductal"": {""vaf"": 0.00567, ""n"": 657, ""pooled_depth"": 1389.0, ""callable"": false}, ""Myeloid"": {""vaf"": 0.0042, ""n"": 53, ""pooled_depth"": 78.0, ""callable"": false}, ""T/NK"": {""vaf"": 0.00425, ""n"": 35, ""pooled_depth"": 73.0, ""callable"": false}}"	PDAC02	T	G
6425	7	8.894586079232452e-06	2.6309941493226153e-05	0.6233333333333333	False	1.0	False	Malignant/ductal	False	False	False	False	False	"{""Acinar"": {""vaf"": 0.00546, ""n"": 446, ""pooled_depth"": 1315.0, ""callable"": false}, ""Endocrine"": {""vaf"": 0.00874, ""n"": 129, ""pooled_depth"": 392.0, ""callable"": true}, ""Endothelial"": {""vaf"": 0.00558, ""n"": 115, ""pooled_depth"": 206.0, ""callable"": false}, ""Fibroblast/CAF"": {""vaf"": 0.00406, ""n"": 66, ""pooled_depth"": 123.0, ""callable"": false}, ""Malignant/ductal"": {""vaf"": 0.00921, ""n"": 610, ""pooled_depth"": 1229.0, ""callable"": true}, ""Myeloid"": {""vaf"": 0.00801, ""n"": 48, ""pooled_depth"": 74.0, ""callable"": false}, ""T/NK"": {""vaf"": 0.00476, ""n"": 40, ""pooled_depth"": 71.0, ""callable"": false}}"	PDAC02	T	A
6474	7	1.4755662396978456e-05	1.899682383004881e-05	0.11	False	1.0	False	Myeloid	False	False	False	False	False	"{""Acinar"": {""vaf"": 0.00799, ""n"": 484, ""pooled_depth"": 1616.0, ""callable"": false}, ""Endocrine"": {""vaf"": 0.00451, ""n"": 148, ""pooled_depth"": 497.0, ""callable"": false}, ""Endothelial"": {""vaf"": 0.00742, ""n"": 136, ""pooled_depth"": 264.0, ""callable"": false}, ""Fibroblast/CAF"": {""vaf"": 0.00289, ""n"": 74, ""pooled_depth"": 137.0, ""callable"": false}, ""Malignant/ductal"": {""vaf"": 0.00477, ""n"": 662, ""pooled_depth"": 1514.0, ""callable"": false}, ""Myeloid"": {""vaf"": 0.01693, ""n"": 68, ""pooled_depth"": 121.0, ""callable"": true}, ""T/NK"": {""vaf"": 0.00362, ""n"": 43, ""pooled_depth"": 90.0, ""callable"": false}}"	PDAC02	A	C
6544	7	3.68238116580721e-06	2.2826245050971554e-05	0.93	False	1.0	False	Acinar	False	False	False	False	False	"{""Acinar"": {""vaf"": 0.00687, ""n"": 457, ""pooled_depth"": 1360.0, ""callable"": false}, ""Endocrine"": {""vaf"": 0.00402, ""n"": 144, ""pooled_depth"": 431.0, ""callable"": false}, ""Endothelial"": {""vaf"": 0.00533, ""n"": 117, ""pooled_depth"": 204.0, ""callable"": false}, ""Fibroblast/CAF"": {""vaf"": 0.00595, ""n"": 65, ""pooled_depth"": 132.0, ""callable"": false}, ""Malignant/ductal"": {""vaf"": 0.00647, ""n"": 628, ""pooled_depth"": 1319.0, ""callable"": false}, ""Myeloid"": {""vaf"": 0.00623, ""n"": 62, ""pooled_depth"": 104.0, ""callable"": false}, ""T/NK"": {""vaf"": 0.0048, ""n"": 40, ""pooled_depth"": 73.0, ""callable"": false}}"	PDAC02	A	G
6637	7	0.0011678301397983937	0.0011960624181823734	0.05333333333333334	False	1.0	False	T/NK	False	False	False	False	False	"{""Acinar"": {""vaf"": 0.05713, ""n"": 414, ""pooled_depth"": 1193.0, ""callable"": true}, ""Endocrine"": {""vaf"": 0.08065, ""n"": 120, ""pooled_depth"": 371.0, ""callable"": true}, ""Endothelial"": {""vaf"": 0.07584, ""n"": 102, ""pooled_depth"": 171.0, ""callable"": true}, ""Fibroblast/CAF"": {""vaf"": 0.01545, ""n"": 66, ""pooled_depth"": 101.0, ""callable"": false}, ""Malignant/ductal"": {""vaf"": 0.03445, ""n"": 581, ""pooled_depth"": 1085.0, ""callable"": true}, ""Myeloid"": {""vaf"": 0.01665, ""n"": 56, ""pooled_depth"": 93.0, ""callable"": false}, ""T/NK"": {""vaf"": 0.2192, ""n"": 39, ""pooled_depth"": 71.0, ""callable"": true}}"	PDAC02	T	C
6853	7	3.8201673848198244e-05	0.00019739307244554988	0.9766666666666667	False	1.0	False	Acinar	False	False	False	False	False	"{""Acinar"": {""vaf"": 0.01082, ""n"": 221, ""pooled_depth"": 397.0, ""callable"": true}, ""Endocrine"": {""vaf"": 0.00071, ""n"": 73, ""pooled_depth"": 120.0, ""callable"": false}, ""Endothelial"": {""vaf"": 0.00105, ""n"": 43, ""pooled_depth"": 56.0, ""callable"": false}, ""Fibroblast/CAF"": {""vaf"": 0.00133, ""n"": 25, ""pooled_depth"": 28.0, ""callable"": false}, ""Malignant/ductal"": {""vaf"": 0.00033, ""n"": 246, ""pooled_depth"": 345.0, ""callable"": false}, ""Myeloid"": {""vaf"": 0.00149, ""n"": 15, ""pooled_depth"": 16.0, ""callable"": false}, ""T/NK"": {""vaf"": 0.00143, ""n"": 14, ""pooled_depth"": 20.0, ""callable"": false}}"	PDAC02	G	A
7953	7	8.621771293583102e-05	7.094301764364932e-05	0.03	True	1.0	False	Endocrine	False	False	False	False	False	"{""Acinar"": {""vaf"": 0.00765, ""n"": 369, ""pooled_depth"": 907.0, ""callable"": false}, ""Endocrine"": {""vaf"": 0.03065, ""n"": 90, ""pooled_depth"": 242.0, ""callable"": true}, ""Endothelial"": {""vaf"": 0.01618, ""n"": 81, ""pooled_depth"": 124.0, ""callable"": false}, ""Fibroblast/CAF"": {""vaf"": 0.00959, ""n"": 60, ""pooled_depth"": 76.0, ""callable"": false}, ""Malignant/ductal"": {""vaf"": 0.01329, ""n"": 473, ""pooled_depth"": 852.0, ""callable"": true}, ""Myeloid"": {""vaf"": 0.01648, ""n"": 43, ""pooled_depth"": 59.0, ""callable"": false}, ""T/NK"": {""vaf"": 0.01833, ""n"": 27, ""pooled_depth"": 42.0, ""callable"": false}}"	PDAC02	T	C
8165	7	2.773930897447273e-05	2.0897660073075496e-05	0.013333333333333334	True	1.0	False	T/NK	False	False	False	False	False	"{""Acinar"": {""vaf"": 0.00502, ""n"": 455, ""pooled_depth"": 1455.0, ""callable"": false}, ""Endocrine"": {""vaf"": 0.00132, ""n"": 132, ""pooled_depth"": 409.0, ""callable"": false}, ""Endothelial"": {""vaf"": 0.01006, ""n"": 100, ""pooled_depth"": 197.0, ""callable"": false}, ""Fibroblast/CAF"": {""vaf"": 0.00376, ""n"": 61, ""pooled_depth"": 102.0, ""callable"": false}, ""Malignant/ductal"": {""vaf"": 0.007, ""n"": 635, ""pooled_depth"": 1312.0, ""callable"": false}, ""Myeloid"": {""vaf"": 0.0105, ""n"": 59, ""pooled_depth"": 91.0, ""callable"": false}, ""T/NK"": {""vaf"": 0.02453, ""n"": 44, ""pooled_depth"": 84.0, ""callable"": true}}"	PDAC02	G	T
8749	7	2.1752509905774354e-05	4.48091773098908e-05	0.35	False	1.0	False	T/NK	False	False	False	False	False	"{""Acinar"": {""vaf"": 0.00511, ""n"": 293, ""pooled_depth"": 653.0, ""callable"": false}, ""Endocrine"": {""vaf"": 0.00634, ""n"": 94, ""pooled_depth"": 196.0, ""callable"": false}, ""Endothelial"": {""vaf"": 0.00415, ""n"": 71, ""pooled_depth"": 99.0, ""callable"": false}, ""Fibroblast/CAF"": {""vaf"": 0.00529, ""n"": 45, ""pooled_depth"": 61.0, ""callable"": false}, ""Malignant/ductal"": {""vaf"": 0.00711, ""n"": 370, ""pooled_depth"": 588.0, ""callable"": false}, ""Myeloid"": {""vaf"": 0.01421, ""n"": 33, ""pooled_depth"": 45.0, ""callable"": false}, ""T/NK"": {""vaf"": 0.01534, ""n"": 22, ""pooled_depth"": 36.0, ""callable"": false}}"	PDAC02	T	C
8860	7	0.0014047330661593439	0.0019193882260046947	0.08333333333333333	False	1.0	False	Fibroblast/CAF	False	False	False	False	False	"{""Acinar"": {""vaf"": 0.03114, ""n"": 78, ""pooled_depth"": 101.0, ""callable"": true}, ""Endocrine"": {""vaf"": 0.00743, ""n"": 33, ""pooled_depth"": 41.0, ""callable"": false}, ""Endothelial"": {""vaf"": 0.07237, ""n"": 12, ""pooled_depth"": 12.0, ""callable"": false}, ""Fibroblast/CAF"": {""vaf"": 0.14982, ""n"": 9, ""pooled_depth"": 9.0, ""callable"": false}, ""Malignant/ductal"": {""vaf"": 0.0352, ""n"": 112, ""pooled_depth"": 117.0, ""callable"": true}, ""Myeloid"": {""vaf"": 0.02787, ""n"": 6, ""pooled_depth"": 6.0, ""callable"": false}, ""T/NK"": {""vaf"": 0.0212, ""n"": 9, ""pooled_depth"": 10.0, ""callable"": false}}"	PDAC02	G	A
9410	7	3.5151785795200568e-06	3.307880672258166e-05	0.99	False	1.0	False	Malignant/ductal	False	False	False	False	False	"{""Acinar"": {""vaf"": 0.00508, ""n"": 378, ""pooled_depth"": 914.0, ""callable"": false}, ""Endocrine"": {""vaf"": 0.00544, ""n"": 111, ""pooled_depth"": 283.0, ""callable"": false}, ""Endothelial"": {""vaf"": 0.00502, ""n"": 90, ""pooled_depth"": 132.0, ""callable"": false}, ""Fibroblast/CAF"": {""vaf"": 0.00296, ""n"": 48, ""pooled_depth"": 85.0, ""callable"": false}, ""Malignant/ductal"": {""vaf"": 0.00605, ""n"": 483, ""pooled_depth"": 887.0, ""callable"": false}, ""Myeloid"": {""vaf"": 0.00321, ""n"": 42, ""pooled_depth"": 56.0, ""callable"": false}, ""T/NK"": {""vaf"": 0.00319, ""n"": 34, ""pooled_depth"": 58.0, ""callable"": false}}"	PDAC02	A	G
9995	7	2.7778542205064837e-05	6.01544255443146e-05	0.37333333333333335	False	1.0	False	Myeloid	False	False	False	False	False	"{""Acinar"": {""vaf"": 0.0088, ""n"": 245, ""pooled_depth"": 438.0, ""callable"": false}, ""Endocrine"": {""vaf"": 0.0017, ""n"": 80, ""pooled_depth"": 136.0, ""callable"": false}, ""Endothelial"": {""vaf"": 0.00234, ""n"": 62, ""pooled_depth"": 84.0, ""callable"": false}, ""Fibroblast/CAF"": {""vaf"": 0.00377, ""n"": 27, ""pooled_depth"": 32.0, ""callable"": false}, ""Malignant/ductal"": {""vaf"": 0.00472, ""n"": 297, ""pooled_depth"": 439.0, ""callable"": false}, ""Myeloid"": {""vaf"": 0.01499, ""n"": 26, ""pooled_depth"": 35.0, ""callable"": false}, ""T/NK"": {""vaf"": 0.00391, ""n"": 19, ""pooled_depth"": 29.0, ""callable"": false}}"	PDAC02	T	C
10086	7	6.057530539097359e-05	0.0008149092970521541	0.7866666666666666	False	1.0	False	Malignant/ductal	False	False	False	False	False	"{""Acinar"": {""vaf"": 0.00114, ""n"": 54, ""pooled_depth"": 62.0, ""callable"": false}, ""Endocrine"": {""vaf"": 0.00171, ""n"": 17, ""pooled_depth"": 21.0, ""callable"": false}, ""Endothelial"": {""vaf"": 0.00201, ""n"": 9, ""pooled_depth"": 9.0, ""callable"": false}, ""Fibroblast/CAF"": {""vaf"": 0.00207, ""n"": 6, ""pooled_depth"": 7.0, ""callable"": false}, ""Malignant/ductal"": {""vaf"": 0.00928, ""n"": 58, ""pooled_depth"": 62.0, ""callable"": false}, ""Myeloid"": {""vaf"": 0.00216, ""n"": 3, ""pooled_depth"": 4.0, ""callable"": false}, ""T/NK"": {""vaf"": 0.0022, ""n"": 3, ""pooled_depth"": 3.0, ""callable"": false}}"	PDAC02	A	T
