pos	rate_LR	rate_p	rate_enriched	vaf_LR	vaf_p	vaf_top	vaf_top_point	n_carriers	rate_q	vaf_q
6933	69.57100617765502	5.273698374532666e-15	Lym_P	42.047221765778886	3.920610576869709e-09	Lym_P	0.015095211116291196	16	4.1134847321354795e-13	7.645190624895932e-08
10775	65.78630478283549	3.405261705826213e-14	Mye	23.047922209741046	3.946477784769142e-05	Mye	0.00981876546810874	48	1.328052065272223e-12	0.0002798411520109028
2721	63.042661784521556	1.3150712061178016e-13	Mye	67.89806377560853	1.2029626695541583e-14	Mye	0.023156985463359578	83	3.4191851359062844e-12	9.383108822522436e-13
15780	56.20981829141317	3.789388628509734e-12	Mye	34.120284921634266	1.8686649819793136e-07	Mye_P	0.00832446217621045	40	7.389307825593981e-11	2.4292644765731076e-06
10662	52.370062741022764	2.4976658490276877e-11	Lym_P	50.95481019863928	5.001744777893506e-11	Lym_P	0.017795939315476964	10	3.896358724483193e-10	1.3004536422523118e-09
1983	43.880278994004	1.6001931842501439e-09	Lym_P	59.06733553384447	9.299918057761657e-13	Lym_P	0.010750929108837546	10	2.080251139525187e-08	3.626968042527046e-11
14011	37.927468216534635	2.9281993184508196e-08	Lym	29.643278305353306	1.6402855920560878e-06	Lym	0.010103427532722139	49	3.2628506691309134e-07	1.5992784522546856e-05
7351	31.67310767326711	6.132985708676166e-07	Mye_P	20.727413354723012	0.00011992886418387124	Mye_P	0.005468938921197323	18	5.979661065959262e-06	0.000779537617195163
10604	30.34817995794606	1.1658558353846081e-06	Mye	12.447578216844704	0.0059971342069828825	Mye	0.012244548211048274	114	1.0104083906666603e-05	0.0203381073106376
15470	23.494772636713606	3.184402616454091e-05	Mye	12.075569139756226	0.007128725134798714	Mye	0.010981270608743685	106	0.0002483834040834191	0.023168356688095817
7273	22.747017970881302	4.559509087485512e-05	Mye	18.694082039940895	0.0003162469171405903	Mye	0.004808717228877528	20	0.0003233106443853363	0.0017619471097832888
16129	21.156345120129515	9.769138945553971e-05	Mye	19.966315809601383	0.00017249276830878484	Mye	0.00642624596799884	22	0.0006349940314610081	0.001034956609852709
15758	20.74684683554821	0.0001188201338172279	Mye_P	13.620326911453049	0.0034702647489843435	Mye_P	0.004620259840685565	15	0.0007129208029033675	0.014246350022146253
6912	17.60349674037292	0.0005309282844600977	Mye	6.9153223397670445	0.07464627457180908	Mye	0.007218987096082967	23	0.0029580290134205442	0.16174284826411117
5978	16.227245759746722	0.0010185918376412828	Lym	24.271511573508178	2.1922795467973824e-05	Lym	0.0053040569823333385	24	0.005296677555734671	0.00017099780465019583
662	11.163293748701108	0.010874873530658385	Lym	25.10902398037433	1.465089979157782e-05	Lym	0.0037702492192505845	33	0.05188716033354396	0.0001269744648603411
15323	10.96305091990834	0.011927360280575287	Lym_P	31.90363469655972	5.484001732638943e-07	Lym_P	0.008674840038913554	10	0.05188716033354396	6.1107447877976795e-06
4848	10.87272469485174	0.012434390522520877	Lym	40.38323906768119	8.837152288627627e-09	Lym	0.003908675006072481	23	0.05188716033354396	1.37859575702591e-07
6527	10.837266981959402	0.012639180081247888	Mye_P	6.778609542698177	0.07929920548881572	Mye_P	0.003540481235600491	18	0.05188716033354396	0.16174284826411117
8856	9.971132703966362	0.018813118608314614	Lym	11.370094423101591	0.009884072790431212	Lym	0.9998723485016218	8247	0.07271035350900548	0.029807663816597725
6126	9.884278216763846	0.019575864406270706	Lym_P	2.184031693036218	0.5351004745777266	Mye	0.0009299951564280358	11	0.07271035350900548	0.6454273336049419
3653	9.5183080676249	0.023137388837440032	Mye_P	5.986051824443166	0.11229080961757257	Mye_P	0.0022502964393452114	14	0.08203256042365102	0.1990609806856968
16390	9.240229870691167	0.026261671567489164	Lym	5.256189894472527	0.15397055714324837	Lym_P	0.004533519845950501	13	0.08906132096800672	0.2610805099385516
497	9.007981249188603	0.02918495946668538	Mye_P	8.519263654257884	0.0364148691371602	Mye_P	0.9998132903824173	8138	0.09485111826672749	0.09162450944188695
204	8.341228792115658	0.03946162663316082	Mye_P	0.8678008491765468	0.8331904176612438	Mye_P	0.004248459483760514	24	0.12312027509546176	0.8782277375348246
6260	7.910993433244073	0.047887468260063855	Lym	2.283171959372339	0.5157523763347662	Lym	0.9970273532875824	8268	0.14061432564677087	0.6454273336049419
7028	7.874669182790171	0.048674189646959146	Lym	13.457702006167892	0.0037444425726220827	Lym	0.9982987181913714	8309	0.14061432564677087	0.014603326033226121
14985	7.23473515486279	0.06478063349424687	Mye_P	1.1242004401412942	0.7712354457193944	Mye_P	0.0035358921564991584	10	0.18046033616254484	0.8240597913166132
15976	7.014421044262775	0.07143954243195805	Lym	16.23011717854979	0.0010172110246922759	Lym	0.003109350559858723	18	0.19214773481699063	0.004958903745374845
8860	6.308492733788739	0.09752888455701213	Lym	12.95367075760987	0.004737873807858666	Lym	0.9948338450822128	8248	0.2535750998482315	0.017597817000617903
3244	5.809952493669499	0.12123156095683076	Mye	6.732496857664046	0.08093082074789786	Mye_P	0.0029123867990788646	17	0.30193621305695273	0.16174284826411117
16086	5.700269741932999	0.12713904593124686	Mye_P	8.973908007421414	0.029639812799705564	Mye_P	0.004211316242681329	12	0.30193621305695273	0.07706351327923447
15639	5.620764372727393	0.13159136740482097	Mye_P	6.649506115846407	0.08394920072979055	Mye_P	0.005174847163577092	12	0.30193621305695273	0.16174284826411117
189	5.6203804747178765	0.1316132210761076	Lym	14.128744861900032	0.002735044898211282	Lym	0.0028536397216203805	23	0.30193621305695273	0.011851861225582223
11299	5.151756363770758	0.16101615249189707	Lym	12.457500076887754	0.0059695222001204425	Lym_P	0.999937055618544	8281	0.35337321719828996	0.0203381073106376
150	5.12122613464345	0.16313256791549882	Lym	10.910810496396152	0.012218063701545953	Lym	0.0034184460528073318	27	0.35337321719828996	0.03403603459716372
879	5.0576264909586826	0.16762575687611192	Mye	3.1207458800017776	0.3733805979956336	Mye	0.005199022069630968	24	0.35337321719828996	0.5109418709413933
12308	4.818955179380211	0.18554440000648598	Mye_P	5.267549926410766	0.15322194049828594	Mye_P	0.9998784480821	8322	0.3808542947501554	0.2610805099385516
8098	4.730885028331507	0.1925974991304806	Lym	3.5178565236742543	0.3184535636210373	Lym	0.9997745312997145	8388	0.3830928114469431	0.46866750872530016
4769	4.68394722214191	0.1964578520240734	Mye	7.951050242857491	0.04703425656880184	Lym_P	0.9999624171932928	8306	0.3830928114469431	0.11117187916262254
11485	4.098198905575174	0.2510537980585853	Mye_P	2.3843519899792227	0.49655414178081914	Lym	0.9975317511422871	8354	0.47761454264804026	0.6454273336049419
195	3.8980731306454572	0.27268281911014536	Mye	16.798437427110457	0.0007775037148466248	Mye	0.9999794795644436	8294	0.5064109497759842	0.004043019317202449
11274	3.7915954110122527	0.28486524012630104	Lym	4.545237648541388	0.20829051207409216	Lym	0.001999353284278235	16	0.5167322960430577	0.33847208212039975
16519	3.6266151880458892	0.30470801147524323	Mye_P	1.8835636044443618	0.5969215043100682	Mye_P	0.9989091120012423	7921	0.5401642021606584	0.6949235423311241
14569	3.552692747206862	0.31399207772004123	Mye_P	8.412065277430429	0.03822067932003642	Mye_P	0.005012122937325814	15	0.5442529347147381	0.09316290584258878
13740	3.4421481477802374	0.32834318678672647	Mye_P	6.762820580945174	0.07985426504272655	Lym_P	0.9999760072491826	8273	0.5567558384644492	0.16174284826411117
2010	3.1986828040168973	0.36199485651522245	Lym	7.172506529032262	0.06659799625906247	Lym	0.0009802987843245262	13	0.6007574214507947	0.15278363847667273
1189	2.637395350077014	0.45097134289359697	Lym	3.993834144599532	0.2621307011265607	Mye	0.9984543592349703	8003	0.732828432202095	0.4009057781935634
16311	2.4882341464839044	0.47742118977108905	Mye_P	0.2564115527525246	0.9680063783234527	Lym	0.9982537476062079	8260	0.7599765877988764	0.9680063783234527
2817	1.986648337496547	0.5751825118681897	Lym_P	5.156752670479364	0.16067227004855433	Lym	0.0013501604100702809	15	0.8972847185143759	0.26664759710185615
15326	1.725601408732615	0.6312570963463318	Mye	2.382040411565413	0.49698655017383364	Mye	0.9998310954103856	8407	0.9654520297061544	0.6454273336049419
10398	1.611375342322816	0.6568132965040545	Mye_P	1.4103650035644932	0.703106925469257	Lym_P	0.9987956161768927	8195	0.9852199447560819	0.7834620026657435
12889	1.4756790622893163	0.6878948578922737	Mye	1.6168867083390523	0.6555669622590035	Mye	0.0034741323260186127	10	1.0	0.7519738684735628
14798	1.4221928633243337	0.7003409457540025	Lym	9.31756372563757	0.025353512407063062	Lym	0.9999764649272449	8360	1.0	0.06819220578451445
12957	1.3149209708880676	0.7255930305165808	Mye_P	3.449230265644246	0.327406726339646	Lym	0.9995099727363831	8306	1.0	0.4729208269350443
1811	1.2502581987597097	0.7409772464129334	Mye_P	0.604323378450772	0.8954419252922856	Lym	0.9987738004186884	8248	1.0	0.9312596023039771
7340	1.2333587562793014	0.745015121148143	Lym_P	2.325223226726166	0.5077060357080605	Lym	0.0010389993254220204	10	1.0	0.6454273336049419
16301	1.2137452425496633	0.7497095577405353	Lym_P	11.358782701849464	0.00993588793886591	Lym	0.001077006397454372	10	1.0	0.029807663816597725
10550	1.134285316967322	0.7688045761711386	Mye_P	4.014454781408631	0.2599074991080197	Lym_P	0.9994956045443004	8093	1.0	0.4009057781935634
1438	1.094905574636016	0.7783040384203901	Lym	2.216684290887315	0.5286695672125499	Lym_P	0.9997732099606311	8363	1.0	0.6454273336049419
2706	1.0096426938103633	0.7989187252858976	Mye	6.620789243390391	0.08501867665164818	Lym_P	0.9999552589980348	8267	1.0	0.16174284826411117
13879	0.9889886876649996	0.8039163450543751	Mye_P	1.1892764606775472	0.7555773917680574	Lym	0.0011841490606498053	10	1.0	0.8185421744153955
11840	0.5869295087982778	0.8994179359335538	Lym_P	3.9943640392195903	0.262073355355526	Lym_P	0.9999539040821941	8361	1.0	0.4009057781935634
11661	0.442648220411769	0.931298067415469	Lym_P	14.716333974858003	0.0020758300877027603	Lym	0.0010093524804669239	10	1.0	0.009524396872989135
11467	0.23092712532998405	0.9724486239313336	Lym	2.3519818948682314	0.5026357602688172	Lym_P	0.9999199886717416	8317	1.0	0.6454273336049419
9055	0.007589683785141688	0.9998245450210854	Lym	6.032530652123512	0.11003821991388289	Mye	0.9999939082804764	8285	1.0	0.1990609806856968
14167	0.0	1.0	Lym	2.1701282700304034	0.5378561113374516	Mye	0.9999998270174095	8208	1.0	0.6454273336049419
14384	0.0	1.0	Mye	5.989705130987431	0.11211216850389569	Mye	0.9999914860654645	8314	1.0	0.1990609806856968
14766	0.0	1.0	Lym	3.2496127419534844	0.3547174067691652	Mye_P	0.9999999730241806	8360	1.0	0.5008581000774839
9698	0.0	1.0	Lym	1.3128914291107776	0.7260741789937591	Lym_P	0.9999999346593652	8422	1.0	0.7976589572044114
5764	0.0	1.0	Lym	10.942279782147125	0.01204212034363609	Mye	0.002280433254664712	14	1.0	0.03403603459716372
3480	0.0	1.0	Lym	3.5966309442223405	0.3084439686955148	Lym_P	0.9999993061430958	8354	1.0	0.46266595304327224
750	0.0	1.0	Lym	0.4359343011057035	0.9327232476752616	Mye	0.9998646340641261	8416	1.0	0.9448365366061092
263	0.0	1.0	Lym	1.5290585540866175	0.6755800524157014	Lym_P	0.9998703200746198	7862	1.0	0.7636991896873147
73	0.0	1.0	Lym	3.2154110217541074	0.3595904308248602	Mye	0.9999797526034939	8299	1.0	0.5008581000774839
12372	0.0	1.0	Lym	0.517803940256357	0.9149629107074285	Mye_P	0.999968454671855	8166	1.0	0.9390408820418346
11719	0.0	1.0	Lym	1.932657087208156	0.5865009400911576	Lym	0.9999520816970351	8432	1.0	0.6931374746531862
16224	0.0	1.0	Mye_P	6.664944842787236	0.08337959969445766	Lym_P	0.9999963682872746	8389	1.0	0.16174284826411117
