variant,n_carriers,chi2,p,enriched_in,obs_frac,exp_frac,fold,q
2940_A_T,78,74.40436333805594,6.971043397165276e-17,Mye,0.397,0.12,3.32,1.568484764362187e-14
15780_A_G,94,61.73821134242191,3.923898326563313e-14,Mye,0.277,0.12,2.31,8.828771234767455e-12
5764_C_T,338,63.166099043555434,1.2375338986916308e-13,Mye,0.201,0.12,1.68,2.7844512720561692e-11
2721_G_A,173,60.305254089237586,5.05857932658576e-13,Mye,0.277,0.12,2.32,1.138180348481796e-10
7351_T_C,32,47.77883752448556,4.7711442165942195e-12,Mye_P,0.594,0.162,3.66,1.0735074487336994e-09
5765_C_A,240,54.036529951913245,1.1021111014875364e-11,Lym_P,0.096,0.048,2.0,2.479749978346957e-09
5766_C_G,209,50.4146843161376,6.518994694081221e-11,Lym_P,0.091,0.048,1.9,1.4667738061682748e-08
10775_G_A,95,44.79136820438615,1.8779238429375516e-10,Mye_P,0.347,0.162,2.14,4.2253286466094914e-08
768_A_G,56,40.27540664338374,1.7960009794929315e-09,Mye,0.393,0.12,3.28,4.0410022038590956e-07
1368_T_C,90,37.31758796794725,7.881134400577661e-09,Mye,0.244,0.12,2.04,1.7732552401299737e-06
7273_G_A,35,30.26024662949459,3.777901179916237e-08,Mye_P,0.457,0.162,2.81,8.500277654811533e-06
1377_C_T,35,29.136244174000414,6.746303238950243e-08,Mye_P,0.486,0.162,2.99,1.5179182287638048e-05
6559_T_C,68,30.85895336048533,1.99096405408098e-07,Lym_P,0.147,0.048,3.07,4.479669121682205e-05
1536_A_G,37,26.701669214565403,2.3741633116820507e-07,Mye_P,0.459,0.162,2.83,5.341867451284614e-05
6577_G_A,86,29.72456115842818,3.510698679803559e-07,Mye,0.279,0.12,2.33,7.899072029558007e-05
5052_C_T,32,24.636064566574262,6.924365882643423e-07,Mye_P,0.438,0.162,2.69,0.00015579823235947702
1556_C_T,58,27.379038719780002,1.1342721844595647e-06,Mye_P,0.379,0.162,2.34,0.00025521124150340205
1376_C_T,36,22.758815088780846,1.8365974093100201e-06,Mye_P,0.444,0.162,2.74,0.0004132344170947545
1369_T_C,61,25.577502848522748,2.792002649058603e-06,Mye_P,0.344,0.162,2.12,0.0006282005960381857
16129_G_A,62,25.20942022801934,3.3561700036591677e-06,Mye,0.323,0.12,2.69,0.0007551382508233128
15196_A_G,49,24.684899931527173,4.362566767143142e-06,Lym_P,0.184,0.048,3.84,0.0009815775226072068
12239_C_G,55,24.518091322330108,4.74202802130058e-06,Lym_P,0.127,0.048,2.66,0.0010669563047926306
12179_A_G,58,24.0945709935449,5.860442198236416e-06,Lym_P,0.138,0.048,2.88,0.0013185994946031936
1393_G_A,45,22.855228735443802,1.0890558162713532e-05,Mye_P,0.422,0.162,2.6,0.0024503755866105447
11556_T_G,85,20.64877619489628,3.28227692995425e-05,Lym_P,0.129,0.048,2.7,0.007385123092397062
12178_C_T,47,20.61902160787352,3.331473374801747e-05,Lym_P,0.128,0.048,2.67,0.007495815093303931
3697_G_A,38,16.926723420456156,3.885077381348141e-05,Mye_P,0.395,0.162,2.43,0.008741424108033316
15470_T_C,205,22.860929845906668,4.317005729755709e-05,Mye_P,0.263,0.162,1.62,0.009713262891950345
12820_G_A,33,15.515274125427268,8.184127510180321e-05,Mye_P,0.394,0.162,2.43,0.018414286897905724
7874_A_T,34,15.22864960661558,9.524743200001557e-05,Mye_P,0.382,0.162,2.35,0.021430672200003505
6912_G_A,84,17.858346286927723,0.00013246751088615341,Mye,0.226,0.12,1.89,0.029805189949384518
7210_T_A,47,17.6575319035531,0.00014645886531357156,Mye,0.298,0.12,2.49,0.0329532446955536
2941_G_T,37,14.202298123861441,0.0001641698896411536,Mye,0.378,0.12,3.16,0.03693822516925956
3653_T_C,36,14.10352799632467,0.0001730189624430001,Mye_P,0.389,0.162,2.39,0.038929266549675025
3908_C_T,45,16.919948151492893,0.00021177756077764994,Lym_P,0.111,0.048,2.32,0.047649951174971235
9918_G_A,77,16.689317288229304,0.0002376625745818118,Mye,0.247,0.12,2.06,0.05347407928090765
1292_A_G,36,13.471722632604598,0.000242185853422272,Mye_P,0.389,0.162,2.39,0.0544918170200112
5740_C_T,60,16.24282822625369,0.0002971082186034632,Mye,0.267,0.12,2.23,0.06684934918577923
15758_A_G,32,13.061362431125623,0.00030145007914616226,Mye_P,0.375,0.162,2.31,0.0678262678078865
11594_C_G,37,12.829373576385787,0.0003412199747925145,Lym_P,0.162,0.048,3.39,0.07677449432831576
11464_C_A,37,12.829373576385787,0.0003412199747925145,Mye,0.27,0.12,2.26,0.07677449432831576
3566_C_G,34,12.701144159992488,0.00036543191435694887,Mye,0.265,0.12,2.21,0.0822221807303135
8860_A_T,42,15.74978301162933,0.00038017020188839764,Mye,0.238,0.12,1.99,0.08553829542488947
15784_T_C,65,15.271114168573222,0.0004829694850360962,Lym_P,0.123,0.048,2.57,0.10866813413312165
3906_T_G,41,12.08418659515356,0.0005085128159580487,Mye_P,0.341,0.162,2.1,0.11441538359056094
2421_G_A,34,11.798626488559272,0.0005927443559613538,Mye_P,0.353,0.162,2.17,0.1333674800913046
3699_C_A,31,11.663661108326485,0.0006373279430064935,Mye_P,0.355,0.162,2.18,0.14339878717646104
16312_A_C,44,14.709537094266622,0.0006395354227658373,Mye_P,0.364,0.162,2.24,0.1438954701223134
12628_T_G,71,14.67425811629346,0.0006509165846480781,Mye,0.254,0.12,2.12,0.14645623154581758
9885_T_C,32,11.562936880877515,0.0006727950032471985,Mye_P,0.344,0.162,2.12,0.15137887573061967
12870_C_A,33,11.518764949878037,0.0006889714881317212,Mye,0.273,0.12,2.28,0.15501858482963726
6527_A_C,33,11.518764949878037,0.0006889714881317212,Mye,0.273,0.12,2.28,0.15501858482963726
1468_T_C,89,14.445556321336387,0.0007297721756601955,Lym_P,0.112,0.048,2.35,0.164198739523544
10604_T_C,223,16.73985383669767,0.0007993602557913617,Mye,0.175,0.12,1.46,0.17985605755305636
14363_A_G,48,14.174537203226059,0.0008356768174552096,Mye_P,0.354,0.162,2.18,0.18802728392742216
1405_C_T,36,10.853667077049042,0.0009860030825592626,Mye_P,0.361,0.162,2.22,0.2218506935758341
7626_C_G,62,13.682162903760375,0.001068946759843938,Mye,0.242,0.12,2.02,0.24051302096488605
6320_T_C,49,13.359704076635182,0.001255963793330759,Lym_P,0.122,0.048,2.56,0.2825918534994208
5852_T_A,62,12.954224486411889,0.0015382463530254366,Lym_P,0.129,0.048,2.69,0.34610542943072325
1284_T_C,37,9.992879623869737,0.0015714667060700094,Mye_P,0.351,0.162,2.16,0.35358000886575214
9552_T_G,36,9.668537311003071,0.0018745049272649228,Mye,0.333,0.12,2.78,0.4217636086346076
513_G_A,52,12.26261941830705,0.002173732138678862,Lym_P,0.154,0.048,3.21,0.48908973120274396
5209_C_G,64,11.656234854667415,0.002943613333296361,Lym_P,0.125,0.048,2.61,0.6623129999916813
7564_A_G,37,8.8413855883978,0.0029447549532276517,Mye,0.243,0.12,2.03,0.6625698644762217
12882_C_T,36,8.787969286141193,0.0030322360308158475,Mye_P,0.306,0.162,1.88,0.6822531069335657
1080_A_C,36,8.787969286141193,0.0030322360308158475,Mye_P,0.306,0.162,1.88,0.6822531069335657
1328_G_C,31,8.671012739051847,0.003233114665384346,Mye_P,0.355,0.162,2.18,0.7274507997114779
1334_G_A,41,8.650417561330624,0.0032698641092721095,Mye_P,0.317,0.162,1.95,0.7357194245862246
7880_T_C,33,8.640695000848144,0.00328736000166562,Mye,0.242,0.12,2.02,0.7396560003747645
14364_G_A,31,8.599909227101115,0.003361797588103172,Lym_P,0.097,0.048,2.02,0.7564044573232137
3644_T_C,48,11.254760143163203,0.0035979894646115786,Mye_P,0.333,0.162,2.05,0.8095476295376052
12796_C_A,38,8.411846578835531,0.0037278382750093363,Mye,0.342,0.12,2.86,0.8387636118771007
9616_T_C,44,11.16531772667769,0.003762548106008251,Mye_P,0.295,0.162,1.82,0.8465733238518565
880_C_T,41,8.281243277391653,0.004005669226149312,Lym_P,0.22,0.048,4.58,0.9012755758835952
6763_T_C,33,8.2226407241958,0.004137095461608347,Mye_P,0.333,0.162,2.05,0.9308464788618782
866_A_C,46,10.943807733723956,0.00420322216004765,Mye,0.239,0.12,2.0,0.9457249860107213
1983_T_C,37,8.105072617968808,0.0044141553231321455,Lym_P,0.541,0.048,11.29,0.9931849477047328
15043_G_A,72,10.705077465690762,0.004736112000881049,Lym_P,0.111,0.048,2.32,1.0
3902_A_G,31,7.8035995229485575,0.005214226192216935,Mye_P,0.323,0.162,1.99,1.0
7346_A_G,56,10.487956291240522,0.005279213526778459,Lym_P,0.125,0.048,2.61,1.0
15785_T_C,73,10.477557653633028,0.005306733321034116,Lym_P,0.11,0.048,2.29,1.0
672_A_C,39,7.752533029185642,0.005363725805840842,Mye,0.308,0.12,2.57,1.0
14419_C_T,44,10.425672994616509,0.005446203615708235,Mye,0.25,0.12,2.09,1.0
12871_G_T,31,7.718619292316928,0.005465417894543412,Mye,0.355,0.12,2.96,1.0
4716_C_G,33,7.624757541540519,0.00575724091087997,Mye_P,0.333,0.162,2.05,1.0
7337_G_A,36,7.562841644495556,0.005958396846417006,Mye_P,0.333,0.162,2.05,1.0
2062_A_G,39,7.3643308129447504,0.006653035528097491,Lym_P,0.103,0.048,2.14,1.0
9756_T_G,38,7.292499331035243,0.006924308025175626,Mye,0.237,0.12,1.98,1.0
10013_C_A,55,9.428588827811696,0.008966190254648242,Lym_P,0.127,0.048,2.66,1.0
15041_G_T,63,9.41177102039128,0.009041903973693052,Lym_P,0.111,0.048,2.32,1.0
6583_A_G,32,6.5950549364330735,0.010226240066272707,Lym_P,0.188,0.048,3.92,1.0
5850_T_G,50,9.11341375488188,0.010496568576786594,Lym_P,0.14,0.048,2.92,1.0
973_C_T,50,9.065347456539335,0.010751889974612327,Mye_P,0.28,0.162,1.72,1.0
11227_C_A,41,6.48353504075588,0.01088782332413254,Mye,0.366,0.12,3.06,1.0
13798_C_G,38,6.454318954526139,0.0110682960845614,Mye,0.316,0.12,2.64,1.0
15981_C_T,34,6.3893127630690785,0.011480946921261916,Lym_P,0.118,0.048,2.46,1.0
16053_C_T,33,6.3738628906113375,0.011581322461889492,Mye_P,0.333,0.162,2.05,1.0
13589_T_C,87,8.870537872813895,0.011851878077489716,Mye,0.195,0.12,1.63,1.0
14985_G_A,38,6.285839442555602,0.012170641847502689,Mye_P,0.316,0.162,1.94,1.0
8298_T_G,39,6.048803747417686,0.013915721558101559,Lym_P,0.128,0.048,2.68,1.0
13879_T_C,31,5.9924417524976565,0.014367301277945123,Mye_P,0.323,0.162,1.99,1.0
13175_T_C,62,8.442459832441127,0.014680577516323543,Lym_P,0.081,0.048,1.68,1.0
15982_A_C,36,5.946405500132963,0.014747327500149504,Mye,0.278,0.12,2.32,1.0
767_C_T,38,5.926723420456157,0.014912945431687884,Mye,0.474,0.12,3.96,1.0
13369_T_C,44,8.408105875197883,0.014934923678090361,Lym_P,0.205,0.048,4.27,1.0
4953_A_C,71,8.31225236813649,0.015668135984890415,Lym_P,0.085,0.048,1.76,1.0
6293_T_C,36,5.68377490990492,0.01712249005002162,Lym_P,0.111,0.048,2.32,1.0
1267_T_C,42,8.051566358752575,0.01784943936494102,Mye,0.214,0.12,1.79,1.0
865_A_C,39,5.31175264244531,0.021182036770656474,Lym_P,0.128,0.048,2.68,1.0
11164_A_T,34,5.310609059365375,0.021195945068510632,Lym_P,0.118,0.048,2.46,1.0
976_A_C,42,7.673587394671591,0.02156262693567945,Lym_P,0.095,0.048,1.99,1.0
3587_C_G,43,7.2299905641946705,0.02691705220896089,Lym_P,0.116,0.048,2.43,1.0
7615_A_C,39,4.875380536701656,0.02724243362834314,Mye_P,0.282,0.162,1.74,1.0
6933_T_C,45,7.03873498019845,0.02961816302584645,Lym_P,0.4,0.048,8.35,1.0
15113_A_C,33,4.699056392542871,0.030179182142379354,Mye,0.333,0.12,2.78,1.0
12219_A_G,129,8.839244995544398,0.031506355183434816,Lym_P,0.078,0.048,1.62,1.0
3642_C_T,44,6.795255879069977,0.033452527339071544,Mye_P,0.295,0.162,1.82,1.0
515_A_G,72,6.755731311908766,0.03412020132238783,Lym_P,0.083,0.048,1.74,1.0
6425_T_C,96,6.652653152971281,0.03592483009424262,Lym_P,0.135,0.048,2.83,1.0
12764_G_A,33,4.1612334113497225,0.04135927584110013,Mye,0.212,0.12,1.77,1.0
9539_A_G,32,3.9476341644870945,0.04693731349276683,Mye,0.281,0.12,2.35,1.0
7063_T_C,49,6.011173083647069,0.04950970629691992,Mye_P,0.286,0.162,1.76,1.0
16293_A_G,31,3.8074180804117415,0.051026048819484346,Lym_P,0.161,0.048,3.37,1.0
3945_C_A,52,5.935705644442461,0.05141358600821433,Lym_P,0.077,0.048,1.61,1.0
15639_T_C,34,3.768969475354976,0.05221179122019643,Mye,0.294,0.12,2.46,1.0
13179_C_G,34,3.6572279401896517,0.055826443411604754,Mye,0.206,0.12,1.72,1.0
3703_C_G,38,3.5747948344115485,0.058662694885127147,Mye,0.342,0.12,2.86,1.0
10662_G_A,65,5.439291818751533,0.06589808418950047,Lym_P,0.323,0.048,6.75,1.0
3244_G_A,60,5.431318333659315,0.0661613272779883,Mye_P,0.267,0.162,1.64,1.0
14418_C_A,35,3.349104824706381,0.06724157110184394,Mye,0.286,0.12,2.39,1.0
4848_G_A,73,5.369366417948367,0.06824280928193013,Lym,0.822,0.67,1.23,1.0
6763_T_G,41,3.269622726103269,0.07057385200121233,Lym_P,0.146,0.048,3.06,1.0
13360_T_G,31,3.2357714471450767,0.07204636446877061,Lym_P,0.161,0.048,3.37,1.0
14220_A_C,40,3.2347946595331822,0.0720893400032765,Lym_P,0.15,0.048,3.13,1.0
6555_A_T,39,3.2072892046485397,0.07331084958223799,Lym_P,0.205,0.048,4.28,1.0
2569_C_G,50,5.2247617800329005,0.0733596743569649,Lym_P,0.12,0.048,2.51,1.0
11517_T_C,40,3.144715111753358,0.07617330192210271,Mye,0.2,0.12,1.67,1.0
8299_G_T,34,3.05246620738112,0.08061464316377646,Lym_P,0.118,0.048,2.46,1.0
3943_A_G,52,4.825156678660266,0.08958401854796297,Lym_P,0.077,0.048,1.61,1.0
3944_T_A,50,4.805308238694301,0.09047749625644012,Lym_P,0.08,0.048,1.67,1.0
12975_A_G,35,2.71727548155107,0.09926732422325771,Lym_P,0.086,0.048,1.79,1.0
6299_A_G,39,2.599249592753034,0.10691432663259869,Lym_P,0.128,0.048,2.68,1.0
12633_C_T,32,2.588939580961926,0.10761236116445906,Lym_P,0.188,0.048,3.92,1.0
5782_T_G,32,2.5579875254447373,0.109738196912431,Lym_P,0.062,0.048,1.31,1.0
2819_G_A,45,4.335798791414048,0.11441771098611847,Mye_P,0.267,0.162,1.64,1.0
15149_T_G,36,2.472563866717782,0.1158488154967646,Lym_P,0.278,0.048,5.8,1.0
5978_A_C,48,4.290550614472403,0.11703581180252484,Lym,0.833,0.67,1.24,1.0
5150_C_A,63,4.259217266915382,0.11888381189541107,Lym_P,0.111,0.048,2.32,1.0
5751_A_G,32,2.431078762399924,0.11895101434812047,Lym_P,0.094,0.048,1.96,1.0
5750_A_G,31,2.3915181368485032,0.12199510466006006,Lym_P,0.129,0.048,2.69,1.0
3707_G_T,43,4.201518687237522,0.1223634770410329,Mye,0.209,0.12,1.75,1.0
13800_C_G,33,2.3626519475403596,0.12427077131444081,Mye,0.273,0.12,2.28,1.0
13377_C_A,32,2.308815815103526,0.12864202105818678,Mye,0.344,0.12,2.87,1.0
204_T_C,52,3.941087672293637,0.1393810351547049,Mye_P,0.25,0.162,1.54,1.0
123_A_C,40,2.182158999874905,0.13961848187545697,Mye_P,0.25,0.162,1.54,1.0
6716_A_T,35,2.0783865926621816,0.14939801578128675,Lym_P,0.143,0.048,2.98,1.0
3586_C_G,37,2.022909653899767,0.1549419980962887,Lym_P,0.108,0.048,2.26,1.0
11844_C_T,32,1.9415865509204895,0.1634963723928703,Lym_P,0.125,0.048,2.61,1.0
13122_C_T,31,1.8625134370854712,0.17233499366531063,Mye,0.194,0.12,1.62,1.0
12818_G_C,43,3.3336293115119484,0.18884765337726403,Mye,0.186,0.12,1.55,1.0
7345_A_G,59,3.270780593229422,0.1948762968953914,Lym_P,0.119,0.048,2.48,1.0
662_T_C,71,3.2060175082203246,0.20128997394482973,Lym,0.775,0.67,1.16,1.0
3917_A_G,39,1.49707293227757,0.2211222889422659,Lym_P,0.103,0.048,2.14,1.0
15976_T_C,64,2.788571940643353,0.24801005970290066,Lym,0.766,0.67,1.14,1.0
11410_T_A,35,1.1488285816124577,0.28379450280124163,Mye,0.2,0.12,1.67,1.0
15366_A_C,61,2.5037895473021914,0.28596244909557383,Lym_P,0.082,0.048,1.71,1.0
7340_G_A,35,1.0330558682914013,0.3094420112439399,Mye_P,0.229,0.162,1.41,1.0
13121_G_T,34,1.0227700747844355,0.3118628395957439,Mye,0.176,0.12,1.47,1.0
2817_G_A,52,2.3122166750040583,0.314708540258727,Mye_P,0.231,0.162,1.42,1.0
16390_G_A,38,1.0034320351481962,0.31648147846124625,Lym_P,0.184,0.048,3.85,1.0
879_T_C,69,2.287678250883926,0.31859355034734554,Lym_P,0.072,0.048,1.51,1.0
5752_A_G,55,2.2323563856868702,0.32752915897126983,Lym_P,0.145,0.048,3.04,1.0
189_A_G,52,2.197946159685623,0.33321309130086924,Mye,0.154,0.12,1.29,1.0
11456_G_A,31,0.8507277251571825,0.3563465493590734,Mye,0.226,0.12,1.89,1.0
2847_C_G,34,0.7585353178061386,0.38378728019897423,Mye,0.235,0.12,1.97,1.0
14011_G_A,122,3.0356828603889103,0.3861562344312793,Lym_P,0.074,0.048,1.54,1.0
196_T_C,62,1.8643680830278078,0.3936929290219489,Lym_P,0.113,0.048,2.36,1.0
7383_T_G,39,0.7226381747051517,0.3952799011669451,Lym_P,0.128,0.048,2.68,1.0
14569_G_A,38,0.47480698399206744,0.4907840035155956,Mye,0.237,0.12,1.98,1.0
2023_T_A,32,0.4016432063328076,0.5262418546376457,Mye,0.219,0.12,1.83,1.0
1201_A_G,31,0.3695259521847805,0.5432627782423372,Mye,0.194,0.12,1.62,1.0
11274_G_A,45,1.071780356425827,0.5851481720811195,Lym_P,0.111,0.048,2.32,1.0
5747_A_G,41,0.2871217092192507,0.5920709381954294,Mye,0.195,0.12,1.63,1.0
13391_A_G,36,0.2596847429654221,0.6103368233271667,Mye_P,0.194,0.162,1.2,1.0
12215_T_C,41,0.2394703993728187,0.6245888821248152,Lym_P,0.098,0.048,2.04,1.0
1189_T_C,8404,1.3533377996374178,0.7165081137368939,Lym_P,0.049,0.048,1.02,1.0
150_C_T,68,0.5521152424512645,0.7587692082898285,Mye_P,0.191,0.162,1.18,1.0
5748_A_G,34,0.07597790257485279,0.7828238968960007,Lym_P,0.088,0.048,1.84,1.0
263_A_G,8331,1.0147182655614664,0.7976906313408029,Lym_P,0.049,0.048,1.02,1.0
10550_A_G,8443,0.8453847482235106,0.8385835919289167,Mye_P,0.165,0.162,1.02,1.0
11390_G_T,32,0.022123282619384347,0.8817596058639973,Lym_P,0.062,0.048,1.31,1.0
497_C_T,8459,0.6330933168686805,0.8888163585727217,Mye,0.121,0.12,1.01,1.0
8860_A_G,8505,0.6275256180628673,0.8901031024038168,Mye_P,0.165,0.162,1.01,1.0
8856_G_C,8504,0.6068336775852692,0.894866192553325,Mye_P,0.165,0.162,1.01,1.0
10398_A_G,8480,0.576576214669799,0.9017731437729612,Mye_P,0.165,0.162,1.01,1.0
12372_G_A,8478,0.5021240232124017,0.9184245258308389,Lym_P,0.049,0.048,1.01,1.0
9055_G_A,8518,0.42550742509582595,0.9349242876948289,Lym_P,0.049,0.048,1.01,1.0
6260_G_A,8508,0.40799294961998034,0.9385864339652984,Mye,0.121,0.12,1.01,1.0
1811_A_G,8505,0.4000606020266264,0.9402299755931132,Lym_P,0.049,0.048,1.02,1.0
16519_T_C,8377,0.3750485396907737,0.9453472531100657,Lym_P,0.049,0.048,1.02,1.0
7028_C_T,8520,0.3663268056432176,0.9471072793990218,Lym_P,0.048,0.048,1.01,1.0
11467_A_G,8532,0.3499118368627083,0.9503835841066707,Lym_P,0.048,0.048,1.01,1.0
2706_A_G,8528,0.3221009874347148,0.9558196773990218,Lym_P,0.049,0.048,1.01,1.0
4769_A_G,8520,0.31886409052094145,0.9564424772667492,Lym_P,0.048,0.048,1.01,1.0
11485_T_C,8548,0.30692969755281163,0.9587199661845576,Mye_P,0.164,0.162,1.01,1.0
14167_C_T,8507,0.3063804841755003,0.9588240508937695,Lym_P,0.049,0.048,1.02,1.0
1438_A_G,8522,0.2935889758180839,0.9612296769619625,Lym_P,0.049,0.048,1.01,1.0
14384_G_A,8533,0.2829004855600941,0.9632116889717096,Mye,0.121,0.12,1.01,1.0
12308_A_G,8537,0.25998576484606384,0.9673695842781702,Mye_P,0.164,0.162,1.01,1.0
14798_T_C,8553,0.20447640964723512,0.9768634375363756,Mye_P,0.164,0.162,1.01,1.0
16311_T_C,8514,0.2011528031350961,0.9774029816908045,Mye_P,0.164,0.162,1.01,1.0
3480_A_G,8543,0.19553152880508776,0.9783074179923472,Lym_P,0.048,0.048,1.01,1.0
15326_A_G,8553,0.19136088130445444,0.9789717489803514,Mye_P,0.164,0.162,1.01,1.0
14766_C_T,8547,0.1800467039077039,0.9807442884551573,Mye,0.121,0.12,1.01,1.0
12957_T_C,8537,0.17774232932753192,0.9810998495299048,Lym_P,0.048,0.048,1.01,1.0
9698_T_C,8574,0.16278563560238885,0.983360788837734,Lym_P,0.048,0.048,1.01,1.0
11840_C_T,8538,0.13600068373148244,0.9871920350646001,Lym_P,0.048,0.048,1.01,1.0
13740_T_C,8535,0.12662267865695248,0.9884615256880546,Lym_P,0.049,0.048,1.01,1.0
73_A_G,8543,0.11763115575288212,0.9896407579194066,Lym_P,0.048,0.048,1.01,1.0
750_A_G,8578,0.11056839034308266,0.9905396958772247,Mye_P,0.163,0.162,1.01,1.0
16224_T_C,8568,0.10498316745860649,0.9912327917580553,Lym_P,0.048,0.048,1.01,1.0
195_T_C,8543,0.10194316271251869,0.9916032214533731,Lym_P,0.048,0.048,1.01,1.0
11299_T_C,8538,0.10162511136605851,0.9916416934881386,Lym_P,0.048,0.048,1.01,1.0
8098_A_G,8564,0.09248516542395681,0.9927237256090833,Lym_P,0.048,0.048,1.01,1.0
11719_G_A,8585,0.06198961333951651,0.9959706500140237,Lym_P,0.048,0.048,1.0,1.0
