variant,n_car,carrier_frac,LR,split,Variants,med_alt,med_dp,max_alt,mean_alt,within_carrier_vaf,det
10013_C_A,80,0.0069,0.0,False,10013_C_A,1.0,37.0,2,1.025,0.0277027027027027,False
10604_T_C,312,0.0268,2037.5374816444448,False,10604_T_C,2.0,15.5,59,5.0,0.3225806451612903,True
10662_G_A,94,0.0081,666.1952273476916,False,10662_G_A,1.0,24.0,46,6.691489361702128,0.27881205673758863,True
10775_G_A,139,0.0119,1986.635325270141,False,10775_G_A,4.0,19.0,73,8.323741007194245,0.4380916319575919,True
11464_C_A,61,0.0052,0.0,False,11464_C_A,1.0,34.0,1,1.0,0.029411764705882353,False
11556_T_G,101,0.0087,0.0,False,11556_T_G,1.0,29.0,2,1.00990099009901,0.03482417207237965,False
11594_C_G,60,0.0052,0.0,False,11594_C_G,1.0,39.0,2,1.0166666666666666,0.026068376068376066,False
12178_C_T,72,0.0062,0.0,False,12178_C_T,1.0,33.0,2,1.0277777777777777,0.031144781144781142,False
12179_A_G,91,0.0078,0.0,False,12179_A_G,1.0,33.0,2,1.010989010989011,0.030636030636030636,False
12219_A_G,185,0.0159,0.0,False,12219_A_G,1.0,26.0,2,1.0324324324324323,0.039708939708939704,False
12239_C_G,74,0.0064,0.0,False,12239_C_G,1.0,35.5,1,1.0,0.028169014084507043,False
123_A_C,59,0.0051,0.0,False,123_A_C,1.0,25.0,1,1.0,0.04,False
12628_T_G,103,0.0089,0.0,False,12628_T_G,1.0,27.0,2,1.0194174757281553,0.037756202804746494,False
1267_T_C,64,0.0055,0.0,False,1267_T_C,1.0,25.0,9,1.125,0.045,False
12818_G_C,62,0.0053,0.0,False,12818_G_C,1.0,30.0,2,1.0161290322580645,0.03387096774193548,False
13175_T_C,84,0.0072,0.0,False,13175_T_C,1.0,29.5,2,1.0238095238095237,0.03470540758676351,False
1334_G_A,63,0.0054,0.0,False,1334_G_A,1.0,36.0,5,1.1111111111111112,0.0308641975308642,False
13369_T_C,69,0.0059,0.0,False,13369_T_C,1.0,42.0,44,2.5652173913043477,0.061076604554865424,False
13589_T_C,144,0.0124,0.0,False,13589_T_C,1.0,30.0,2,1.0138888888888888,0.033796296296296297,False
1368_T_C,124,0.0107,0.0,False,1368_T_C,1.0,34.0,5,1.0564516129032258,0.03107210626185958,False
1369_T_C,91,0.0078,0.0,False,1369_T_C,1.0,38.0,2,1.021978021978022,0.02689415847310584,False
14011_G_A,179,0.0154,2087.751827003801,False,14011_G_A,1.0,19.0,33,7.139664804469274,0.37577183181417234,True
14363_A_G,67,0.0058,0.0,False,14363_A_G,1.0,29.0,2,1.0149253731343284,0.034997426659804425,False
14419_C_T,62,0.0053,0.0,False,14419_C_T,1.0,27.5,2,1.032258064516129,0.0375366568914956,False
14569_G_A,68,0.0058,916.7478158733976,False,14569_G_A,1.0,26.0,72,8.426470588235293,0.32409502262443435,True
1468_T_C,128,0.011,0.0,False,1468_T_C,1.0,32.0,2,1.0078125,0.031494140625,False
15041_G_T,98,0.0084,0.0,False,15041_G_T,1.0,32.0,2,1.010204081632653,0.031568877551020405,False
15043_G_A,112,0.0096,0.0,False,15043_G_A,1.0,33.0,4,1.0625,0.032196969696969696,False
150_C_T,103,0.0089,808.4436643344939,False,150_C_T,1.0,19.0,42,4.718446601941747,0.24833929483903933,True
15196_A_G,75,0.0064,0.0,False,15196_A_G,1.0,35.0,1,1.0,0.02857142857142857,False
15366_A_C,90,0.0077,0.0,False,15366_A_C,1.0,24.5,2,1.011111111111111,0.04126984126984127,False
15470_T_C,290,0.0249,2143.148099260822,False,15470_T_C,3.0,17.0,49,5.317241379310345,0.31277890466531444,True
1556_C_T,81,0.007,0.0,False,1556_C_T,1.0,28.0,1,1.0,0.03571428571428571,False
15780_A_G,139,0.0119,1335.3248129024746,False,15780_A_G,4.0,23.0,66,6.661870503597123,0.2896465436346575,True
15784_T_C,89,0.0076,0.0,False,15784_T_C,1.0,27.0,20,1.3932584269662922,0.05160216396171453,False
15785_T_C,91,0.0078,0.0,False,15785_T_C,1.0,27.0,7,1.10989010989011,0.04110704110704111,False
15976_T_C,79,0.0068,669.0758858582412,False,15976_T_C,1.0,19.0,37,4.924050632911392,0.25916055962691537,True
16129_G_A,96,0.0083,971.940052848998,False,16129_G_A,2.0,23.0,35,5.989583333333333,0.26041666666666663,True
16312_A_C,64,0.0055,0.0,False,16312_A_C,1.0,30.0,1,1.0,0.03333333333333333,False
189_A_G,69,0.0059,613.6833559734159,False,189_A_G,2.0,14.0,17,4.420289855072464,0.31573498964803315,True
196_T_C,86,0.0074,0.0,False,196_T_C,1.0,22.0,2,1.0232558139534884,0.046511627906976744,False
204_T_C,69,0.0059,859.0450415088453,False,204_T_C,3.0,12.0,42,5.6521739130434785,0.4710144927536232,True
2569_C_G,68,0.0058,0.0,False,2569_C_G,1.0,35.5,2,1.0147058823529411,0.028583264291632143,False
2721_G_A,258,0.0222,3887.8975018981087,False,2721_G_A,3.0,18.0,60,7.833333333333333,0.4351851851851852,True
2817_G_A,65,0.0056,409.0914817078858,False,2817_G_A,1.0,22.0,26,3.523076923076923,0.16013986013986015,True
2819_G_A,61,0.0052,0.0,False,2819_G_A,1.0,39.0,20,1.5573770491803278,0.039932744850777635,False
2940_A_T,113,0.0097,0.0,False,2940_A_T,1.0,33.0,1,1.0,0.030303030303030304,False
3109_T_C,1352,0.1162,0.0,False,3109_T_C,1.0,26.0,5,1.132396449704142,0.04355370960400547,False
3244_G_A,73,0.0063,359.7660116643474,False,3244_G_A,1.0,24.0,44,4.506849315068493,0.18778538812785386,True
3587_C_G,67,0.0058,0.0,False,3587_C_G,1.0,22.0,1,1.0,0.045454545454545456,False
3642_C_T,59,0.0051,0.0,False,3642_C_T,1.0,23.0,1,1.0,0.043478260869565216,False
3644_T_C,65,0.0056,0.0,False,3644_T_C,1.0,26.0,15,1.323076923076923,0.05088757396449704,False
3707_G_T,63,0.0054,0.0,False,3707_G_T,1.0,34.0,1,1.0,0.029411764705882353,False
3943_A_G,74,0.0064,0.0,False,3943_A_G,1.0,34.0,1,1.0,0.029411764705882353,False
3944_T_A,71,0.0061,0.0,False,3944_T_A,1.0,33.0,1,1.0,0.030303030303030304,False
3945_C_A,75,0.0064,0.0,False,3945_C_A,1.0,33.0,1,1.0,0.030303030303030304,False
4848_G_A,94,0.0081,931.2396465550988,False,4848_G_A,1.0,17.0,23,5.23404255319149,0.30788485607008764,True
4953_A_C,100,0.0086,0.0,False,4953_A_C,1.0,38.0,2,1.01,0.026578947368421053,False
513_G_A,73,0.0063,0.5836025115936536,False,513_G_A,1.0,25.0,13,1.8767123287671232,0.07506849315068492,False
5150_C_A,83,0.0071,0.0,False,5150_C_A,1.0,28.0,2,1.0120481927710843,0.03614457831325301,False
515_A_G,105,0.009,0.0,False,515_A_G,1.0,23.0,3,1.0285714285714285,0.044720496894409933,False
5209_C_G,86,0.0074,0.0,False,5209_C_G,1.0,25.5,2,1.0232558139534884,0.04012767897856817,False
5740_C_T,72,0.0062,0.0,False,5740_C_T,1.0,37.5,2,1.0138888888888888,0.027037037037037037,False
5752_A_G,77,0.0066,0.0,False,5752_A_G,1.0,35.0,1,1.0,0.02857142857142857,False
5764_C_T,496,0.0426,0.0,False,5764_C_T,1.0,41.0,3,1.0524193548387097,0.02566876475216365,False
5765_C_A,343,0.0295,0.0,False,5765_C_A,1.0,40.0,3,1.043731778425656,0.026093294460641396,False
5766_C_G,296,0.0254,0.0,False,5766_C_G,1.0,39.5,2,1.0337837837837838,0.026171741361614778,False
5850_T_G,64,0.0055,0.0,False,5850_T_G,1.0,35.5,2,1.015625,0.028609154929577465,False
5852_T_A,86,0.0074,0.0,False,5852_T_A,1.0,34.5,2,1.0232558139534884,0.02965958881024604,False
5978_A_C,60,0.0052,1143.5885749199556,False,5978_A_C,4.0,18.0,47,9.3,0.5166666666666667,True
6320_T_C,71,0.0061,0.0,False,6320_T_C,1.0,29.0,22,1.323943661971831,0.045653229723166586,False
6425_T_C,131,0.0113,0.0,False,6425_T_C,1.0,23.0,2,1.0076335877862594,0.04381015599070693,False
6559_T_C,95,0.0082,0.0,False,6559_T_C,1.0,38.0,2,1.0210526315789474,0.026869806094182828,False
6577_G_A,118,0.0101,0.0,False,6577_G_A,1.0,39.0,2,1.0169491525423728,0.026075619295958277,False
662_T_C,91,0.0078,914.033586640258,False,662_T_C,3.0,14.0,24,5.087912087912088,0.36342229199372056,True
6912_G_A,123,0.0106,1301.5499384991886,False,6912_G_A,1.0,30.0,134,8.357723577235772,0.2785907859078591,True
6933_T_C,71,0.0061,365.6658554043918,False,6933_T_C,1.0,25.0,32,5.352112676056338,0.2140845070422535,True
7063_T_C,72,0.0062,0.0,False,7063_T_C,1.0,30.5,38,1.6527777777777777,0.054189435336976316,False
7210_T_A,62,0.0053,0.0,False,7210_T_A,1.0,30.5,1,1.0,0.03278688524590164,False
7345_A_G,82,0.007,0.0,False,7345_A_G,1.0,39.5,1,1.0,0.02531645569620253,False
7346_A_G,76,0.0065,0.0,False,7346_A_G,1.0,39.5,2,1.013157894736842,0.02564956695536309,False
7626_C_G,86,0.0074,0.0,False,7626_C_G,1.0,34.5,1,1.0,0.028985507246376812,False
768_A_G,81,0.007,0.0,False,768_A_G,1.0,34.0,1,1.0,0.029411764705882353,False
866_A_C,61,0.0052,0.0,False,866_A_C,1.0,40.0,2,1.0163934426229508,0.02540983606557377,False
879_T_C,93,0.008,832.7121850228173,False,879_T_C,1.0,22.0,73,6.870967741935484,0.312316715542522,True
880_C_T,67,0.0058,0.0,False,880_C_T,1.0,35.0,3,1.0298507462686568,0.02942430703624734,False
9616_T_C,62,0.0053,0.0,False,9616_T_C,1.0,32.0,2,1.0161290322580645,0.031754032258064516,False
973_C_T,80,0.0069,0.0,False,973_C_T,1.0,37.5,1,1.0,0.02666666666666667,False
976_A_C,67,0.0058,0.0,False,976_A_C,1.0,35.0,1,1.0,0.02857142857142857,False
9918_G_A,118,0.0101,0.0,False,9918_G_A,1.0,38.0,30,1.4661016949152543,0.03858162355040143,False
