sample	method	params	n_cells_used	n_groups	group_sizes	n_candidates	n_licensed	n_confident	max_effect_dvaf	min_empirical_p	top_pos	top_region	top_gene_change	top_direction	top_group_vafs	note	mixing_artifact
GBM1M	atacKMeans	k4	27447	4	"{""a0"": 25333, ""a1"": 1168, ""a2"": 562, ""a3"": 415}"	90	59	40	0.2017	0.0	6854.0	MT-CO1	T>C	a0	a0=20.4%(n3304), a2=2.2%(n172), a1=1.3%(n247), a3=0.2%(n102)		False
GBM1M	atacKMeans	k6	27447	6	"{""a0"": 6631, ""a1"": 18527, ""a2"": 322, ""a3"": 1065, ""a4"": 406, ""a5"": 527}"	90	61	38	0.6403	0.0	8448.0	MT-ATP8	C>T	a0	a0=64.8%(n1634), a1=3.9%(n4198), a2=1.9%(n98), a5=1.5%(n237)		False
GBM1M	atacKMeans	k2	27447	2	"{""a0"": 26278, ""a1"": 1200}"	90	54	37	0.2287	0.0	8860.0	MT-ATP6	G>A	a0	a0=25.1%(n1927), a1=2.2%(n129)		False
GBM1M	atacKMeans	k8	27447	8	"{""a0"": 18448, ""a1"": 129, ""a2"": 322, ""a3"": 1048, ""a4"": 6470, ""a5"": 406, ""a6"": 511, ""a7"": 144}"	90	62	34	0.7041	0.0	8448.0	MT-ATP8	C>T	a4	a4=71.0%(n1534), a7=4.0%(n58), a0=3.9%(n4162), a2=1.8%(n98)		False
ATAC_RCC101	atacKMeans	k2	1633	2	"{""a0"": 708, ""a1"": 925}"	259	24	17	0.1399	0.0	10680.0	MT-ND4L	G>A	a0	a0=25.5%(n212), a1=11.5%(n244)		False
ATAC_RCC84	atacKMeans	k2	922	2	"{""a0"": 220, ""a1"": 702}"	421	17	13	0.0513	0.0033	3578.0	MT-ND1	T>A	a1	a1=6.2%(n172), a0=1.0%(n99)		False
ATAC_RCC104	atacKMeans	k4	7954	4	"{""a0"": 593, ""a1"": 4765, ""a2"": 1936, ""a3"": 661}"	188	13	12	0.2459	0.0	9829.0	MT-CO3	C>T	a0	a0=35.3%(n188), a3=35.2%(n164), a1=20.1%(n1370), a2=10.7%(n1177)		False
ATAC_RCC116	atacKMeans	k4	5060	4	"{""a0"": 996, ""a1"": 2661, ""a2"": 804, ""a3"": 599}"	265	17	12	0.0433	0.0	15881.0	MT-CYB	T>C	a3	a3=4.5%(n118), a1=0.7%(n335), a0=0.5%(n179), a2=0.2%(n125)		False
ATAC_RCC104	atacKMeans	k2	7954	2	"{""a0"": 1201, ""a1"": 6754}"	188	13	11	0.2047	0.0	9829.0	MT-CO3	C>T	a0	a0=35.3%(n326), a1=14.8%(n2573)		False
ATAC_RCC115	atacKMeans	k2	13200	2	"{""a0"": 1178, ""a1"": 12022}"	448	19	11	0.0291	0.01	13829.0	MT-ND5	T>C	a0	a0=3.6%(n110), a1=0.7%(n1033)		False
ATAC_RCC103	atacKMeans	k2	2614	2	"{""a0"": 1861, ""a1"": 753}"	494	24	11	0.0283	0.0	14999.0	MT-CYB	A>C	a1	a1=3.0%(n92), a0=0.2%(n239)		False
ATAC_RCC116	atacKMeans	k2	5060	2	"{""a0"": 1038, ""a1"": 4022}"	265	13	10	0.0234	0.0	6116.0	MT-CO1	A>G	a0	a0=2.5%(n112), a1=0.1%(n342)		False
ATAC_RCC104	atacKMeans	k8	7954	8	"{""a0"": 177, ""a1"": 653, ""a2"": 519, ""a3"": 1025, ""a4"": 200, ""a5"": 518, ""a6"": 487, ""a7"": 4376}"	188	19	9	0.6529	0.0	9829.0	MT-CO3	C>T	a6	a6=67.6%(n236), a5=35.6%(n158), a1=34.8%(n161), a4=31.8%(n85)		False
ATAC_RCC104	atacKMeans	k6	7954	6	"{""a0"": 205, ""a1"": 656, ""a2"": 1420, ""a3"": 636, ""a4"": 4519, ""a5"": 519}"	188	21	9	0.3296	0.0	9829.0	MT-CO3	C>T	a5	a5=35.4%(n158), a1=34.3%(n161), a0=31.9%(n88), a4=19.3%(n1258)		False
MPAL5_T2	epiAneufinderCNV	k2	23313	2	"{""cnv0"": 28651, ""cnv1"": 248}"	309	18	9	0.0592	0.0	9637.0	MT-CO3	T>C	cnv1	cnv1=6.7%(n48), cnv0=0.8%(n2577)		False
MPAL5_T2	epiAneufinderCNV	k4	23313	4	"{""cnv0"": 662, ""cnv1"": 1005, ""cnv2"": 26984, ""cnv3"": 248}"	309	18	9	0.0542	0.0	9637.0	MT-CO3	T>C	cnv3	cnv3=5.8%(n48), cnv1=0.9%(n141), cnv2=0.9%(n2375), cnv0=0.3%(n61)		False
ATAC_RCC96	atacKMeans	k2	3161	2	"{""a0"": 448, ""a1"": 2714}"	164	14	9	0.0346	0.0	3412.0	MT-ND1	G>A	a0	a0=3.6%(n165), a1=0.1%(n633)		False
ATAC_RCC94	atacKMeans	k2	4697	2	"{""a0"": 595, ""a1"": 4102}"	256	11	9	0.0314	0.0033	8087.0	MT-CO2	T>C	a0	a0=3.8%(n117), a1=0.6%(n461)		False
ATAC_RCC114	atacKMeans	k2	3815	2	"{""a0"": 3001, ""a1"": 817}"	313	13	9	0.0295	0.0	5068.0	MT-ND2	T>C	a1	a1=3.9%(n86), a0=1.0%(n312)		False
ATAC_RCC100	atacKMeans	k2	7568	2	"{""a0"": 6284, ""a1"": 1289}"	190	11	9	0.0229	0.0033	3526.0	MT-ND1	G>A	a0	a0=2.7%(n1004), a1=0.4%(n360)		False
SN_MULTI_2960	rnaKMeans	k2	1277	2	"{""r0"": 1024, ""r1"": 316}"	53	10	9	0.0146	0.0	15038.0	MT-CYB	A>C	r1	r1=2.4%(n227), r0=1.0%(n442)		False
SN_MULTI_2960	rnaWard	k2	1277	2	"{""r0"": 1025, ""r1"": 315}"	53	10	9	0.0146	0.0	15038.0	MT-CYB	A>C	r1	r1=2.4%(n227), r0=1.0%(n442)		False
ATAC_RCC81	atacKMeans	k2	2836	2	"{""a0"": 2448, ""a1"": 395}"	114	10	8	0.1158	0.0	10724.0	MT-ND4L	T>G	a0	a0=12.1%(n839), a1=0.5%(n180)		False
MPAL5_T2	epiAneufinderCNV	k3	23313	3	"{""cnv0"": 27989, ""cnv1"": 248, ""cnv2"": 662}"	309	20	8	0.0553	0.0	9637.0	MT-CO3	T>C	cnv1	cnv1=5.9%(n48), cnv0=0.8%(n2516), cnv2=0.4%(n61)		False
ATAC_RCC115	atacKMeans	k4	13200	4	"{""a0"": 9855, ""a1"": 699, ""a2"": 1142, ""a3"": 1504}"	448	23	8	0.0254	0.0	6547.0	MT-CO1	T>G	a1	a1=2.7%(n101), a2=0.7%(n137), a0=0.4%(n1156), a3=0.2%(n189)		False
ATAC_RCC87	atacKMeans	k2	2205	2	"{""a0"": 1462, ""a1"": 744}"	121	10	7	0.2759	0.0	12374.0	MT-ND5	C>A	a1	a1=37.5%(n252), a0=9.9%(n304)		False
MPAL2_T2	epiAneufinderCNV	k2	6501	2	"{""cnv0"": 2761, ""cnv1"": 4059}"	210	10	7	0.0452	0.0033	4769.0	MT-ND2	G>T	cnv0	cnv0=5.7%(n118), cnv1=1.2%(n107)		False
ATAC_RCC99	atacKMeans	k2	6233	2	"{""a0"": 5274, ""a1"": 975}"	100	7	7	0.0321	0.0067	10353.0	MT-ND3	G>A	a1	a1=3.2%(n237), a0=0.0%(n1012)		False
SN_MULTI_2960	rnaKMeans	k6	1277	6	"{""r0"": 100, ""r1"": 397, ""r2"": 360, ""r3"": 217, ""r4"": 181, ""r5"": 85}"	53	8	7	0.0131	0.01	14569.0	MT-ND6	G>T	r0	r0=1.6%(n70), r3=1.1%(n147), r1=0.9%(n160), r5=0.7%(n75)		False
SN_MULTI_2960	rnaKMeans	k4	1277	4	"{""r0"": 271, ""r1"": 394, ""r2"": 361, ""r3"": 314}"	53	7	6	0.0125	0.0	6069.0	MT-CO1	G>T	r1	r1=1.5%(n142), r0=0.6%(n149), r3=0.6%(n215), r2=0.2%(n135)		False
SN_MULTI_2942	rnaWard	k6	2760	6	"{""r0"": 1682, ""r1"": 220, ""r2"": 558, ""r3"": 391, ""r4"": 246, ""r5"": 77}"	36	9	6	0.0116	0.0067	14989.0	MT-CYB	C>G	r0	r0=1.7%(n573), r1=1.3%(n115), r5=0.6%(n70), r4=0.6%(n137)		False
SN_MULTI_2942	rnaKMeans	k6	2760	6	"{""r0"": 221, ""r1"": 1664, ""r2"": 543, ""r3"": 242, ""r4"": 104, ""r5"": 400}"	36	6	6	0.0115	0.0067	14989.0	MT-CYB	C>G	r1	r1=1.6%(n564), r0=1.6%(n116), r4=0.6%(n93), r3=0.6%(n135)		False
ATAC_RCC87	atacKMeans	k4	2205	4	"{""a0"": 503, ""a1"": 683, ""a2"": 763, ""a3"": 257}"	121	8	5	0.3125	0.0	12374.0	MT-ND5	C>A	a1	a1=37.4%(n237), a0=16.2%(n108), a2=11.1%(n147), a3=6.1%(n64)		False
PDAC06	rnaWard	k2	4437	2	"{""r0"": 2192, ""r1"": 2788}"	64	6	5	0.079	0.0	11180.0	MT-ND4	G>A	r1	r1=17.1%(n620), r0=9.2%(n347)		False
ATAC_RCC120	atacKMeans	k2	7856	2	"{""a0"": 1591, ""a1"": 6265}"	536	14	5	0.0221	0.0067	6870.0	MT-CO1	T>A	a0	a0=2.4%(n98), a1=0.2%(n219)		False
ATAC_RCC106	atacKMeans	k4	8067	4	"{""a0"": 780, ""a1"": 2077, ""a2"": 4951, ""a3"": 260}"	132	8	5	0.0173	0.0133	7953.0	MT-CO2	T>C	a3	a3=3.1%(n134), a0=2.5%(n387), a2=1.8%(n2514), a1=1.4%(n1040)		False
SN_MULTI_2942	rnaWard	k8	2760	8	"{""r0"": 220, ""r1"": 391, ""r2"": 558, ""r3"": 359, ""r4"": 246, ""r5"": 77, ""r6"": 238, ""r7"": 1085}"	36	7	5	0.0161	0.0033	14989.0	MT-CYB	C>G	r6	r6=2.2%(n100), r7=1.6%(n367), r0=1.4%(n115), r3=0.8%(n106)		False
SN_MULTI_2942	rnaWard	k4	2760	4	"{""r0"": 543, ""r1"": 1682, ""r2"": 558, ""r3"": 391}"	36	7	5	0.0128	0.0033	14989.0	MT-CYB	C>G	r1	r1=1.7%(n573), r0=0.7%(n322), r2=0.6%(n153), r3=0.4%(n62)		False
SN_MULTI_2942	rnaKMeans	k8	2760	8	"{""r0"": 104, ""r1"": 543, ""r2"": 915, ""r3"": 259, ""r4"": 399, ""r5"": 240, ""r6"": 494, ""r7"": 220}"	36	6	5	0.0127	0.0167	3371.0	MT-ND1	T>C	r5	r5=1.5%(n134), r2=1.0%(n315), r0=0.8%(n91), r3=0.6%(n99)		False
MPAL2_T2	epiAneufinderCNV	k3	6501	3	"{""cnv0"": 1994, ""cnv1"": 4059, ""cnv2"": 767}"	210	8	5	0.0116	0.0133	7424.0	MT-CO1	A>C	cnv2	cnv2=1.4%(n175), cnv0=0.8%(n397), cnv1=0.3%(n498)		False
ATAC_RCC106	atacKMeans	k2	8067	2	"{""a0"": 2130, ""a1"": 5938}"	132	8	5	0.0072	0.0033	7953.0	MT-CO2	T>C	a1	a1=2.0%(n3002), a0=1.3%(n1073)		False
PDAC06	rnaWard	k6	4437	6	"{""r0"": 989, ""r1"": 619, ""r2"": 836, ""r3"": 584, ""r4"": 1357, ""r5"": 595}"	64	8	4	0.3763	0.0	11180.0	MT-ND4	G>A	r5	r5=45.8%(n121), r4=12.1%(n318), r1=10.1%(n95), r0=9.4%(n157)		False
ATAC_RCC81	atacKMeans	k4	2836	4	"{""a0"": 1783, ""a1"": 544, ""a2"": 368, ""a3"": 148}"	114	12	4	0.177	0.0	10724.0	MT-ND4L	T>G	a0	a0=17.8%(n578), a3=6.8%(n49), a1=1.0%(n227), a2=0.1%(n165)		False
PDAC06	rnaKMeans	k2	4437	2	"{""r0"": 2693, ""r1"": 2287}"	64	6	4	0.0636	0.0	11180.0	MT-ND4	G>A	r0	r0=16.7%(n590), r1=10.4%(n377)		False
MPAL2_T2	epiAneufinderCNV	k4	6501	4	"{""cnv0"": 1704, ""cnv1"": 4059, ""cnv2"": 767, ""cnv3"": 290}"	210	7	4	0.0239	0.0067	4631.0	MT-ND2	A>T	cnv3	cnv3=2.8%(n75), cnv0=0.8%(n366), cnv2=0.6%(n171), cnv1=0.4%(n533)		False
ATAC_RCC119	atacKMeans	k2	5596	2	"{""a0"": 1345, ""a1"": 4252}"	280	7	4	0.0215	0.03	4142.0	MT-ND1	G>T	a0	a0=2.6%(n113), a1=0.5%(n285)		False
SN_MULTI_2960	rnaWard	k4	1277	4	"{""r0"": 270, ""r1"": 315, ""r2"": 370, ""r3"": 385}"	53	5	4	0.0131	0.0	15038.0	MT-CYB	A>C	r1	r1=2.2%(n227), r3=1.0%(n147), r0=1.0%(n155), r2=0.9%(n140)		False
SN_MULTI_2960	rnaWard	k6	1277	6	"{""r0"": 161, ""r1"": 385, ""r2"": 370, ""r3"": 102, ""r4"": 109, ""r5"": 213}"	53	5	4	0.0127	0.01	15038.0	MT-CYB	A>C	r5	r5=2.2%(n152), r3=2.0%(n75), r4=1.0%(n87), r1=1.0%(n147)		False
SN_MULTI_2942	rnaKMeans	k4	2760	4	"{""r0"": 401, ""r1"": 1664, ""r2"": 570, ""r3"": 539}"	36	5	4	0.012	0.0	14989.0	MT-CYB	C>G	r1	r1=1.6%(n564), r3=0.7%(n320), r2=0.5%(n158), r0=0.4%(n68)		False
SN_MULTI_2942	rnaWard	k2	2760	2	"{""r0"": 1492, ""r1"": 1682}"	36	4	4	0.0116	0.0	15038.0	MT-CYB	A>C	r1	r1=1.9%(n526), r0=0.8%(n518)		False
PDAC06	rnaWard	k4	4437	4	"{""r0"": 2788, ""r1"": 619, ""r2"": 989, ""r3"": 584}"	64	4	3	0.0776	0.0	11180.0	MT-ND4	G>A	r0	r0=16.7%(n620), r1=10.3%(n95), r2=9.7%(n157), r3=8.9%(n95)		False
SN_MULTI_2972	rnaWard	k6	295	6	"{""r0"": 42, ""r1"": 37, ""r2"": 175, ""r3"": 19, ""r4"": 41, ""r5"": 5}"	25	4	3	0.0265	0.0033	3578.0	MT-ND1	T>A	r0	r0=6.7%(n37), r1=4.5%(n37), r4=4.3%(n39), r2=4.0%(n162)		False
ATAC_RCC86	atacKMeans	k2	2733	2	"{""a0"": 1491, ""a1"": 1244}"	118	4	3	0.0254	0.0	3590.0	MT-ND1	T>A	a0	a0=4.8%(n406), a1=2.3%(n315)		False
MPAL2_T2	epiAneufinderCNV	k6	6501	6	"{""cnv0"": 1428, ""cnv1"": 290, ""cnv2"": 767, ""cnv3"": 984, ""cnv4"": 276, ""cnv5"": 3075}"	210	10	3	0.0173	0.0	9210.0	MT-CO3	A>C	cnv3	cnv3=2.2%(n299), cnv1=1.1%(n104), cnv5=1.1%(n521), cnv0=0.6%(n471)		False
PDAC02	rnaKMeans	k8	3858	8	"{""r0"": 987, ""r1"": 511, ""r2"": 261, ""r3"": 574, ""r4"": 320, ""r5"": 895, ""r6"": 322, ""r7"": 518}"	29	4	3	0.0142	0.02	8165.0	MT-CO2	G>T	r4	r4=1.6%(n104), r0=1.0%(n332), r6=0.9%(n103), r1=0.5%(n205)		False
SN_MULTI_2942	rnaKMeans	k2	2760	2	"{""r0"": 1675, ""r1"": 1499}"	36	3	3	0.0103	0.0033	15038.0	MT-CYB	A>C	r0	r0=1.8%(n524), r1=0.8%(n520)		False
SN_MULTI_2972	rnaWard	k4	300	4	"{""r0"": 88, ""r1"": 37, ""r2"": 175, ""r3"": 19}"	25	3	3	0.0098	0.0	3572.0	MT-ND1	T>A	r1	r1=1.8%(n37), r2=0.9%(n158), r0=0.8%(n80)		False
ATAC_RCC81	atacKMeans	k6	2836	6	"{""a0"": 366, ""a1"": 1629, ""a2"": 142, ""a3"": 334, ""a4"": 172, ""a5"": 200}"	114	13	2	0.093	0.0	11172.0	MT-ND4	A>G	a5	a5=9.3%(n92), a2=1.0%(n55), a1=0.5%(n605), a4=0.1%(n83)		False
ATAC_RCC81	atacKMeans	k8	2836	8	"{""a0"": 104, ""a1"": 203, ""a2"": 1384, ""a3"": 137, ""a4"": 171, ""a5"": 165, ""a6"": 323, ""a7"": 356}"	114	16	2	0.0897	0.0	11172.0	MT-ND4	A>G	a1	a1=9.0%(n94), a3=1.0%(n52), a0=0.6%(n50), a2=0.6%(n488)		False
ATAC_RCC112	atacKMeans	k4	3530	4	"{""a0"": 3128, ""a1"": 275, ""a2"": 241, ""a3"": 221}"	21	3	2	0.0547	0.0	15024.0	MT-CYB	G>A	a3	a3=5.5%(n110), a2=1.5%(n89), a1=0.2%(n123), a0=0.0%(n1091)		False
ATAC_RCC114	atacKMeans	k4	3815	4	"{""a0"": 548, ""a1"": 2723, ""a2"": 266, ""a3"": 281}"	313	14	2	0.0386	0.0	12994.0	MT-ND5	G>A	a2	a2=4.0%(n124), a1=0.3%(n520), a3=0.2%(n62), a0=0.1%(n119)		False
ATAC_RCC112	atacKMeans	k2	3530	2	"{""a0"": 3143, ""a1"": 722}"	21	3	2	0.0227	0.0	13112.0	MT-ND5	T>C	a0	a0=2.5%(n1185), a1=0.2%(n363)		False
PDAC02	rnaKMeans	k6	3858	6	"{""r0"": 1096, ""r1"": 1347, ""r2"": 580, ""r3"": 321, ""r4"": 573, ""r5"": 471}"	29	4	2	0.0168	0.0067	7953.0	MT-CO2	T>C	r2	r2=2.4%(n180), r4=2.0%(n109), r3=1.7%(n71), r5=1.3%(n136)		False
PDAC02	rnaWard	k2	3858	2	"{""r0"": 2922, ""r1"": 1466}"	29	3	2	0.0095	0.0267	4142.0	MT-ND1	G>T	r0	r0=1.4%(n667), r1=0.5%(n340)		False
ATAC_RCC112	atacKMeans	k8	3530	8	"{""a0"": 262, ""a1"": 670, ""a2"": 1083, ""a3"": 237, ""a4"": 95, ""a5"": 536, ""a6"": 110, ""a7"": 872}"	21	3	1	0.031	0.0	13112.0	MT-ND5	T>C	a7	a7=3.3%(n305), a1=3.0%(n252), a2=2.1%(n389), a5=0.9%(n244)		False
RCC112	epiAneufinderCNV	k4	3346	4	"{""cnv0"": 1027, ""cnv1"": 1702, ""cnv2"": 712, ""cnv3"": 635}"	21	2	1	0.0273	0.02	13112.0	MT-ND5	T>C	cnv2	cnv2=3.1%(n263), cnv0=2.5%(n342), cnv1=1.5%(n634), cnv3=0.4%(n193)		False
ATAC_RCC99	atacKMeans	k8	6233	8	"{""a0"": 4414, ""a1"": 569, ""a2"": 203, ""a3"": 305, ""a4"": 144, ""a5"": 188, ""a6"": 319, ""a7"": 107}"	100	3	1	0.0261	0.0067	14851.0	MT-CYB	A>G	a2	a2=3.5%(n99), a1=2.1%(n175), a5=1.7%(n95), a0=1.7%(n996)		False
ATAC_RCC116	atacKMeans	k6	5060	6	"{""a0"": 2550, ""a1"": 343, ""a2"": 982, ""a3"": 392, ""a4"": 294, ""a5"": 499}"	265	17	1	0.023	0.0	11482.0	MT-ND4	T>A	a1	a1=2.7%(n77), a3=1.0%(n76), a5=0.8%(n96), a0=0.6%(n347)		False
PDAC02	rnaWard	k8	3858	8	"{""r0"": 319, ""r1"": 300, ""r2"": 1085, ""r3"": 170, ""r4"": 1404, ""r5"": 395, ""r6"": 381, ""r7"": 334}"	29	3	1	0.019	0.0167	3943.0	MT-ND1	A>C	r1	r1=2.4%(n112), r0=1.4%(n75), r7=1.1%(n111), r2=0.8%(n284)		False
PDAC02	rnaWard	k6	3858	6	"{""r0"": 1466, ""r1"": 319, ""r2"": 470, ""r3"": 334, ""r4"": 1404, ""r5"": 395}"	29	4	1	0.0168	0.0133	8165.0	MT-CO2	G>T	r1	r1=1.8%(n100), r3=0.9%(n109), r4=0.9%(n486), r0=0.5%(n495)		False
PDAC06	rnaKMeans	k4	4437	4	"{""r0"": 1079, ""r1"": 1057, ""r2"": 1969, ""r3"": 875}"	64	3	1	0.016	0.0133	6425.0	MT-CO1	T>A	r3	r3=2.1%(n120), r0=1.1%(n155), r1=0.6%(n177), r2=0.5%(n339)		False
PDAC02	rnaKMeans	k4	3858	4	"{""r0"": 325, ""r1"": 1898, ""r2"": 1377, ""r3"": 788}"	29	2	1	0.013	0.0233	7953.0	MT-CO2	T>C	r3	r3=2.2%(n222), r0=1.5%(n84), r1=1.3%(n471), r2=0.9%(n366)		False
SN_MULTI_2972	rnaWard	k8	272	8	"{""r0"": 15, ""r1"": 41, ""r2"": 175, ""r3"": 19, ""r4"": 8, ""r5"": 5, ""r6"": 27, ""r7"": 29}"	23	1	1	0.0128	0.0167	3572.0	MT-ND1	T>A	r7	r7=1.8%(n29), r1=0.9%(n40), r2=0.9%(n158), r6=0.5%(n22)		False
PDAC02	rnaWard	k4	3858	4	"{""r0"": 789, ""r1"": 1466, ""r2"": 1799, ""r3"": 334}"	29	3	1	0.0118	0.0	3943.0	MT-ND1	A>C	r0	r0=1.7%(n239), r3=1.1%(n111), r1=0.8%(n418), r2=0.5%(n474)		False
RCC112	epiAneufinderCNV	k2	3346	2	"{""cnv0"": 2374, ""cnv1"": 1702}"	21	2	1	0.0112	0.0	15024.0	MT-CYB	G>A	cnv1	cnv1=1.3%(n574), cnv0=0.2%(n738)		False
RCC112	epiAneufinderCNV	k3	3346	3	"{""cnv0"": 1662, ""cnv1"": 1702, ""cnv2"": 712}"	21	3	1	0.0109	0.0	15024.0	MT-CYB	G>A	cnv1	cnv1=1.2%(n574), cnv0=0.3%(n493), cnv2=0.1%(n245)		False
ATAC_RCC99	atacKMeans	k4	6233	4	"{""a0"": 593, ""a1"": 4669, ""a2"": 305, ""a3"": 682}"	100	1	1	0.0102	0.0167	12863.0	MT-ND5	G>T	a0	a0=1.3%(n178), a1=0.6%(n1071), a2=0.6%(n91), a3=0.3%(n317)		False
ATAC_RCC106	atacKMeans	k6	8067	6	"{""a0"": 4372, ""a1"": 120, ""a2"": 2011, ""a3"": 755, ""a4"": 600, ""a5"": 210}"	132	5	1	0.0098	0.0067	3623.0	MT-ND1	T>C	a3	a3=1.9%(n441), a1=1.3%(n66), a4=1.2%(n363), a2=1.1%(n1223)		False
MPAL4_T1	epiAneufinderCNV	k4	4466	4	"{""cnv0"": 348, ""cnv1"": 1418, ""cnv2"": 2434, ""cnv3"": 289}"	31	3	1	0.005	0.0	3902.0	MT-ND1	A>C	cnv1	cnv1=1.0%(n1162), cnv2=0.9%(n2339), cnv0=0.8%(n330), cnv3=0.5%(n279)		False
P1858_ATAC_MM	atacKMeans	k2	4069	2	"{""a0"": 3919, ""a1"": 166}"	6	0	0	0.0	0.25							False
P1858_ATAC_MM	atacKMeans	k4	4069	4	"{""a0"": 166, ""a1"": 306, ""a2"": 100, ""a3"": 3513}"	6	0	0	0.0	0.09							False
P1858_ATAC_MM	atacKMeans	k6	4066	6	"{""a0"": 134, ""a1"": 3526, ""a2"": 306, ""a3"": 85, ""a4"": 3, ""a5"": 31}"	6	0	0	0.0	0.12							False
P1858_ATAC_MM	atacKMeans	k8	4066	8	"{""a0"": 1374, ""a1"": 134, ""a2"": 1268, ""a3"": 78, ""a4"": 297, ""a5"": 31, ""a6"": 900, ""a7"": 3}"	6	0	0	0.0	0.2							False
ATAC_RCC103	atacKMeans	k4	2614	4	"{""a0"": 464, ""a1"": 684, ""a2"": 1346, ""a3"": 120}"	494	19	0	0.0	0.0033							False
ATAC_RCC103	atacKMeans	k6	2614	6	"{""a0"": 451, ""a1"": 352, ""a2"": 807, ""a3"": 365, ""a4"": 116, ""a5"": 523}"	494	23	0	0.0	0.0							False
ATAC_RCC103	atacKMeans	k8	2614	8	"{""a0"": 237, ""a1"": 72, ""a2"": 446, ""a3"": 607, ""a4"": 114, ""a5"": 227, ""a6"": 307, ""a7"": 604}"	494	26	0	0.0	0.0							False
PDAC01	rnaKMeans	k2	1896	2	"{""r0"": 1207, ""r1"": 742}"	599	7	0	0.0	0.0167							False
PDAC01	rnaKMeans	k4	1896	4	"{""r0"": 330, ""r1"": 541, ""r2"": 675, ""r3"": 403}"	599	14	0	0.0	0.0							False
PDAC01	rnaKMeans	k6	1896	6	"{""r0"": 329, ""r1"": 106, ""r2"": 667, ""r3"": 250, ""r4"": 149, ""r5"": 448}"	599	24	0	0.0	0.0							False
PDAC01	rnaKMeans	k8	1896	8	"{""r0"": 148, ""r1"": 281, ""r2"": 178, ""r3"": 360, ""r4"": 244, ""r5"": 106, ""r6"": 155, ""r7"": 477}"	599	23	0	0.0	0.0							False
PDAC01	rnaWard	k2	1896	2	"{""r0"": 697, ""r1"": 1252}"	599	13	0	0.0	0.0133							False
PDAC01	rnaWard	k4	1896	4	"{""r0"": 745, ""r1"": 367, ""r2"": 330, ""r3"": 507}"	599	20	0	0.0	0.0							False
PDAC01	rnaWard	k6	1896	6	"{""r0"": 330, ""r1"": 568, ""r2"": 201, ""r3"": 507, ""r4"": 177, ""r5"": 166}"	599	25	0	0.0	0.0							False
PDAC01	rnaWard	k8	1896	8	"{""r0"": 177, ""r1"": 199, ""r2"": 201, ""r3"": 507, ""r4"": 352, ""r5"": 166, ""r6"": 131, ""r7"": 216}"	599	23	0	0.0	0.0							False
ATAC_RCC106	atacKMeans	k8	8067	8	"{""a0"": 966, ""a1"": 4222, ""a2"": 978, ""a3"": 585, ""a4"": 752, ""a5"": 115, ""a6"": 209, ""a7"": 241}"	132	3	0	0.0	0.0067							False
ATAC_RCC113	atacKMeans	k2	1528	2	"{""a0"": 1272, ""a1"": 262}"	111	3	0	0.0	0.0233							False
ATAC_RCC113	atacKMeans	k4	1528	4	"{""a0"": 840, ""a1"": 238, ""a2"": 249, ""a3"": 207}"	111	4	0	0.0	0.0233							False
ATAC_RCC113	atacKMeans	k6	1528	6	"{""a0"": 155, ""a1"": 95, ""a2"": 228, ""a3"": 161, ""a4"": 810, ""a5"": 85}"	111	1	0	0.0	0.0433							False
ATAC_RCC113	atacKMeans	k8	1528	8	"{""a0"": 224, ""a1"": 245, ""a2"": 82, ""a3"": 157, ""a4"": 98, ""a5"": 308, ""a6"": 150, ""a7"": 270}"	111	0	0	0.0	0.0567							False
ATAC_RCC87	atacKMeans	k6	2205	6	"{""a0"": 675, ""a1"": 670, ""a2"": 383, ""a3"": 133, ""a4"": 81, ""a5"": 264}"	121	7	0	0.0	0.0							False
ATAC_RCC87	atacKMeans	k8	2205	8	"{""a0"": 239, ""a1"": 81, ""a2"": 239, ""a3"": 407, ""a4"": 610, ""a5"": 116, ""a6"": 433, ""a7"": 81}"	121	8	0	0.0	0.0							False
ATAC_RCC84	atacKMeans	k4	922	4	"{""a0"": 61, ""a1"": 114, ""a2"": 603, ""a3"": 144}"	421	27	0	0.0	0.0							False
ATAC_RCC84	atacKMeans	k6	922	6	"{""a0"": 275, ""a1"": 114, ""a2"": 322, ""a3"": 32, ""a4"": 60, ""a5"": 119}"	421	25	0	0.0	0.0							False
ATAC_RCC84	atacKMeans	k8	922	8	"{""a0"": 27, ""a1"": 142, ""a2"": 160, ""a3"": 118, ""a4"": 144, ""a5"": 159, ""a6"": 112, ""a7"": 60}"	421	29	0	0.0	0.0							False
ATAC_RCC96	atacKMeans	k4	3161	4	"{""a0"": 2330, ""a1"": 115, ""a2"": 270, ""a3"": 447}"	164	3	0	0.0	0.0033							False
ATAC_RCC96	atacKMeans	k6	3161	6	"{""a0"": 2301, ""a1"": 281, ""a2"": 61, ""a3"": 160, ""a4"": 114, ""a5"": 245}"	164	9	0	0.0	0.0033							False
ATAC_RCC96	atacKMeans	k8	3161	8	"{""a0"": 1171, ""a1"": 1057, ""a2"": 273, ""a3"": 61, ""a4"": 239, ""a5"": 148, ""a6"": 114, ""a7"": 99}"	164	4	0	0.0	0.0033							False
GBM2C	atacKMeans	k2	28061	2	"{""a0"": 46290, ""a1"": 452}"	4	1	0	0.0	0.0433							False
GBM2C	atacKMeans	k4	28061	4	"{""a0"": 43105, ""a1"": 450, ""a2"": 1299, ""a3"": 1888}"	4	0	0	0.0	0.0833							False
GBM2C	atacKMeans	k6	28061	6	"{""a0"": 42124, ""a1"": 449, ""a2"": 633, ""a3"": 1568, ""a4"": 1838, ""a5"": 130}"	4	0	0	0.0	0.2467							False
GBM2C	atacKMeans	k8	28061	8	"{""a0"": 41959, ""a1"": 577, ""a2"": 448, ""a3"": 135, ""a4"": 130, ""a5"": 1827, ""a6"": 1568, ""a7"": 98}"	4	0	0	0.0	0.2667							False
ATAC_RCC100	atacKMeans	k4	7568	4	"{""a0"": 5637, ""a1"": 404, ""a2"": 1254, ""a3"": 278}"	190	11	0	0.0	0.0							False
ATAC_RCC100	atacKMeans	k6	7568	6	"{""a0"": 234, ""a1"": 278, ""a2"": 5495, ""a3"": 1028, ""a4"": 137, ""a5"": 401}"	190	15	0	0.0	0.0							False
ATAC_RCC100	atacKMeans	k8	7568	8	"{""a0"": 139, ""a1"": 124, ""a2"": 766, ""a3"": 278, ""a4"": 279, ""a5"": 276, ""a6"": 5486, ""a7"": 225}"	190	12	0	0.0	0.0							False
ATAC_RCC94	atacKMeans	k4	4697	4	"{""a0"": 385, ""a1"": 223, ""a2"": 131, ""a3"": 3958}"	256	14	0	0.0	0.0067							False
ATAC_RCC94	atacKMeans	k6	4697	6	"{""a0"": 1839, ""a1"": 2196, ""a2"": 204, ""a3"": 137, ""a4"": 149, ""a5"": 172}"	256	16	0	0.0	0.0							False
ATAC_RCC94	atacKMeans	k8	4697	8	"{""a0"": 377, ""a1"": 1299, ""a2"": 119, ""a3"": 139, ""a4"": 1169, ""a5"": 112, ""a6"": 189, ""a7"": 1293}"	256	12	0	0.0	0.0							False
MPAL1_T1	epiAneufinderCNV	k2	5434	2	"{""cnv0"": 8630, ""cnv1"": 1010}"	8	0	0	0.0	0.11							False
MPAL1_T1	epiAneufinderCNV	k3	5434	3	"{""cnv0"": 1010, ""cnv1"": 2060, ""cnv2"": 6570}"	8	0	0	0.0	0.0567							False
MPAL1_T1	epiAneufinderCNV	k4	5434	4	"{""cnv0"": 2060, ""cnv1"": 701, ""cnv2"": 6570, ""cnv3"": 309}"	8	0	0	0.0	0.2867							False
MPAL1_T1	epiAneufinderCNV	k6	5434	6	"{""cnv0"": 701, ""cnv1"": 1400, ""cnv2"": 6570, ""cnv3"": 309, ""cnv4"": 164, ""cnv5"": 496}"	8	0	0	0.0	0.1133							False
ATAC_RCC119	atacKMeans	k4	5596	4	"{""a0"": 4212, ""a1"": 335, ""a2"": 354, ""a3"": 696}"	280	10	0	0.0	0.0067							False
ATAC_RCC119	atacKMeans	k6	5596	6	"{""a0"": 174, ""a1"": 329, ""a2"": 682, ""a3"": 2001, ""a4"": 330, ""a5"": 2081}"	280	12	0	0.0	0.0							False
ATAC_RCC119	atacKMeans	k8	5596	8	"{""a0"": 99, ""a1"": 83, ""a2"": 329, ""a3"": 327, ""a4"": 682, ""a5"": 1340, ""a6"": 1296, ""a7"": 1441}"	280	15	0	0.0	0.0							False
MPAL5_T2	epiAneufinderCNV	k6	23307	6	"{""cnv0"": 1005, ""cnv1"": 26535, ""cnv2"": 449, ""cnv3"": 248, ""cnv4"": 656, ""cnv5"": 6}"	309	12	0	0.0	0.0							False
RCC112	epiAneufinderCNV	k6	3346	6	"{""cnv0"": 712, ""cnv1"": 1702, ""cnv2"": 322, ""cnv3"": 635, ""cnv4"": 450, ""cnv5"": 255}"	21	0	0	0.0	0.1							False
ATAC_RCC115	atacKMeans	k6	13200	6	"{""a0"": 697, ""a1"": 1453, ""a2"": 1122, ""a3"": 270, ""a4"": 8507, ""a5"": 1151}"	448	20	0	0.0	0.0033							False
ATAC_RCC115	atacKMeans	k8	13200	8	"{""a0"": 1216, ""a1"": 692, ""a2"": 7785, ""a3"": 1109, ""a4"": 349, ""a5"": 1133, ""a6"": 118, ""a7"": 798}"	448	13	0	0.0	0.0							False
Cachexia	rnaKMeans	k2	757	2	"{""r0"": 744, ""r1"": 356}"	17	0	0	0.0	0.0533							False
Cachexia	rnaKMeans	k4	757	4	"{""r0"": 329, ""r1"": 354, ""r2"": 114, ""r3"": 303}"	17	0	0	0.0	0.0833							False
Cachexia	rnaKMeans	k6	757	6	"{""r0"": 117, ""r1"": 281, ""r2"": 86, ""r3"": 180, ""r4"": 119, ""r5"": 317}"	17	0	0	0.0	0.2433							False
Cachexia	rnaKMeans	k8	757	8	"{""r0"": 70, ""r1"": 88, ""r2"": 103, ""r3"": 140, ""r4"": 85, ""r5"": 250, ""r6"": 91, ""r7"": 273}"	17	0	0	0.0	0.1367							False
Cachexia	rnaWard	k2	757	2	"{""r0"": 788, ""r1"": 312}"	17	2	0	0.0	0.0367							False
Cachexia	rnaWard	k4	757	4	"{""r0"": 496, ""r1"": 312, ""r2"": 243, ""r3"": 49}"	17	0	0	0.0	0.1233							False
Cachexia	rnaWard	k6	757	6	"{""r0"": 312, ""r1"": 167, ""r2"": 76, ""r3"": 49, ""r4"": 247, ""r5"": 249}"	17	0	0	0.0	0.1333							False
Cachexia	rnaWard	k8	757	8	"{""r0"": 76, ""r1"": 78, ""r2"": 249, ""r3"": 49, ""r4"": 247, ""r5"": 115, ""r6"": 234, ""r7"": 52}"	17	0	0	0.0	0.0733							False
MPAL4_T1	epiAneufinderCNV	k2	4466	2	"{""cnv0"": 3071, ""cnv1"": 1418}"	31	3	0	0.0	0.0							False
MPAL4_T1	epiAneufinderCNV	k3	4466	3	"{""cnv0"": 637, ""cnv1"": 1418, ""cnv2"": 2434}"	31	2	0	0.0	0.0							False
MPAL4_T1	epiAneufinderCNV	k6	4466	6	"{""cnv0"": 1496, ""cnv1"": 1418, ""cnv2"": 938, ""cnv3"": 289, ""cnv4"": 112, ""cnv5"": 236}"	31	2	0	0.0	0.0							False
ATAC_RCC86	atacKMeans	k4	2733	4	"{""a0"": 337, ""a1"": 308, ""a2"": 728, ""a3"": 1362}"	118	2	0	0.0	0.0							False
ATAC_RCC86	atacKMeans	k6	2733	6	"{""a0"": 332, ""a1"": 1187, ""a2"": 295, ""a3"": 450, ""a4"": 323, ""a5"": 148}"	118	3	0	0.0	0.0							False
ATAC_RCC86	atacKMeans	k8	2733	8	"{""a0"": 287, ""a1"": 519, ""a2"": 330, ""a3"": 99, ""a4"": 295, ""a5"": 148, ""a6"": 670, ""a7"": 387}"	118	4	0	0.0	0.0							False
P4520_ATAC_MM	atacKMeans	k2	7860	2	"{""a0"": 1871, ""a1"": 5989}"	11	1	0	0.0	0.0367							False
P4520_ATAC_MM	atacKMeans	k4	7860	4	"{""a0"": 5535, ""a1"": 1064, ""a2"": 434, ""a3"": 827}"	11	1	0	0.0	0.0							False
P4520_ATAC_MM	atacKMeans	k6	7860	6	"{""a0"": 4227, ""a1"": 1007, ""a2"": 436, ""a3"": 1379, ""a4"": 662, ""a5"": 149}"	11	1	0	0.0	0.0067							False
P4520_ATAC_MM	atacKMeans	k8	7860	8	"{""a0"": 1277, ""a1"": 492, ""a2"": 3146, ""a3"": 435, ""a4"": 130, ""a5"": 1336, ""a6"": 942, ""a7"": 102}"	11	1	0	0.0	0.0167							False
WT2	rnaKMeans	k2	126	2	"{""r0"": 150, ""r1"": 156}"	2	0	0	0.0	0.23							False
WT2	rnaKMeans	k4	126	4	"{""r0"": 82, ""r1"": 71, ""r2"": 100, ""r3"": 53}"	2	0	0	0.0	0.64							False
WT2	rnaKMeans	k6	122	6	"{""r0"": 14, ""r1"": 79, ""r2"": 45, ""r3"": 93, ""r4"": 21, ""r5"": 54}"	2	0	0	0.0	0.3267							False
WT2	rnaKMeans	k8	84	8	"{""r0"": 91, ""r1"": 6, ""r2"": 47, ""r3"": 37, ""r4"": 27, ""r5"": 61, ""r6"": 17, ""r7"": 20}"	1	0	0	0.0	0.9333							False
WT2	rnaWard	k2	126	2	"{""r0"": 217, ""r1"": 89}"	2	0	0	0.0	0.16							False
WT2	rnaWard	k4	126	4	"{""r0"": 47, ""r1"": 89, ""r2"": 81, ""r3"": 89}"	2	0	0	0.0	0.08							False
WT2	rnaWard	k6	122	6	"{""r0"": 89, ""r1"": 10, ""r2"": 81, ""r3"": 25, ""r4"": 37, ""r5"": 64}"	2	0	0	0.0	0.1933							False
WT2	rnaWard	k8	122	8	"{""r0"": 27, ""r1"": 54, ""r2"": 86, ""r3"": 10, ""r4"": 37, ""r5"": 64, ""r6"": 3, ""r7"": 25}"	2	0	0	0.0	0.2433							False
PDAC02	rnaKMeans	k2	3858	2	"{""r0"": 2979, ""r1"": 1409}"	29	1	0	0.0	0.0333							False
ATAC_RCC120	atacKMeans	k4	7856	4	"{""a0"": 944, ""a1"": 6272, ""a2"": 333, ""a3"": 307}"	536	17	0	0.0	0.0							False
ATAC_RCC120	atacKMeans	k6	7856	6	"{""a0"": 475, ""a1"": 163, ""a2"": 324, ""a3"": 302, ""a4"": 5975, ""a5"": 617}"	536	20	0	0.0	0.0							False
ATAC_RCC120	atacKMeans	k8	7856	8	"{""a0"": 609, ""a1"": 2982, ""a2"": 203, ""a3"": 153, ""a4"": 2898, ""a5"": 320, ""a6"": 477, ""a7"": 214}"	536	12	0	0.0	0.0							False
SN_MULTI_2972	rnaKMeans	k2	319	2	"{""r0"": 282, ""r1"": 37}"	27	0	0	0.0	0.0							False
SN_MULTI_2972	rnaKMeans	k4	319	4	"{""r0"": 23, ""r1"": 180, ""r2"": 35, ""r3"": 81}"	27	1	0	0.0	0.02							False
SN_MULTI_2972	rnaKMeans	k6	314	6	"{""r0"": 157, ""r1"": 42, ""r2"": 35, ""r3"": 58, ""r4"": 22, ""r5"": 5}"	26	0	0	0.0	0.0633							False
SN_MULTI_2972	rnaKMeans	k8	313	8	"{""r0"": 1, ""r1"": 47, ""r2"": 125, ""r3"": 35, ""r4"": 54, ""r5"": 32, ""r6"": 20, ""r7"": 5}"	26	0	0	0.0	0.0667							False
SN_MULTI_2972	rnaWard	k2	319	2	"{""r0"": 282, ""r1"": 37}"	27	0	0	0.0	0.0							False
PDAC06	rnaKMeans	k6	4437	6	"{""r0"": 293, ""r1"": 909, ""r2"": 901, ""r3"": 1054, ""r4"": 582, ""r5"": 1241}"	64	4	0	0.0	0.0							False
PDAC06	rnaKMeans	k8	4437	8	"{""r0"": 603, ""r1"": 742, ""r2"": 573, ""r3"": 575, ""r4"": 792, ""r5"": 525, ""r6"": 879, ""r7"": 291}"	64	6	0	0.0	0.0							False
PDAC06	rnaWard	k8	4437	8	"{""r0"": 1357, ""r1"": 383, ""r2"": 836, ""r3"": 584, ""r4"": 353, ""r5"": 595, ""r6"": 606, ""r7"": 266}"	64	5	0	0.0	0.0							False
SN_MULTI_2960	rnaKMeans	k8	1277	8	"{""r0"": 162, ""r1"": 101, ""r2"": 388, ""r3"": 134, ""r4"": 200, ""r5"": 53, ""r6"": 217, ""r7"": 85}"	53	2	0	0.0	0.0067							False
SN_MULTI_2960	rnaWard	k8	1277	8	"{""r0"": 109, ""r1"": 102, ""r2"": 370, ""r3"": 285, ""r4"": 46, ""r5"": 213, ""r6"": 115, ""r7"": 100}"	53	1	0	0.0	0.01							False
WT	rnaKMeans	k2	728	2	"{""r0"": 778, ""r1"": 402}"	36	5	0	0.0	0.0067							False
WT	rnaKMeans	k4	728	4	"{""r0"": 440, ""r1"": 312, ""r2"": 188, ""r3"": 240}"	36	1	0	0.0	0.0467							False
WT	rnaKMeans	k6	728	6	"{""r0"": 238, ""r1"": 141, ""r2"": 99, ""r3"": 71, ""r4"": 419, ""r5"": 212}"	36	1	0	0.0	0.0267							False
WT	rnaKMeans	k8	728	8	"{""r0"": 87, ""r1"": 374, ""r2"": 147, ""r3"": 110, ""r4"": 57, ""r5"": 190, ""r6"": 104, ""r7"": 111}"	36	2	0	0.0	0.0233							False
WT	rnaWard	k2	728	2	"{""r0"": 887, ""r1"": 293}"	36	4	0	0.0	0.0167							False
WT	rnaWard	k4	728	4	"{""r0"": 154, ""r1"": 293, ""r2"": 408, ""r3"": 325}"	36	1	0	0.0	0.0433							False
WT	rnaWard	k6	728	6	"{""r0"": 325, ""r1"": 50, ""r2"": 408, ""r3"": 88, ""r4"": 66, ""r5"": 243}"	36	1	0	0.0	0.05							False
WT	rnaWard	k8	728	8	"{""r0"": 50, ""r1"": 115, ""r2"": 243, ""r3"": 88, ""r4"": 66, ""r5"": 154, ""r6"": 171, ""r7"": 293}"	36	2	0	0.0	0.02							False
ATAC_RCC112	atacKMeans	k6	3530	6	"{""a0"": 1461, ""a1"": 1677, ""a2"": 115, ""a3"": 272, ""a4"": 101, ""a5"": 239}"	21	2	0	0.0	0.0							False
ATAC_RCC99	atacKMeans	k6	6233	6	"{""a0"": 107, ""a1"": 305, ""a2"": 144, ""a3"": 569, ""a4"": 676, ""a5"": 4448}"	100	2	0	0.0	0.0067							False
P1695_ATAC_MM	atacKMeans	k2	10908	2	"{""a0"": 10211, ""a1"": 701}"	8	1	0	0.0	0.0267							False
P1695_ATAC_MM	atacKMeans	k4	10908	4	"{""a0"": 1692, ""a1"": 5376, ""a2"": 690, ""a3"": 3154}"	8	1	0	0.0	0.0033							False
P1695_ATAC_MM	atacKMeans	k6	10908	6	"{""a0"": 3039, ""a1"": 114, ""a2"": 1691, ""a3"": 168, ""a4"": 5388, ""a5"": 512}"	8	1	0	0.0	0.0067							False
P1695_ATAC_MM	atacKMeans	k8	10908	8	"{""a0"": 1497, ""a1"": 1333, ""a2"": 512, ""a3"": 959, ""a4"": 5077, ""a5"": 1251, ""a6"": 169, ""a7"": 114}"	8	0	0	0.0	0.0633							False
ATAC_RCC101	atacKMeans	k4	1633	4	"{""a0"": 695, ""a1"": 151, ""a2"": 695, ""a3"": 92}"	259	14	0	0.0	0.0							False
ATAC_RCC101	atacKMeans	k6	1633	6	"{""a0"": 691, ""a1"": 91, ""a2"": 588, ""a3"": 97, ""a4"": 67, ""a5"": 99}"	259	16	0	0.0	0.0							False
ATAC_RCC101	atacKMeans	k8	1633	8	"{""a0"": 443, ""a1"": 542, ""a2"": 92, ""a3"": 96, ""a4"": 235, ""a5"": 89, ""a6"": 67, ""a7"": 69}"	259	15	0	0.0	0.0							False
P4585_ATAC_MM	atacKMeans	k2	495	2	"{""a0"": 470, ""a1"": 68}"	1	0	0	0.0	0.1667							False
P4585_ATAC_MM	atacKMeans	k4	495	4	"{""a0"": 47, ""a1"": 53, ""a2"": 213, ""a3"": 225}"	1	0	0	0.0	0.3967							False
P4585_ATAC_MM	atacKMeans	k6	490	6	"{""a0"": 230, ""a1"": 3, ""a2"": 53, ""a3"": 4, ""a4"": 210, ""a5"": 38}"	1	0	0	0.0	0.5633							False
P4585_ATAC_MM	atacKMeans	k8	480	8	"{""a0"": 231, ""a1"": 196, ""a2"": 3, ""a3"": 41, ""a4"": 31, ""a5"": 22, ""a6"": 4, ""a7"": 10}"	1	0	0	0.0	0.7833							False
ATAC_RCC114	atacKMeans	k6	3815	6	"{""a0"": 1373, ""a1"": 280, ""a2"": 536, ""a3"": 104, ""a4"": 265, ""a5"": 1260}"	313	8	0	0.0	0.0							False
ATAC_RCC114	atacKMeans	k8	3815	8	"{""a0"": 101, ""a1"": 1318, ""a2"": 262, ""a3"": 51, ""a4"": 305, ""a5"": 242, ""a6"": 1310, ""a7"": 229}"	313	10	0	0.0	0.0033							False
ATAC_RCC116	atacKMeans	k8	5060	8	"{""a0"": 1303, ""a1"": 342, ""a2"": 288, ""a3"": 390, ""a4"": 497, ""a5"": 1198, ""a6"": 385, ""a7"": 657}"	265	18	0	0.0	0.0							False
WT1	rnaKMeans	k2	356	2	"{""r0"": 147, ""r1"": 518}"	5	1	0	0.0	0.0233							False
WT1	rnaKMeans	k4	356	4	"{""r0"": 124, ""r1"": 216, ""r2"": 183, ""r3"": 142}"	5	0	0	0.0	0.3367							False
WT1	rnaKMeans	k6	356	6	"{""r0"": 31, ""r1"": 110, ""r2"": 157, ""r3"": 144, ""r4"": 87, ""r5"": 136}"	5	1	0	0.0	0.0233							False
WT1	rnaKMeans	k8	356	8	"{""r0"": 107, ""r1"": 102, ""r2"": 106, ""r3"": 46, ""r4"": 112, ""r5"": 30, ""r6"": 59, ""r7"": 103}"	5	2	0	0.0	0.02							False
WT1	rnaWard	k2	356	2	"{""r0"": 575, ""r1"": 90}"	5	0	0	0.0	0.07							False
WT1	rnaWard	k4	356	4	"{""r0"": 292, ""r1"": 90, ""r2"": 218, ""r3"": 65}"	5	0	0	0.0	0.2667							False
WT1	rnaWard	k6	356	6	"{""r0"": 216, ""r1"": 76, ""r2"": 158, ""r3"": 65, ""r4"": 90, ""r5"": 60}"	5	1	0	0.0	0.0333							False
WT1	rnaWard	k8	356	8	"{""r0"": 89, ""r1"": 76, ""r2"": 190, ""r3"": 65, ""r4"": 90, ""r5"": 60, ""r6"": 26, ""r7"": 69}"	5	0	0	0.0	0.07							False
SRR14325929	atacKMeans	k2	0	0	{}	0	0	0								no_testable_positions	False
SRR14325929	atacKMeans	k4	0	0	{}	0	0	0								no_testable_positions	False
SRR14325929	atacKMeans	k6	0	0	{}	0	0	0								no_testable_positions	False
SRR14325929	atacKMeans	k8	0	0	{}	0	0	0								no_testable_positions	False
SRR14325927	atacKMeans	k2	0	0	{}	0	0	0								no_testable_positions	False
SRR14325927	atacKMeans	k4	0	0	{}	0	0	0								no_testable_positions	False
SRR14325927	atacKMeans	k6	0	0	{}	0	0	0								no_testable_positions	False
SRR14325927	atacKMeans	k8	0	0	{}	0	0	0								no_testable_positions	False
PDAC04	rnaKMeans	k2	877	2	"{""r0"": 408, ""r1"": 469}"	0	0	0								no_testable_positions	False
PDAC04	rnaKMeans	k4	877	4	"{""r0"": 93, ""r1"": 215, ""r2"": 329, ""r3"": 240}"	0	0	0								no_testable_positions	False
PDAC04	rnaKMeans	k6	877	6	"{""r0"": 164, ""r1"": 244, ""r2"": 91, ""r3"": 180, ""r4"": 49, ""r5"": 149}"	0	0	0								no_testable_positions	False
PDAC04	rnaKMeans	k8	877	8	"{""r0"": 74, ""r1"": 150, ""r2"": 120, ""r3"": 116, ""r4"": 87, ""r5"": 45, ""r6"": 146, ""r7"": 139}"	0	0	0								no_testable_positions	False
PDAC04	rnaWard	k2	877	2	"{""r0"": 459, ""r1"": 418}"	0	0	0								no_testable_positions	False
PDAC04	rnaWard	k4	877	4	"{""r0"": 356, ""r1"": 238, ""r2"": 103, ""r3"": 180}"	0	0	0								no_testable_positions	False
PDAC04	rnaWard	k6	877	6	"{""r0"": 166, ""r1"": 180, ""r2"": 103, ""r3"": 151, ""r4"": 190, ""r5"": 87}"	0	0	0								no_testable_positions	False
PDAC04	rnaWard	k8	877	8	"{""r0"": 180, ""r1"": 190, ""r2"": 87, ""r3"": 151, ""r4"": 70, ""r5"": 135, ""r6"": 31, ""r7"": 33}"	0	0	0								no_testable_positions	False
EW4_L6	rnaKMeans	k2	11274	2	"{""r0"": 5204, ""r1"": 6624}"	244	75	64	0.4105	0.0	13281.0	MT-ND5	C>T	r1	r1=48.6%(n380), r0=7.5%(n709)		True
EW4_L6	rnaWard	k2	11274	2	"{""r0"": 6402, ""r1"": 5426}"	244	67	57	0.417	0.0	13281.0	MT-ND5	C>T	r0	r0=49.7%(n362), r1=8.0%(n727)		True
EW4_L4	rnaWard	k4	10919	4	"{""r0"": 3988, ""r1"": 850, ""r2"": 3691, ""r3"": 3469}"	129	59	50	0.2754	0.0	11377.0	MT-ND4	A>G	r2	r2=41.2%(n526), r3=32.3%(n338), r1=21.7%(n155), r0=13.7%(n500)		True
EW4_L4	rnaKMeans	k4	10919	4	"{""r0"": 2814, ""r1"": 1672, ""r2"": 3871, ""r3"": 3641}"	129	58	49	0.2697	0.0	11377.0	MT-ND4	A>G	r2	r2=40.1%(n581), r3=31.0%(n360), r0=15.0%(n378), r1=13.1%(n200)		True
EW4_L4	rnaWard	k2	10919	2	"{""r0"": 7160, ""r1"": 4838}"	129	57	49	0.2256	0.0	11377.0	MT-ND4	A>G	r0	r0=37.9%(n864), r1=15.3%(n655)		True
EW4_L4	rnaKMeans	k2	10919	2	"{""r0"": 4389, ""r1"": 7609}"	129	57	49	0.225	0.0	11377.0	MT-ND4	A>G	r1	r1=36.3%(n971), r0=13.8%(n548)		True
EW4_L4	rnaKMeans	k6	10919	6	"{""r0"": 1649, ""r1"": 1829, ""r2"": 1596, ""r3"": 2759, ""r4"": 2043, ""r5"": 2122}"	129	58	47	0.3124	0.0	10499.0	MT-ND4L	G>A	r1	r1=42.6%(n323), r4=31.8%(n187), r2=29.9%(n131), r5=29.6%(n260)		True
EW4_L6	rnaKMeans	k4	11274	4	"{""r0"": 3974, ""r1"": 5032, ""r2"": 1314, ""r3"": 1508}"	244	69	44	0.4141	0.0	12705.0	MT-ND5	C>T	r3	r3=47.0%(n83), r0=34.0%(n232), r2=25.8%(n97), r1=5.6%(n722)		True
EW5_P2	rnaKMeans	k2	13619	2	"{""r0"": 4519, ""r1"": 9352}"	116	41	32	0.7393	0.0	4216.0	MT-ND1	T>C	r0	r0=81.5%(n496), r1=7.6%(n1107)		True
EW5_P2	rnaWard	k2	13619	2	"{""r0"": 9275, ""r1"": 4596}"	116	44	32	0.7244	0.0	4216.0	MT-ND1	T>C	r1	r1=79.7%(n511), r0=7.3%(n1092)		True
EW5_P2	rnaWard	k8	13619	8	"{""r0"": 2120, ""r1"": 4250, ""r2"": 2882, ""r3"": 1333, ""r4"": 514, ""r5"": 830, ""r6"": 1058, ""r7"": 884}"	116	42	31	0.9185	0.0	14766.0	MT-CYB	C>T	r2	r2=96.1%(n788), r5=94.4%(n194), r0=91.3%(n362), r6=79.9%(n191)		True
EW5_P2	rnaWard	k6	13619	6	"{""r0"": 3178, ""r1"": 4250, ""r2"": 3766, ""r3"": 1333, ""r4"": 514, ""r5"": 830}"	116	42	31	0.9065	0.0	12612.0	MT-ND5	A>G	r5	r5=93.8%(n242), r2=75.4%(n1450), r4=17.8%(n260), r0=12.7%(n626)		True
EW5_P2	rnaWard	k4	13619	4	"{""r0"": 4764, ""r1"": 4596, ""r2"": 3178, ""r3"": 1333}"	116	44	31	0.8224	0.0	14766.0	MT-CYB	C>T	r2	r2=87.6%(n553), r1=81.4%(n1434), r3=46.6%(n492), r0=5.3%(n2509)		True
EW5_P2	rnaKMeans	k4	13619	4	"{""r0"": 2294, ""r1"": 4397, ""r2"": 4861, ""r3"": 2319}"	116	42	30	0.8177	0.0	14766.0	MT-CYB	C>T	r3	r3=87.3%(n398), r1=83.4%(n1332), r0=63.0%(n662), r2=5.6%(n2596)		True
EW5_P2	rnaKMeans	k8	13619	8	"{""r0"": 752, ""r1"": 2381, ""r2"": 1393, ""r3"": 2889, ""r4"": 1331, ""r5"": 1464, ""r6"": 1595, ""r7"": 2066}"	116	40	29	0.8709	0.0	12612.0	MT-ND5	A>G	r5	r5=90.0%(n486), r3=78.3%(n1065), r0=19.6%(n324), r4=13.8%(n264)		True
EW5_P2	rnaKMeans	k6	13619	6	"{""r0"": 2896, ""r1"": 4074, ""r2"": 1054, ""r3"": 2129, ""r4"": 2191, ""r5"": 1527}"	116	40	28	0.8661	0.0	12612.0	MT-ND5	A>G	r5	r5=89.7%(n510), r0=77.0%(n1081), r2=14.5%(n482), r4=12.1%(n404)		True
EW4_L4	rnaWard	k8	10919	8	"{""r0"": 3180, ""r1"": 403, ""r2"": 1680, ""r3"": 2548, ""r4"": 808, ""r5"": 447, ""r6"": 1789, ""r7"": 1143}"	129	57	20	0.2908	0.0	15257.0	MT-CYB	A>G	r7	r7=41.2%(n239), r3=32.6%(n350), r6=30.0%(n183), r2=28.0%(n181)		True
EW4_L4	rnaWard	k6	10919	6	"{""r0"": 3469, ""r1"": 3180, ""r2"": 3691, ""r3"": 403, ""r4"": 808, ""r5"": 447}"	129	60	20	0.2566	0.0	11353.0	MT-ND4	T>C	r2	r2=26.4%(n585), r5=15.5%(n108), r3=2.9%(n54), r0=2.1%(n355)		True
EW5_P1	rnaKMeans	k2	12617	2	"{""r0"": 4482, ""r1"": 8644}"	74	25	19	0.5942	0.0	7028.0	MT-CO1	T>C	r1	r1=66.8%(n1259), r0=7.4%(n962)		True
EW4_L4	rnaKMeans	k8	10919	8	"{""r0"": 1348, ""r1"": 1850, ""r2"": 416, ""r3"": 1505, ""r4"": 881, ""r5"": 2229, ""r6"": 2550, ""r7"": 1219}"	129	56	18	0.3741	0.0	15257.0	MT-CYB	A>G	r7	r7=48.6%(n261), r1=30.4%(n194), r6=29.4%(n349), r3=27.0%(n157)		True
EW5_P1	rnaWard	k2	12617	2	"{""r0"": 8255, ""r1"": 4871}"	74	24	17	0.531	0.0	7028.0	MT-CO1	T>C	r0	r0=66.3%(n1157), r1=13.2%(n1064)		True
EW5_P1	rnaWard	k4	12617	4	"{""r0"": 4319, ""r1"": 4871, ""r2"": 3095, ""r3"": 841}"	74	24	16	0.8032	0.0	7028.0	MT-CO1	T>C	r2	r2=89.7%(n720), r3=56.4%(n140), r1=13.2%(n1064), r0=9.3%(n297)		True
EW5_P1	rnaKMeans	k4	12617	4	"{""r0"": 3903, ""r1"": 2489, ""r2"": 4383, ""r3"": 2351}"	74	22	14	0.783	0.0	7028.0	MT-CO1	T>C	r0	r0=85.3%(n893), r1=24.1%(n249), r3=10.2%(n141), r2=7.0%(n938)		True
EW5_P1	rnaKMeans	k6	12617	6	"{""r0"": 1275, ""r1"": 3605, ""r2"": 3173, ""r3"": 915, ""r4"": 3262, ""r5"": 896}"	74	22	14	0.6706	0.0	5120.0	MT-ND2	A>G	r3	r3=69.3%(n164), r1=52.8%(n599), r5=6.6%(n360), r0=3.5%(n468)		True
EW4_L6	rnaKMeans	k6	11274	6	"{""r0"": 1199, ""r1"": 1595, ""r2"": 1207, ""r3"": 1704, ""r4"": 3303, ""r5"": 2820}"	244	67	14	0.4397	0.0	12612.0	MT-ND5	G>A	r2	r2=49.6%(n103), r1=38.6%(n138), r0=37.6%(n75), r5=32.2%(n160)		True
EW5_P1	rnaWard	k8	12617	8	"{""r0"": 2238, ""r1"": 3275, ""r2"": 3095, ""r3"": 841, ""r4"": 553, ""r5"": 1040, ""r6"": 1528, ""r7"": 556}"	74	24	12	0.7762	0.0	7805.0	MT-CO2	G>A	r4	r4=79.5%(n124), r0=69.4%(n414), r6=66.1%(n370), r5=8.2%(n690)		True
EW5_P1	rnaKMeans	k8	12617	8	"{""r0"": 745, ""r1"": 1697, ""r2"": 2086, ""r3"": 3124, ""r4"": 1708, ""r5"": 1243, ""r6"": 678, ""r7"": 1845}"	74	21	12	0.6728	0.0	5120.0	MT-ND2	A>G	r6	r6=69.4%(n127), r2=61.7%(n275), r7=45.4%(n388), r0=5.8%(n305)		True
EW5_P1	rnaWard	k6	12617	6	"{""r0"": 3766, ""r1"": 3831, ""r2"": 3095, ""r3"": 841, ""r4"": 553, ""r5"": 1040}"	74	21	11	0.7755	0.0	7805.0	MT-CO2	G>A	r4	r4=79.6%(n124), r0=67.8%(n784), r5=8.2%(n690), r3=5.5%(n412)		True
EW4_L3	rnaWard	k2	11582	2	"{""r0"": 7171, ""r1"": 5215}"	55	13	8	0.452	0.0	3699.0	MT-ND1	C>G	r1	r1=47.7%(n1970), r0=2.5%(n2301)		True
EW4_L3	rnaWard	k6	11582	6	"{""r0"": 2741, ""r1"": 637, ""r2"": 3793, ""r3"": 3057, ""r4"": 791, ""r5"": 1367}"	55	11	6	0.5177	0.0	3699.0	MT-ND1	C>G	r3	r3=53.9%(n1081), r5=47.8%(n463), r4=34.9%(n426), r0=3.6%(n576)		True
EW4_L3	rnaKMeans	k2	11582	2	"{""r0"": 5051, ""r1"": 7335}"	55	10	6	0.4018	0.0	3699.0	MT-ND1	C>G	r0	r0=44.4%(n1858), r1=4.2%(n2413)		True
EW4_L1	rnaKMeans	k8	11172	8	"{""r0"": 1413, ""r1"": 863, ""r2"": 2761, ""r3"": 1632, ""r4"": 1660, ""r5"": 1941, ""r6"": 1603, ""r7"": 453}"	52	8	5	0.6562	0.0	4745.0	MT-ND2	A>G	r1	r1=82.4%(n112), r5=77.7%(n246), r7=26.7%(n109), r6=25.1%(n276)		True
EW4_L3	rnaKMeans	k6	11582	6	"{""r0"": 4194, ""r1"": 1532, ""r2"": 1139, ""r3"": 462, ""r4"": 1801, ""r5"": 3258}"	55	9	5	0.4924	0.0	3699.0	MT-ND1	C>G	r5	r5=52.3%(n1215), r1=48.0%(n522), r2=10.7%(n304), r3=4.4%(n183)		True
EW4_L3	rnaKMeans	k4	11582	4	"{""r0"": 503, ""r1"": 4226, ""r2"": 2878, ""r3"": 4779}"	55	9	5	0.4721	0.0	3699.0	MT-ND1	C>G	r3	r3=51.2%(n1728), r0=5.6%(n195), r2=5.2%(n638), r1=4.0%(n1710)		True
EW4_L6	rnaWard	k4	11274	4	"{""r0"": 5426, ""r1"": 1908, ""r2"": 3623, ""r3"": 871}"	244	66	5	0.3714	0.0	3699.0	MT-ND1	G>C	r3	r3=43.0%(n85), r1=34.9%(n140), r2=31.6%(n229), r0=5.9%(n971)		True
EW4_L1	rnaWard	k8	11172	8	"{""r0"": 402, ""r1"": 2128, ""r2"": 3067, ""r3"": 1826, ""r4"": 2523, ""r5"": 887, ""r6"": 857, ""r7"": 636}"	52	7	4	0.6743	0.0	4745.0	MT-ND2	A>G	r5	r5=83.7%(n122), r3=78.5%(n217), r6=29.9%(n238), r0=26.2%(n111)		True
EW4_L1	rnaWard	k6	11172	6	"{""r0"": 3924, ""r1"": 402, ""r2"": 3159, ""r3"": 1826, ""r4"": 2128, ""r5"": 887}"	52	7	4	0.6347	0.0	4745.0	MT-ND2	A>G	r5	r5=83.8%(n122), r3=78.5%(n217), r1=26.2%(n111), r4=22.1%(n369)		True
EW4_L1	rnaKMeans	k4	11172	4	"{""r0"": 2886, ""r1"": 2926, ""r2"": 3382, ""r3"": 3132}"	52	7	4	0.5486	0.0	8598.0	MT-ATP6	T>C	r2	r2=64.1%(n635), r3=12.5%(n612), r0=11.1%(n372), r1=9.2%(n520)		True
EW4_L3	rnaWard	k8	11582	8	"{""r0"": 3793, ""r1"": 3057, ""r2"": 464, ""r3"": 1721, ""r4"": 791, ""r5"": 1367, ""r6"": 1020, ""r7"": 173}"	55	8	4	0.521	0.0	3699.0	MT-ND1	C>G	r1	r1=53.9%(n1081), r5=47.8%(n463), r4=34.9%(n426), r6=4.2%(n240)		True
EW4_L3	rnaKMeans	k8	11582	8	"{""r0"": 696, ""r1"": 3144, ""r2"": 2964, ""r3"": 1795, ""r4"": 1021, ""r5"": 1471, ""r6"": 444, ""r7"": 851}"	55	8	4	0.5132	0.0	3699.0	MT-ND1	C>G	r2	r2=53.6%(n1064), r5=47.9%(n495), r0=36.2%(n370), r6=4.4%(n176)		True
EW4_L1	rnaKMeans	k6	11172	6	"{""r0"": 2822, ""r1"": 863, ""r2"": 3012, ""r3"": 518, ""r4"": 3164, ""r5"": 1947}"	52	6	3	0.6262	0.0	4745.0	MT-ND2	A>G	r1	r1=82.5%(n112), r5=77.7%(n246), r3=27.3%(n121), r0=20.4%(n538)		True
EW4_L1	rnaWard	k4	11172	4	"{""r0"": 6052, ""r1"": 2713, ""r2"": 3159, ""r3"": 402}"	52	6	3	0.6014	0.0	4745.0	MT-ND2	A>G	r1	r1=80.5%(n339), r3=26.2%(n111), r0=21.1%(n1207), r2=20.3%(n593)		True
EW4_L1	rnaWard	k2	11172	2	"{""r0"": 9613, ""r1"": 2713}"	52	6	3	0.5931	0.0	4745.0	MT-ND2	A>G	r1	r1=80.5%(n339), r0=21.2%(n1911)		True
EW4_L1	rnaKMeans	k2	11172	2	"{""r0"": 9383, ""r1"": 2943}"	52	6	3	0.4995	0.0	4745.0	MT-ND2	A>G	r1	r1=70.0%(n413), r0=20.1%(n1837)		True
EW4_L3	rnaWard	k4	11582	4	"{""r0"": 5215, ""r1"": 2741, ""r2"": 3793, ""r3"": 637}"	55	8	3	0.4556	0.0	3699.0	MT-ND1	C>G	r0	r0=47.7%(n1970), r1=3.6%(n576), r3=2.4%(n231), r2=2.1%(n1494)		True
EW4_L6	rnaKMeans	k8	11274	8	"{""r0"": 1530, ""r1"": 2631, ""r2"": 2887, ""r3"": 1675, ""r4"": 1190, ""r5"": 506, ""r6"": 762, ""r7"": 647}"	244	67	0	0.0	0.0							True
EW4_L6	rnaWard	k6	11274	6	"{""r0"": 5100, ""r1"": 871, ""r2"": 3623, ""r3"": 874, ""r4"": 326, ""r5"": 1034}"	244	65	0	0.0	0.0							True
EW4_L6	rnaWard	k8	11274	8	"{""r0"": 3623, ""r1"": 871, ""r2"": 2900, ""r3"": 874, ""r4"": 326, ""r5"": 1034, ""r6"": 1267, ""r7"": 933}"	244	65	0	0.0	0.0							True
EW_3_Mo	rnaKMeans	k2	8782	2	"{""r0"": 5583, ""r1"": 4090}"	4	3	0	0.0	0.0							True
EW_3_Mo	rnaKMeans	k4	8782	4	"{""r0"": 2905, ""r1"": 2469, ""r2"": 3072, ""r3"": 1227}"	4	3	0	0.0	0.0							True
EW_3_Mo	rnaKMeans	k6	8782	6	"{""r0"": 1722, ""r1"": 2425, ""r2"": 1492, ""r3"": 1130, ""r4"": 1434, ""r5"": 1470}"	4	3	0	0.0	0.0							True
EW_3_Mo	rnaKMeans	k8	8782	8	"{""r0"": 534, ""r1"": 1257, ""r2"": 1640, ""r3"": 1695, ""r4"": 1393, ""r5"": 659, ""r6"": 1053, ""r7"": 1442}"	4	3	0	0.0	0.0							True
EW_3_Mo	rnaWard	k2	8782	2	"{""r0"": 5395, ""r1"": 4278}"	4	3	0	0.0	0.0							True
EW_3_Mo	rnaWard	k4	8782	4	"{""r0"": 2900, ""r1"": 1567, ""r2"": 2495, ""r3"": 2711}"	4	3	0	0.0	0.0							True
EW_3_Mo	rnaWard	k6	8782	6	"{""r0"": 888, ""r1"": 2711, ""r2"": 2495, ""r3"": 1199, ""r4"": 1701, ""r5"": 679}"	4	3	0	0.0	0.0							True
EW_3_Mo	rnaWard	k8	8782	8	"{""r0"": 2495, ""r1"": 1199, ""r2"": 679, ""r3"": 1142, ""r4"": 1701, ""r5"": 1569, ""r6"": 365, ""r7"": 523}"	4	3	0	0.0	0.0							True
EW_1_Mo	rnaKMeans	k2	10263	2	"{""r0"": 7454, ""r1"": 4625}"	3	1	0	0.0	0.0							True
EW_1_Mo	rnaKMeans	k4	10263	4	"{""r0"": 827, ""r1"": 4549, ""r2"": 2770, ""r3"": 3933}"	3	1	0	0.0	0.0							True
EW_1_Mo	rnaKMeans	k6	10263	6	"{""r0"": 1897, ""r1"": 3874, ""r2"": 686, ""r3"": 1494, ""r4"": 1341, ""r5"": 2787}"	3	1	0	0.0	0.0							True
EW_1_Mo	rnaKMeans	k8	10263	8	"{""r0"": 635, ""r1"": 1975, ""r2"": 1327, ""r3"": 586, ""r4"": 1640, ""r5"": 2043, ""r6"": 1483, ""r7"": 2390}"	3	1	0	0.0	0.0							True
EW_1_Mo	rnaWard	k2	10263	2	"{""r0"": 7344, ""r1"": 4735}"	3	1	0	0.0	0.0							True
EW_1_Mo	rnaWard	k4	10263	4	"{""r0"": 4453, ""r1"": 3935, ""r2"": 2891, ""r3"": 800}"	3	1	0	0.0	0.0							True
EW_1_Mo	rnaWard	k6	10263	6	"{""r0"": 2891, ""r1"": 3935, ""r2"": 2501, ""r3"": 800, ""r4"": 1294, ""r5"": 658}"	3	1	0	0.0	0.0							True
EW_1_Mo	rnaWard	k8	10263	8	"{""r0"": 3935, ""r1"": 1294, ""r2"": 1207, ""r3"": 800, ""r4"": 1566, ""r5"": 658, ""r6"": 1684, ""r7"": 935}"	3	1	0	0.0	0.0							True
