pos,owner,alt,ref,partition_vaf,random_vaf,partition_callable,random_callable
182,RCC104,T,C,0.9773323448905109,0.05194902548725637,True,True
479,RCC104,G,A,0.9844299042772324,0.051041925080625154,True,True
548,RCC116,T,C,1.0,0.04249428193090165,True,True
729,RCC119,C,T,1.0,0.03937251984126984,True,True
980,RCC86,C,T,1.0,0.0488657683779635,True,True
1119,RCC114,C,T,0.9939700130378097,0.04959016393442623,True,True
1694,RCC112,C,T,1.0,0.05405405405405406,True,True
2361,RCC94,A,G,1.0,0.044642857142857144,True,True
3010,RCC120,A,G,0.9908673894912428,0.038461538461538464,True,True
3144,RCC86,G,A,1.0,0.049586776859504134,True,True
3316,RCC94,A,G,1.0,0.04195804195804196,True,True
3338,RCC104,C,T,0.9859154929577465,0.05198147195059187,True,True
3435,RCC114,T,C,0.9884033613445378,0.053621849170902,True,True
3497,RCC114,T,C,0.9933103633434759,0.049123411799468136,True,True
3571,RCC114,T,C,0.9935894801725909,0.05283094098883573,True,True
3606,RCC119,G,A,1.0,0.03906488433131905,True,True
3645,RCC116,C,T,1.0,0.04340048954999058,True,True
4079,RCC94,G,A,1.0,0.041500206640033066,True,True
4137,RCC112,T,C,1.0,0.04959016393442623,True,True
4850,RCC119,T,C,1.0,0.04,True,True
4883,RCC120,T,C,1.0,0.04032258064516129,True,True
5178,RCC120,A,C,1.0,0.04132231404958678,True,True
5442,RCC119,C,T,1.0,0.041666666666666664,True,True
5465,RCC113,C,T,0.9879021264994547,0.04424778761061947,True,True
5894,RCC94,G,A,0.990909090909091,0.04310344827586207,True,True
6125,RCC86,G,A,1.0,0.05194902548725637,True,True
6293,RCC115,C,T,1.0,0.041237600377893244,True,True
6713,RCC115,T,C,0.9907832144070676,0.04115296030348191,True,True
7269,RCC115,A,G,1.0,0.04115296030348191,True,True
7444,RCC119,A,G,1.0,0.0423728813559322,True,True
8227,RCC94,C,T,0.9918365986938558,0.04433400718778077,True,True
8414,RCC120,T,C,1.0,0.03968253968253968,True,True
8557,RCC120,A,G,0.9954954954954955,0.04201680672268908,True,True
8598,RCC94,C,T,1.0,0.04386302424009234,True,True
8614,RCC87,C,T,1.0,0.049475524475524474,True,True
9548,RCC116,A,G,1.0,0.04705954724409449,True,True
9668,RCC116,T,C,1.0,0.045804195804195806,True,True
9722,RCC115,C,T,1.0,0.04201680672268908,True,True
10005,RCC84,G,A,0.9840634920634921,0.05021711724331139,True,True
10034,RCC96,C,T,1.0,0.05405405405405406,True,True
10211,RCC116,T,C,1.0,0.044346116027531954,True,True
11002,RCC104,G,A,0.9859147944254327,0.05128205128205128,True,True
11929,RCC81,C,T,1.0,0.09421848739495799,True,True
11969,RCC116,A,G,1.0,0.04641025641025641,True,True
12091,RCC119,C,T,1.0,0.04219484403931064,True,True
12618,RCC104,A,G,0.9842509920634921,0.05354217854217855,True,True
13332,RCC104,T,C,0.9836710210610504,0.04961608346521306,True,True
14002,RCC84,G,A,0.9856115107913669,0.050337088819510434,True,True
14152,RCC87,G,A,1.0,0.04762204724409449,True,True
15236,RCC119,G,A,1.0,0.04118145845110231,True,True
16104,RCC94,T,C,0.9913786696395392,0.04566305254378649,True,True
16111,RCC94,T,C,1.0,0.045871559633027525,True,True
16136,RCC113,C,T,0.9915610311921379,0.044444444444444446,True,True
16140,RCC114,C,T,0.993355408388521,0.04940363242071022,True,True
16162,RCC116,G,A,1.0,0.04282831988261189,True,True
16209,RCC87,C,T,1.0,0.0520609824957651,True,True
16235,RCC94,G,A,1.0,0.043668954996186116,True,True
16258,RCC86,G,A,0.996969696969697,0.04780952380952381,True,True
16311,RCC116,C,T,1.0,0.049383552364178296,True,True
16319,RCC112,A,G,1.0,0.051510685335298456,True,True
16320,RCC116,T,C,1.0,0.04762204724409449,True,True
16324,RCC104,C,T,0.9870537958773253,0.05107215299913069,True,True
16400,RCC115,T,C,1.0,0.03970881951014402,True,True
16465,RCC96,T,C,0.9952168949771689,0.05668109100445843,True,True
